round,active_ordinary_count,active_anomaly_count,avg_ordinary_tokens,avg_anomaly_tokens,test_loss_offline,test_acc_offline,test_macro_f1_offline,test_macro_recall_offline,test_macro_precision_offline,test_micro_f1_offline,test_micro_recall_offline,test_micro_precision_offline,test_weighted_f1_offline,test_weighted_recall_offline,test_weighted_precision_offline,test_loss_online,test_acc_online,test_macro_f1_online,test_macro_recall_online,test_macro_precision_online,test_micro_f1_online,test_micro_recall_online,test_micro_precision_online,test_weighted_f1_online,test_weighted_recall_online,test_weighted_precision_online,test_loss_offline_backdoor,test_acc_offline_backdoor,test_macro_f1_offline_backdoor,test_macro_recall_offline_backdoor,test_macro_precision_offline_backdoor,test_micro_f1_offline_backdoor,test_micro_recall_offline_backdoor,test_micro_precision_offline_backdoor,test_weighted_f1_offline_backdoor,test_weighted_recall_offline_backdoor,test_weighted_precision_offline_backdoor,test_loss_online_backdoor,test_acc_online_backdoor,test_macro_f1_online_backdoor,test_macro_recall_online_backdoor,test_macro_precision_online_backdoor,test_micro_f1_online_backdoor,test_micro_recall_online_backdoor,test_micro_precision_online_backdoor,test_weighted_f1_online_backdoor,test_weighted_recall_online_backdoor,test_weighted_precision_online_backdoor
0,90,10,2000.0,2000.0,2.4903953,0.0875,0.04501032790110512,0.0875,0.06362300453788708,0.0875,0.0875,0.0875,0.04501032790110512,0.0875,0.06362300453788708,2.2188094,0.1839,0.1504212489625651,0.1839,0.22917768743122782,0.1839,0.1839,0.1839,0.15042124896256512,0.1839,0.2291776874312278,2.5013216,0.0851,0.04240094513983551,0.0851,0.07301850782968514,0.0851,0.0851,0.0851,0.04240094513983551,0.0851,0.07301850782968514,2.2134519,0.1792,0.17486072940339978,0.1792,0.1956941969420855,0.1792,0.1792,0.1792,0.1748607294033998,0.1792,0.1956941969420855
1,90,10,2000.1488672461378,1998.6601947847594,2.2029126,0.2201,0.21750041740966716,0.22010000000000002,0.25956796899273016,0.2201,0.2201,0.2201,0.21750041740966716,0.2201,0.25956796899273016,0.9631323,0.7688,0.7700581021381201,0.7687999999999999,0.7758100361619575,0.7688,0.7688,0.7688,0.7700581021381201,0.7688,0.7758100361619577,2.2099721,0.1826,0.15409045450948902,0.18259999999999998,0.2333965998566691,0.1826,0.1826,0.1826,0.15409045450948902,0.1826,0.23339659985666913,1.4430238,0.5824,0.5834951242688884,0.5824,0.6713718476761015,0.5824,0.5824,0.5824,0.5834951242688884,0.5824,0.6713718476761015
2,90,10,2002.7193980906766,1975.5254171839092,0.9019203,0.6895,0.6904656080174354,0.6895,0.6985998527395871,0.6895,0.6895,0.6895,0.6904656080174354,0.6895,0.698599852739587,0.87014943,0.7781,0.7789532856019352,0.7781,0.783893336658281,0.7781,0.7781,0.7781,0.7789532856019354,0.7781,0.7838933366582811,1.0144453,0.6332,0.6140238935815524,0.6332,0.6871300101421165,0.6332,0.6332,0.6332,0.6140238935815525,0.6332,0.6871300101421165,1.1024095,0.7227,0.7213187739418447,0.7227,0.7493654361950235,0.7226999999999999,0.7227,0.7227,0.7213187739418446,0.7227,0.7493654361950235
3,90,10,2003.383824130957,1969.54558282139,0.76335335,0.7395,0.7407945702226926,0.7394999999999999,0.7466557055419953,0.7395,0.7395,0.7395,0.7407945702226927,0.7395,0.7466557055419953,0.8120307,0.7921,0.7935347471050193,0.7920999999999999,0.7986545531760993,0.7921000000000001,0.7921,0.7921,0.7935347471050194,0.7921,0.7986545531760993,0.9286643,0.6684,0.647137907703821,0.6684000000000001,0.7252931090641592,0.6684,0.6684,0.6684,0.647137907703821,0.6684,0.7252931090641592,1.3777732,0.7147,0.7037659652267545,0.7146999999999999,0.7398330216831439,0.7147,0.7147,0.7147,0.7037659652267545,0.7147,0.7398330216831438
4,90,10,2003.8768062386105,1965.1087438525144,0.74585176,0.7409,0.7424805936418976,0.7409,0.7466624989714543,0.7409000000000001,0.7409,0.7409,0.7424805936418974,0.7409,0.7466624989714542,0.80153245,0.8017,0.8027302215692294,0.8017,0.806540696702718,0.8017,0.8017,0.8017,0.8027302215692291,0.8017,0.8065406967027179,1.0000453,0.6564,0.6322925797011324,0.6564,0.7197537387596447,0.6564,0.6564,0.6564,0.6322925797011324,0.6564,0.7197537387596448,1.3051933,0.7406,0.730946012604225,0.7405999999999999,0.7678800259403659,0.7405999999999999,0.7406,0.7406,0.7309460126042251,0.7406,0.7678800259403658
5,90,10,2004.4321012592027,1960.1110886671934,0.72115695,0.7503,0.7516378568594271,0.7503,0.7566948070016841,0.7503,0.7503,0.7503,0.7516378568594271,0.7503,0.756694807001684,0.79839236,0.8045,0.8050448288459686,0.8045,0.806910914230899,0.8044999999999999,0.8045,0.8045,0.8050448288459686,0.8045,0.8069109142308991,0.85369617,0.7081,0.6938786117688395,0.7081,0.7380256528409948,0.7081,0.7081,0.7081,0.6938786117688395,0.7081,0.7380256528409949,1.1896055,0.7394,0.733120159323632,0.7394000000000001,0.7708353903555057,0.7394,0.7394,0.7394,0.7331201593236318,0.7394,0.7708353903555056
6,90,10,2005.2398876734883,1952.8410109386346,0.69213295,0.7606,0.7611315887317524,0.7605999999999999,0.7643814065817482,0.7606,0.7606,0.7606,0.7611315887317526,0.7606,0.7643814065817481,0.7868424,0.8041,0.8047499756258414,0.8041,0.8077435688897168,0.8041000000000001,0.8041,0.8041,0.8047499756258414,0.8041,0.8077435688897167,0.8714539,0.7048,0.6918292001672726,0.7048,0.7427614350180818,0.7048,0.7048,0.7048,0.6918292001672727,0.7048,0.7427614350180819,1.1737773,0.7258,0.7198103997275747,0.7258000000000001,0.7670695025628156,0.7258000000000001,0.7258,0.7258,0.7198103997275748,0.7258,0.7670695025628156
7,90,10,2005.6216429968802,1949.4052130281082,0.7011249,0.7559,0.7570547306957482,0.7559,0.7591157812992081,0.7559000000000001,0.7559,0.7559,0.7570547306957481,0.7559,0.759115781299208,0.7812838,0.8024,0.8030803331831491,0.8024000000000001,0.805786923410659,0.8024,0.8024,0.8024,0.803080333183149,0.8024,0.8057869234106589,0.88584787,0.6827,0.6693777008173789,0.6827,0.727926126481867,0.6827,0.6827,0.6827,0.6693777008173787,0.6827,0.727926126481867,1.0591671,0.7417,0.7384630167843296,0.7417,0.7761612676671736,0.7417,0.7417,0.7417,0.7384630167843296,0.7417,0.7761612676671734
8,90,10,2006.4317909394845,1942.1138815446768,0.7263771,0.7457,0.7457980769818887,0.7457,0.7497523339348265,0.7457,0.7457,0.7457,0.7457980769818887,0.7457,0.7497523339348265,0.75978625,0.8077,0.8081295888027483,0.8077,0.8108823733244481,0.8077,0.8077,0.8077,0.8081295888027484,0.8077,0.8108823733244483,0.8439316,0.7016,0.6975868625781889,0.7016,0.7310995539984568,0.7016,0.7016,0.7016,0.6975868625781889,0.7016,0.7310995539984567,0.9064955,0.7777,0.7762320924067239,0.7777000000000001,0.788954979441465,0.7777,0.7777,0.7777,0.7762320924067239,0.7777,0.7889549794414649
9,90,10,2007.0625940144046,1936.436653870414,0.69825,0.7575,0.7586380588876229,0.7575,0.7617318019066123,0.7575,0.7575,0.7575,0.758638058887623,0.7575,0.7617318019066124,0.7682051,0.8108,0.8114926631509579,0.8108000000000001,0.8146703864554293,0.8108,0.8108,0.8108,0.8114926631509578,0.8108,0.8146703864554296,0.7679974,0.7325,0.7277965622556412,0.7325,0.74552709680055,0.7325,0.7325,0.7325,0.7277965622556412,0.7325,0.7455270968005501,1.0417829,0.7672,0.7653166465309217,0.7672,0.7851767892778863,0.7672,0.7672,0.7672,0.7653166465309217,0.7672,0.7851767892778863
10,90,10,2007.7820145219741,1929.9618693022844,0.6774234,0.768,0.769355404348491,0.768,0.7734638788234551,0.768,0.768,0.768,0.769355404348491,0.768,0.7734638788234551,0.7577732,0.811,0.812098555782304,0.8109999999999999,0.8158454614105285,0.811,0.811,0.811,0.8120985557823039,0.811,0.8158454614105288,0.7703525,0.7353,0.7319976753102476,0.7353,0.7570996816537837,0.7352999999999998,0.7353,0.7353,0.7319976753102477,0.7353,0.7570996816537837,0.9394019,0.7798,0.7783827917949726,0.7798,0.7918503299033745,0.7798,0.7798,0.7798,0.7783827917949727,0.7798,0.7918503299033745
11,90,10,2008.4705334523608,1923.7651989288206,0.68844306,0.7616,0.76380720025526,0.7616,0.7723149436264153,0.7616,0.7616,0.7616,0.76380720025526,0.7616,0.7723149436264152,0.77451855,0.8077,0.8092509208693908,0.8077,0.8143383607445436,0.8077,0.8077,0.8077,0.8092509208693909,0.8077,0.8143383607445436,0.74770516,0.7412,0.7382140886774388,0.7412,0.7565942281090903,0.7412,0.7412,0.7412,0.7382140886774387,0.7412,0.7565942281090904,0.9378561,0.7866,0.7868274629563697,0.7866,0.804815254367169,0.7866,0.7866,0.7866,0.7868274629563698,0.7866,0.8048152543671692
12,90,10,2008.932318014284,1919.6091378715184,0.6724381,0.768,0.76985479651411,0.768,0.7777411357425125,0.768,0.768,0.768,0.76985479651411,0.768,0.7777411357425126,0.7680095,0.8131,0.8145942902582706,0.8130999999999998,0.8187258161381363,0.8131,0.8131,0.8131,0.8145942902582705,0.8131,0.8187258161381362,0.82829255,0.7104,0.7083325086094142,0.7103999999999999,0.7636821049688521,0.7104,0.7104,0.7104,0.7083325086094142,0.7104,0.7636821049688521,0.8785959,0.8004,0.8008064799940972,0.8004,0.8105184534952746,0.8004,0.8004,0.8004,0.800806479994097,0.8004,0.8105184534952747
13,90,10,2009.3681741172513,1915.6864329448113,0.6651879,0.7713,0.7733878325276675,0.7713,0.7785749520306473,0.7713,0.7713,0.7713,0.7733878325276675,0.7713,0.7785749520306474,0.76052105,0.811,0.8127770806599841,0.8109999999999999,0.816570454104198,0.811,0.811,0.811,0.8127770806599842,0.811,0.8165704541041982,0.6953629,0.7586,0.7590959256548357,0.7586,0.7694797777059887,0.7586,0.7586,0.7586,0.7590959256548359,0.7586,0.7694797777059889,0.8968375,0.7957,0.7967854135093734,0.7957,0.8082462615543289,0.7956999999999999,0.7957,0.7957,0.7967854135093733,0.7957,0.8082462615543289
14,90,10,2009.7719282255925,1912.0526459697362,0.670919,0.7622,0.7644497137129845,0.7622000000000001,0.7699847232990882,0.7622,0.7622,0.7622,0.7644497137129845,0.7622,0.7699847232990882,0.7575242,0.8155,0.8162303743062214,0.8154999999999999,0.818338055802041,0.8155,0.8155,0.8155,0.8162303743062214,0.8155,0.8183380558020411,0.72351694,0.7433,0.7460698308380296,0.7433,0.7688004830101802,0.7433,0.7433,0.7433,0.7460698308380296,0.7433,0.7688004830101803,0.8290318,0.8055,0.8059653932055983,0.8055,0.8131250625798957,0.8054999999999999,0.8055,0.8055,0.8059653932055983,0.8055,0.8131250625798957
15,90,10,2010.2329297687797,1907.9036320810806,0.6500518,0.7767,0.7777030010716716,0.7767,0.7818634197090548,0.7767,0.7767,0.7767,0.7777030010716715,0.7767,0.7818634197090548,0.74432296,0.8182,0.8189890651815481,0.8182,0.8209084649581518,0.8182000000000001,0.8182,0.8182,0.8189890651815481,0.8182,0.8209084649581518,0.69796795,0.7632,0.7622554164484339,0.7632000000000001,0.7724734465269041,0.7632000000000001,0.7632,0.7632,0.7622554164484339,0.7632,0.7724734465269041,0.8617367,0.8076,0.8077530832546449,0.8076000000000001,0.8119938749175308,0.8076,0.8076,0.8076,0.8077530832546448,0.8076,0.8119938749175309
16,90,10,2010.7198493000408,1903.5213562997228,0.6439169,0.7785,0.7802541424619618,0.7785,0.7854598169535902,0.7785,0.7785,0.7785,0.7802541424619616,0.7785,0.7854598169535901,0.7352916,0.8215,0.822149198099203,0.8215,0.824045581387472,0.8215,0.8215,0.8215,0.8221491980992028,0.8215,0.8240455813874717,0.67602414,0.7645,0.7673226220751399,0.7645000000000001,0.7792308566582253,0.7645,0.7645,0.7645,0.7673226220751399,0.7645,0.7792308566582254,0.8670165,0.8022,0.8028774139797724,0.8022,0.8082961108567736,0.8021999999999999,0.8022,0.8022,0.8028774139797722,0.8022,0.8082961108567737
17,90,10,2011.1891766214676,1899.2974104068992,0.6621075,0.7685,0.7712847410573198,0.7685000000000001,0.7790268751060136,0.7685,0.7685,0.7685,0.7712847410573198,0.7685,0.7790268751060136,0.7440316,0.8172,0.8178453040753757,0.8171999999999999,0.8203091515214294,0.8172,0.8172,0.8172,0.8178453040753757,0.8172,0.8203091515214294,0.68567294,0.7582,0.7612226336297497,0.7582,0.7732585849700225,0.7582,0.7582,0.7582,0.7612226336297496,0.7582,0.7732585849700225,0.8440295,0.8103,0.808128897855523,0.8103,0.8089232981429019,0.8103,0.8103,0.8103,0.8081288978555232,0.8103,0.8089232981429018
18,90,10,2011.5847639208812,1895.737124712181,0.66457325,0.7648,0.7668228821064998,0.7647999999999999,0.7752371045924764,0.7648,0.7648,0.7648,0.7668228821064998,0.7648,0.7752371045924763,0.73745674,0.8173,0.817863966768865,0.8173,0.8195672435608564,0.8173,0.8173,0.8173,0.8178639667688649,0.8173,0.8195672435608563,0.656923,0.7762,0.775529226588925,0.7762,0.7771351940770759,0.7761999999999999,0.7762,0.7762,0.7755292265889251,0.7762,0.7771351940770758,0.86988544,0.807,0.8046089612646968,0.807,0.808220524750156,0.807,0.807,0.807,0.8046089612646969,0.807,0.8082205247501562
19,90,9,2012.0191320887923,1994.5216089503233,0.6574003,0.7763,0.7787101333751005,0.7763,0.7872437546428878,0.7763,0.7763,0.7763,0.7787101333751005,0.7763,0.7872437546428878,0.7564598,0.8174,0.8185305003794452,0.8173999999999999,0.8212813004077484,0.8174,0.8174,0.8174,0.8185305003794451,0.8174,0.8212813004077483,0.6742061,0.7691,0.7696339413421562,0.7691,0.7779688942552037,0.7691000000000001,0.7691,0.7691,0.7696339413421561,0.7691,0.7779688942552037,0.83483565,0.7978,0.7978380575057457,0.7978,0.8058921623722171,0.7978,0.7978,0.7978,0.7978380575057457,0.7978,0.8058921623722171
20,90,9,2012.0727585902364,1993.985343935889,0.64729285,0.7734,0.7752619563594889,0.7734000000000001,0.7799179472574451,0.7733999999999999,0.7734,0.7734,0.775261956359489,0.7734,0.7799179472574451,0.73564893,0.8229,0.823935234634488,0.8229000000000001,0.826642356083809,0.8229,0.8229,0.8229,0.8239352346344878,0.8229,0.826642356083809,0.6912098,0.7602,0.7593880726096469,0.7602,0.7713098638674818,0.7602,0.7602,0.7602,0.7593880726096469,0.7602,0.7713098638674819,0.82374424,0.8054,0.8035411581700522,0.8053999999999999,0.8082628762237845,0.8054,0.8054,0.8054,0.803541158170052,0.8054,0.8082628762237845
21,90,9,2012.0477257493935,1994.2356723443227,0.63786864,0.7749,0.7771674098681999,0.7748999999999999,0.7845391843424306,0.7748999999999999,0.7749,0.7749,0.7771674098681999,0.7749,0.7845391843424306,0.74722624,0.8194,0.8201046456952588,0.8194000000000001,0.8215850230130318,0.8194,0.8194,0.8194,0.8201046456952589,0.8194,0.8215850230130319,0.6608884,0.7718,0.7724890835546321,0.7718,0.7757214935882224,0.7718,0.7718,0.7718,0.7724890835546321,0.7718,0.7757214935882224,0.91776925,0.7911,0.7898050126064546,0.7911,0.7979335637218201,0.7911000000000001,0.7911,0.7911,0.7898050126064545,0.7911,0.7979335637218202
22,90,9,2012.2717634303747,1991.9952955345127,0.6484536,0.774,0.7748122380171165,0.774,0.7779931974822766,0.774,0.774,0.774,0.7748122380171165,0.774,0.7779931974822766,0.7532124,0.8217,0.8225652463323507,0.8217000000000001,0.8254161989336787,0.8217,0.8217,0.8217,0.822565246332351,0.8217,0.8254161989336786,0.7024188,0.7593,0.7560216679794313,0.7593,0.7681008813326515,0.7593,0.7593,0.7593,0.7560216679794314,0.7593,0.7681008813326514,0.9919332,0.7845,0.7798313350453827,0.7845000000000001,0.7978412500915494,0.7844999999999999,0.7845,0.7845,0.7798313350453827,0.7845,0.7978412500915493
23,90,9,2012.3317095447815,1991.3958343904726,0.64419526,0.776,0.7785914962724425,0.776,0.7840967283128659,0.776,0.776,0.776,0.7785914962724425,0.776,0.784096728312866,0.7374536,0.8218,0.8226152138114055,0.8218,0.8243108820415227,0.8217999999999999,0.8218,0.8218,0.8226152138114053,0.8218,0.8243108820415227,0.779445,0.7331,0.727024193871061,0.7331000000000001,0.7639389479561929,0.7331,0.7331,0.7331,0.7270241938710609,0.7331,0.7639389479561929,0.967685,0.7908,0.784118564786309,0.7908,0.8045926442928991,0.7908,0.7908,0.7908,0.784118564786309,0.7908,0.804592644292899
24,90,9,2012.3465587667947,1991.2473421703498,0.6429855,0.7783,0.7814908993634142,0.7783,0.789771000671908,0.7783000000000001,0.7783,0.7783,0.7814908993634142,0.7783,0.7897710006719081,0.725949,0.8277,0.8283809635927109,0.8277000000000001,0.8303598226390149,0.8277,0.8277,0.8277,0.8283809635927107,0.8277,0.830359822639015,0.70913565,0.7544,0.7503570573357174,0.7544000000000001,0.7700933471183584,0.7544,0.7544,0.7544,0.7503570573357173,0.7544,0.7700933471183583,0.95614374,0.7928,0.7873572131659966,0.7928,0.8053108246290881,0.7928,0.7928,0.7928,0.7873572131659965,0.7928,0.8053108246290882
25,90,9,2012.4311847202252,1990.4010826360407,0.62907946,0.7819,0.7833617025011727,0.7819,0.786098981979076,0.7819,0.7819,0.7819,0.7833617025011728,0.7819,0.786098981979076,0.74977726,0.8221,0.8229138023544156,0.8221,0.8246589031826282,0.8221,0.8221,0.8221,0.8229138023544156,0.8221,0.8246589031826282,0.7379403,0.7457,0.7387576822478465,0.7457,0.7670398209684249,0.7457,0.7457,0.7457,0.7387576822478467,0.7457,0.7670398209684248,0.9369735,0.7931,0.78854415253489,0.7930999999999999,0.8030775687691932,0.7931,0.7931,0.7931,0.78854415253489,0.7931,0.8030775687691933
26,90,9,2012.5751075906264,1988.9618539320409,0.6443542,0.7732,0.7751468177853764,0.7731999999999999,0.77949254177697,0.7732,0.7732,0.7732,0.7751468177853764,0.7732,0.77949254177697,0.7218795,0.8247,0.825553872120181,0.8247,0.8280013734292743,0.8247,0.8247,0.8247,0.825553872120181,0.8247,0.8280013734292743,0.76728576,0.7332,0.7267463562874426,0.7332000000000002,0.7683251232727928,0.7332000000000001,0.7332,0.7332,0.7267463562874426,0.7332,0.7683251232727927,0.92374265,0.7995,0.7957016373137811,0.7995,0.8061218236866401,0.7995,0.7995,0.7995,0.7957016373137811,0.7995,0.8061218236866402
27,90,9,2012.579377874781,1988.9191510905086,0.64499396,0.7766,0.779130165568853,0.7766,0.7844151400959737,0.7766000000000001,0.7766,0.7766,0.779130165568853,0.7766,0.7844151400959737,0.72677904,0.824,0.8247781204927419,0.8239999999999998,0.8268784885332074,0.824,0.824,0.824,0.824778120492742,0.824,0.8268784885332073,0.7706549,0.7367,0.7246589225494003,0.7367,0.7619887703769476,0.7367000000000001,0.7367,0.7367,0.7246589225494005,0.7367,0.7619887703769476,0.8993059,0.7962,0.7947870312521494,0.7962,0.8096022318018037,0.7962,0.7962,0.7962,0.7947870312521494,0.7962,0.8096022318018036
28,90,9,2012.638773534142,1988.3251944969024,0.6506972,0.7705,0.7723960606192601,0.7705,0.7781973046369234,0.7705,0.7705,0.7705,0.77239606061926,0.7705,0.7781973046369233,0.73028,0.8207,0.8211702051822634,0.8206999999999999,0.822601637675094,0.8207,0.8207,0.8207,0.8211702051822635,0.8207,0.8226016376750939,0.8274073,0.721,0.7153918623236111,0.721,0.7652684355711439,0.721,0.721,0.721,0.7153918623236111,0.721,0.7652684355711439,0.9568043,0.7901,0.7873059067484669,0.7900999999999999,0.8033358749548011,0.7901,0.7901,0.7901,0.7873059067484668,0.7901,0.8033358749548012
29,90,9,2012.7616007026454,1987.0969228118727,0.65206754,0.7746,0.7765508431227499,0.7746,0.7824478575252515,0.7746,0.7746,0.7746,0.7765508431227498,0.7746,0.7824478575252516,0.7246814,0.8208,0.8219311281261283,0.8208,0.8249226368437205,0.8208,0.8208,0.8208,0.8219311281261283,0.8208,0.8249226368437207,0.80850947,0.7269,0.7158063622746497,0.7269,0.757845644742729,0.7269,0.7269,0.7269,0.7158063622746498,0.7269,0.7578456447427291,0.91669434,0.7957,0.7950879137809228,0.7957,0.811741638995845,0.7956999999999999,0.7957,0.7957,0.7950879137809229,0.7957,0.811741638995845
30,90,9,2012.751282527292,1987.2001045654256,0.6294597,0.7801,0.7822039919983566,0.7801,0.7866329303387514,0.7801,0.7801,0.7801,0.7822039919983567,0.7801,0.7866329303387515,0.7270402,0.8214,0.82237341397246,0.8214,0.8261629062531937,0.8214,0.8214,0.8214,0.82237341397246,0.8214,0.8261629062531937,0.7730663,0.7414,0.7320245125378456,0.7414,0.7720592023029027,0.7414,0.7414,0.7414,0.7320245125378456,0.7414,0.7720592023029028,0.9286412,0.7998,0.7976235759539501,0.7998000000000001,0.8095640279265659,0.7998,0.7998,0.7998,0.7976235759539501,0.7998,0.8095640279265659
31,90,9,2012.7890196191927,1986.8227336464197,0.6194149,0.7835,0.7850188757121451,0.7834999999999999,0.7889197807810561,0.7835000000000001,0.7835,0.7835,0.785018875712145,0.7835,0.7889197807810561,0.71459883,0.8216,0.822608224286617,0.8216000000000001,0.8259332697702912,0.8215999999999999,0.8216,0.8216,0.8226082242866168,0.8216,0.8259332697702912,0.7828283,0.7399,0.7268125833467218,0.7398999999999999,0.7674433635160451,0.7399,0.7399,0.7399,0.7268125833467218,0.7399,0.7674433635160449,0.9759005,0.7995,0.7961521757578268,0.7995,0.8124401881193103,0.7995,0.7995,0.7995,0.7961521757578268,0.7995,0.8124401881193103
32,90,9,2012.8456849606982,1986.2560802313778,0.6312085,0.7816,0.7833492792867573,0.7816000000000001,0.7894555789054283,0.7816,0.7816,0.7816,0.7833492792867575,0.7816,0.7894555789054283,0.7154684,0.821,0.8221510614776442,0.8210000000000001,0.8253546372110684,0.821,0.821,0.821,0.8221510614776444,0.821,0.825354637211068,0.82801145,0.7283,0.7149231344508172,0.7283000000000001,0.7584078771313263,0.7283,0.7283,0.7283,0.7149231344508175,0.7283,0.7584078771313263,0.8588545,0.8011,0.8016780041094419,0.8010999999999999,0.8133954415485105,0.8011,0.8011,0.8011,0.8016780041094419,0.8011,0.8133954415485105
33,90,9,2012.8782858039847,1985.9300717985243,0.62869364,0.7834,0.7843816588179106,0.7834,0.788382664314238,0.7834,0.7834,0.7834,0.7843816588179107,0.7834,0.788382664314238,0.71655214,0.823,0.8243408919372023,0.8230000000000001,0.8278422294427064,0.823,0.823,0.823,0.8243408919372025,0.823,0.8278422294427064,0.81032395,0.7319,0.7241808325034718,0.7319,0.7697079517854484,0.7319,0.7319,0.7319,0.7241808325034718,0.7319,0.7697079517854484,0.91026914,0.8004,0.8003942582250406,0.8004,0.8119811869250848,0.8004,0.8004,0.8004,0.8003942582250407,0.8004,0.8119811869250847
34,90,9,2012.9218327271383,1985.4946025669835,0.62417185,0.7883,0.7897501673160903,0.7883,0.7924101122572376,0.7883,0.7883,0.7883,0.7897501673160902,0.7883,0.7924101122572376,0.71201324,0.8236,0.8245888500055785,0.8236000000000001,0.8275680963379075,0.8236,0.8236,0.8236,0.8245888500055784,0.8236,0.8275680963379076,0.70349216,0.7632,0.7638741822744295,0.7632,0.7833958282658722,0.7632000000000001,0.7632,0.7632,0.7638741822744296,0.7632,0.7833958282658722,0.8820311,0.8067,0.8054800745223808,0.8067,0.812944049359761,0.8067,0.8067,0.8067,0.8054800745223809,0.8067,0.812944049359761
35,90,9,2013.0283290037924,1984.4296398004553,0.6258292,0.783,0.7843042117076445,0.783,0.7879402377532342,0.7829999999999999,0.783,0.783,0.7843042117076445,0.783,0.7879402377532343,0.7249008,0.8223,0.8235776496415184,0.8222999999999999,0.8261210507058052,0.8223,0.8223,0.8223,0.8235776496415187,0.8223,0.8261210507058053,0.7054074,0.756,0.7542108363703145,0.756,0.7740518534288239,0.756,0.756,0.756,0.7542108363703144,0.756,0.7740518534288238,0.87242323,0.7968,0.7973160274705097,0.7968000000000001,0.8149281479204202,0.7968,0.7968,0.7968,0.7973160274705098,0.7968,0.8149281479204203
36,90,9,2013.0674186805882,1984.0387430325168,0.6410244,0.7795,0.7818503122250846,0.7795000000000001,0.7873945911581193,0.7795,0.7795,0.7795,0.7818503122250846,0.7795,0.7873945911581194,0.72882336,0.826,0.8269991259061257,0.826,0.8290078911203882,0.826,0.826,0.826,0.8269991259061257,0.826,0.8290078911203882,0.83281106,0.7229,0.7216356810436844,0.7228999999999999,0.7806116988047263,0.7229,0.7229,0.7229,0.7216356810436844,0.7229,0.7806116988047264,0.89115685,0.8011,0.8005654851530544,0.8011000000000001,0.8138070945789563,0.8011,0.8011,0.8011,0.8005654851530544,0.8011,0.8138070945789562
37,90,9,2013.097827107234,1983.7346587660609,0.6119351,0.7907,0.79336567053215,0.7907000000000001,0.7989813707424127,0.7907,0.7907,0.7907,0.79336567053215,0.7907,0.7989813707424127,0.7157597,0.8315,0.8319449064524027,0.8315000000000001,0.8336080814239144,0.8315,0.8315,0.8315,0.8319449064524026,0.8315,0.8336080814239145,0.7857103,0.7306,0.7282672861363421,0.7306,0.7737223280392642,0.7306,0.7306,0.7306,0.7282672861363421,0.7306,0.7737223280392641,0.9095717,0.7937,0.793020886488071,0.7937000000000001,0.8117548238872624,0.7937,0.7937,0.7937,0.7930208864880709,0.7937,0.8117548238872624
38,90,9,2013.1551322393987,1983.1616074444169,0.6210517,0.7866,0.7882487596260479,0.7865999999999999,0.7920447686934295,0.7866,0.7866,0.7866,0.7882487596260479,0.7866,0.7920447686934297,0.73231,0.8243,0.8254854947231175,0.8243,0.8285636393543759,0.8243,0.8243,0.8243,0.8254854947231175,0.8243,0.828563639354376,0.71633095,0.7526,0.7459340196914337,0.7525999999999999,0.7743927575181985,0.7526000000000002,0.7526,0.7526,0.7459340196914337,0.7526,0.7743927575181984,1.0445637,0.7813,0.7784901236762688,0.7813,0.8049472305149887,0.7813,0.7813,0.7813,0.7784901236762689,0.7813,0.8049472305149887
39,90,9,2013.1891524953144,1982.821404885276,0.62102395,0.784,0.7857938743268653,0.784,0.7899190652719843,0.7840000000000001,0.784,0.784,0.7857938743268653,0.784,0.7899190652719843,0.72490185,0.8289,0.8295479412890941,0.8289,0.8312429934090162,0.8289,0.8289,0.8289,0.8295479412890939,0.8289,0.831242993409016,0.7791001,0.7334,0.7288263658979406,0.7333999999999999,0.7738114777790421,0.7333999999999999,0.7334,0.7334,0.7288263658979407,0.7334,0.773811477779042,0.98846483,0.7922,0.7889748642058299,0.7922,0.8074714926955829,0.7922,0.7922,0.7922,0.78897486420583,0.7922,0.8074714926955828
40,90,9,2013.1730327929295,1982.982601909129,0.616064,0.7843,0.7860043599317544,0.7843,0.789456068146009,0.7843,0.7843,0.7843,0.7860043599317543,0.7843,0.789456068146009,0.72262305,0.8245,0.8251417125041376,0.8245000000000001,0.8271065007069722,0.8245,0.8245,0.8245,0.8251417125041375,0.8245,0.8271065007069721,0.7392515,0.7513,0.7411461999040369,0.7513,0.7702041319400058,0.7513,0.7513,0.7513,0.7411461999040369,0.7513,0.7702041319400057,0.91743654,0.7979,0.7938710994338647,0.7979,0.8067239580524393,0.7979,0.7979,0.7979,0.7938710994338648,0.7979,0.8067239580524393
41,90,9,2013.3201610940657,1981.511318897784,0.6372418,0.7811,0.7822526823000402,0.7811,0.7845662569315511,0.7811000000000001,0.7811,0.7811,0.7822526823000401,0.7811,0.7845662569315509,0.7103794,0.8291,0.8295941929142042,0.8291000000000001,0.8309895456625757,0.8291,0.8291,0.8291,0.8295941929142043,0.8291,0.8309895456625758,0.848709,0.7187,0.7066378780550158,0.7187,0.7632831911344303,0.7187,0.7187,0.7187,0.7066378780550159,0.7187,0.7632831911344304,0.94563603,0.796,0.7923928168325602,0.796,0.8091493907496948,0.796,0.796,0.796,0.7923928168325604,0.796,0.8091493907496948
42,90,9,2013.360267092747,1981.1102589109744,0.6079747,0.7905,0.7915285846141338,0.7905,0.794292797826936,0.7905,0.7905,0.7905,0.7915285846141339,0.7905,0.794292797826936,0.7365356,0.8244,0.8254168857015216,0.8244,0.8280970189197321,0.8244,0.8244,0.8244,0.8254168857015215,0.8244,0.828097018919732,0.74190885,0.7491,0.7406794793912448,0.7491,0.7728916572013218,0.7491,0.7491,0.7491,0.7406794793912447,0.7491,0.7728916572013219,0.9398487,0.8052,0.8024188198887655,0.8051999999999999,0.8125658411147164,0.8052000000000001,0.8052,0.8052,0.8024188198887656,0.8052,0.8125658411147164
43,90,9,2013.4463232727437,1980.2496971110147,0.63649386,0.7815,0.7841065148435064,0.7815000000000001,0.7890226058161194,0.7815,0.7815,0.7815,0.7841065148435064,0.7815,0.7890226058161195,0.69234705,0.8263,0.8272878476809001,0.8263,0.8299808817707808,0.8263,0.8263,0.8263,0.8272878476809001,0.8263,0.8299808817707808,0.772761,0.7482,0.7425654965435222,0.7482,0.768907705137087,0.7482,0.7482,0.7482,0.7425654965435224,0.7482,0.768907705137087,0.9585119,0.7925,0.7902103853181603,0.7925,0.8100327912294872,0.7925,0.7925,0.7925,0.7902103853181603,0.7925,0.8100327912294873
44,90,9,2013.6134358521767,1978.5785713166924,0.61954206,0.7856,0.7877947709802032,0.7856000000000001,0.7928801803755644,0.7856,0.7856,0.7856,0.7877947709802032,0.7856,0.7928801803755646,0.7209274,0.8282,0.8291412260104426,0.8282,0.8319590362917086,0.8282,0.8282,0.8282,0.8291412260104427,0.8282,0.8319590362917086,0.82701486,0.7283,0.7177024258361345,0.7283000000000001,0.7698241148962708,0.7283,0.7283,0.7283,0.7177024258361345,0.7283,0.7698241148962707,0.97468966,0.8006,0.7983717843482627,0.8006,0.8124277716400249,0.8006,0.8006,0.8006,0.7983717843482628,0.8006,0.8124277716400248
45,90,9,2013.7445227803883,1977.2677020345811,0.63975275,0.7818,0.7850159265826719,0.7818,0.7950318036829437,0.7818,0.7818,0.7818,0.785015926582672,0.7818,0.7950318036829436,0.72525823,0.8255,0.8263005752695127,0.8255000000000001,0.828175340917185,0.8255,0.8255,0.8255,0.8263005752695127,0.8255,0.828175340917185,0.78247976,0.7426,0.7349962708398228,0.7425999999999999,0.7751223310970385,0.7426,0.7426,0.7426,0.734996270839823,0.7426,0.7751223310970384,0.9717075,0.7994,0.7968467663538675,0.7994,0.8104361414118364,0.7994,0.7994,0.7994,0.7968467663538676,0.7994,0.8104361414118363
46,90,9,2013.8178595493187,1976.5343343452923,0.6211379,0.7881,0.7893084386653507,0.7881,0.7922451853274183,0.7881000000000001,0.7881,0.7881,0.7893084386653507,0.7881,0.7922451853274182,0.71145964,0.8264,0.8270421288157139,0.8263999999999999,0.8299446322968841,0.8264,0.8264,0.8264,0.827042128815714,0.8264,0.8299446322968841,0.7249063,0.7526,0.7456055446734324,0.7526,0.7699429829925468,0.7526000000000002,0.7526,0.7526,0.7456055446734323,0.7526,0.7699429829925469,0.88220686,0.8105,0.809995126003424,0.8104999999999999,0.8194762941216288,0.8105,0.8105,0.8105,0.809995126003424,0.8105,0.8194762941216288
47,90,9,2013.8894279472627,1975.8186503658592,0.6238513,0.7809,0.7840961770395329,0.7809000000000001,0.7937155732902077,0.7809,0.7809,0.7809,0.784096177039533,0.7809,0.7937155732902076,0.7199695,0.8251,0.8260843199764741,0.8251,0.8290835449366479,0.8251,0.8251,0.8251,0.826084319976474,0.8251,0.8290835449366477,0.6921642,0.7634,0.760332491116824,0.7634000000000001,0.7762648535333159,0.7634,0.7634,0.7634,0.760332491116824,0.7634,0.7762648535333159,0.9449426,0.8037,0.8021952877567818,0.8036999999999999,0.8137109987160306,0.8037000000000001,0.8037,0.8037,0.8021952877567817,0.8037,0.8137109987160306
48,90,9,2013.8752329486867,1975.9606003516299,0.6198233,0.7796,0.7824218328868667,0.7796000000000001,0.7882724402860938,0.7796,0.7796,0.7796,0.7824218328868667,0.7796,0.7882724402860938,0.7276229,0.8273,0.8281828495444442,0.8272999999999999,0.8321357282964048,0.8273,0.8273,0.8273,0.8281828495444442,0.8273,0.8321357282964047,0.70889944,0.761,0.754178101883699,0.7609999999999999,0.7759921071008761,0.761,0.761,0.761,0.7541781018836992,0.761,0.7759921071008762,0.9647269,0.7951,0.7918087324477818,0.7950999999999999,0.8091683202982516,0.7951,0.7951,0.7951,0.7918087324477818,0.7951,0.8091683202982515
49,90,9,2014.0749338973576,1973.9635908649389,0.62322694,0.7832,0.7850645272854831,0.7832,0.7888618801808374,0.7832,0.7832,0.7832,0.7850645272854831,0.7832,0.7888618801808374,0.72231233,0.8219,0.8228863240623958,0.8219,0.826008796206365,0.8219,0.8219,0.8219,0.8228863240623959,0.8219,0.8260087962063649,0.7858475,0.7426,0.7338692265575928,0.7425999999999999,0.7724764759036246,0.7426,0.7426,0.7426,0.7338692265575927,0.7426,0.7724764759036247,0.9821415,0.7911,0.7891593909030751,0.7910999999999999,0.8066622874061288,0.7911000000000001,0.7911,0.7911,0.789159390903075,0.7911,0.8066622874061287
50,90,9,2013.9923606840896,1974.78932299762,0.62638587,0.7825,0.7843494921673881,0.7825,0.7884944116013874,0.7825,0.7825,0.7825,0.7843494921673881,0.7825,0.7884944116013876,0.70719296,0.8254,0.8263108338214608,0.8253999999999999,0.8290633531366727,0.8254,0.8254,0.8254,0.8263108338214608,0.8254,0.8290633531366725,0.7765245,0.741,0.73315306616934,0.741,0.7740603363320726,0.7410000000000001,0.741,0.741,0.7331530661693398,0.741,0.7740603363320726,1.0153434,0.7924,0.7912521872662339,0.7924,0.8086975434306151,0.7924,0.7924,0.7924,0.7912521872662339,0.7924,0.8086975434306151
51,90,9,2014.0900484527251,1973.8124453112828,0.6158911,0.7832,0.7850071032704068,0.7831999999999999,0.7886742000584909,0.7832,0.7832,0.7832,0.7850071032704069,0.7832,0.7886742000584909,0.7014278,0.8251,0.8261539056951974,0.8251,0.8294817446804654,0.8251,0.8251,0.8251,0.8261539056951975,0.8251,0.8294817446804654,0.7586734,0.7414,0.7382014199915482,0.7414,0.7739018275861482,0.7414,0.7414,0.7414,0.7382014199915482,0.7414,0.7739018275861483,0.9543379,0.7976,0.7981031535986245,0.7976,0.811965883226431,0.7975999999999999,0.7976,0.7976,0.7981031535986244,0.7976,0.8119658832264309
52,90,9,2014.1834622074891,1972.8783077636347,0.6195881,0.7853,0.7877175354787812,0.7853000000000001,0.7936998277718387,0.7853,0.7853,0.7853,0.7877175354787812,0.7853,0.7936998277718387,0.7152805,0.8297,0.8303709075678954,0.8296999999999999,0.8333168635440877,0.8297,0.8297,0.8297,0.8303709075678954,0.8297,0.8333168635440877,0.731638,0.7453,0.7444774744840645,0.7453000000000001,0.7751376622383946,0.7453,0.7453,0.7453,0.7444774744840645,0.7453,0.7751376622383945,1.0275105,0.7925,0.7910191466364815,0.7924999999999999,0.8056360748911855,0.7925,0.7925,0.7925,0.7910191466364815,0.7925,0.8056360748911855
53,90,9,2014.3807805548468,1970.9051242900719,0.60581887,0.7893,0.7900410301214669,0.7893,0.7925748365632463,0.7892999999999999,0.7893,0.7893,0.7900410301214669,0.7893,0.7925748365632463,0.7047303,0.8287,0.8299225805156786,0.8286999999999999,0.8333668187751442,0.8287,0.8287,0.8287,0.8299225805156786,0.8287,0.8333668187751442,0.8011877,0.734,0.7208798989735232,0.734,0.7645453587143873,0.734,0.734,0.734,0.7208798989735232,0.734,0.7645453587143873,1.028582,0.7834,0.7823159265977102,0.7834000000000001,0.8051513830048671,0.7834,0.7834,0.7834,0.7823159265977103,0.7834,0.8051513830048672
54,90,9,2014.4144496278154,1970.5684335603942,0.6179946,0.7847,0.7867920246839193,0.7847,0.7919988064517668,0.7847,0.7847,0.7847,0.7867920246839194,0.7847,0.7919988064517669,0.7136799,0.8287,0.829809778217043,0.8287000000000001,0.8328790941764422,0.8287,0.8287,0.8287,0.8298097782170427,0.8287,0.8328790941764422,0.89881533,0.7074,0.7022783688260892,0.7074,0.766729329713398,0.7074,0.7074,0.7074,0.7022783688260891,0.7074,0.766729329713398,1.0192041,0.7903,0.7912964930937989,0.7903,0.8159415286987344,0.7903,0.7903,0.7903,0.7912964930937988,0.7903,0.8159415286987344
55,90,9,2014.5456694207555,1969.2562356310004,0.6068513,0.7888,0.7908022617970303,0.7888,0.7958968715524535,0.7888,0.7888,0.7888,0.7908022617970302,0.7888,0.7958968715524536,0.73246896,0.8258,0.826858830308554,0.8257999999999999,0.8300162474829401,0.8258000000000001,0.8258,0.8258,0.826858830308554,0.8258,0.83001624748294,0.71072894,0.7534,0.7554283723870097,0.7534000000000001,0.7870511228456767,0.7534,0.7534,0.7534,0.7554283723870097,0.7534,0.7870511228456768,1.0447212,0.7862,0.7850397409199515,0.7862,0.8077497918040129,0.7862,0.7862,0.7862,0.7850397409199515,0.7862,0.8077497918040131
56,90,9,2014.4894890557118,1969.8180392814522,0.59388924,0.7968,0.7980588347314078,0.7968,0.8007296305484587,0.7968,0.7968,0.7968,0.7980588347314078,0.7968,0.8007296305484588,0.71832025,0.832,0.8328936023323799,0.8320000000000001,0.8351321079034921,0.832,0.832,0.832,0.8328936023323799,0.832,0.8351321079034922,0.73045075,0.7519,0.7454532370863418,0.7519,0.7778973610311474,0.7519000000000001,0.7519,0.7519,0.7454532370863419,0.7519,0.7778973610311473,1.0433887,0.7914,0.7882385904505046,0.7914,0.8049275996932523,0.7914,0.7914,0.7914,0.7882385904505045,0.7914,0.8049275996932524
57,90,9,2014.5219040628283,1969.4938892102898,0.607413,0.7886,0.7918591477340498,0.7886,0.8003241212182571,0.7886,0.7886,0.7886,0.7918591477340496,0.7886,0.8003241212182572,0.7316591,0.8248,0.8254314958169944,0.8248,0.8266625456395351,0.8248,0.8248,0.8248,0.8254314958169945,0.8248,0.8266625456395351,0.7161796,0.7584,0.7565063416233033,0.7584,0.7841738497432293,0.7584000000000001,0.7584,0.7584,0.7565063416233032,0.7584,0.7841738497432295,1.0289197,0.7857,0.7842780034921708,0.7857000000000001,0.807914379414625,0.7857,0.7857,0.7857,0.7842780034921709,0.7857,0.8079143794146249
58,90,9,2014.5132990046675,1969.5799397919166,0.6122026,0.7886,0.7889189308174741,0.7886,0.7906454671661154,0.7886,0.7886,0.7886,0.7889189308174742,0.7886,0.7906454671661154,0.7175025,0.8278,0.8286826903014555,0.8277999999999999,0.8307022832306858,0.8278,0.8278,0.8278,0.8286826903014555,0.8278,0.8307022832306857,0.71810144,0.7535,0.7517513914693652,0.7535000000000001,0.7747364517147368,0.7535,0.7535,0.7535,0.7517513914693653,0.7535,0.7747364517147368,1.0213922,0.7857,0.7846464284961319,0.7857,0.8104842805471504,0.7857,0.7857,0.7857,0.784646428496132,0.7857,0.8104842805471504
59,90,9,2014.526694096808,1969.4459888705128,0.6147101,0.7835,0.7847096060677483,0.7835,0.7868200369974607,0.7835000000000001,0.7835,0.7835,0.7847096060677484,0.7835,0.7868200369974607,0.7137907,0.8268,0.8277083751552125,0.8268000000000001,0.8300583876923033,0.8267999999999999,0.8268,0.8268,0.8277083751552123,0.8268,0.8300583876923034,0.7564564,0.7421,0.7372739334779489,0.7421,0.7758397862281187,0.7420999999999999,0.7421,0.7421,0.7372739334779488,0.7421,0.7758397862281187,1.0167129,0.7861,0.7858016738941762,0.7861,0.8100789905462517,0.7861,0.7861,0.7861,0.7858016738941762,0.7861,0.8100789905462518
60,90,9,2014.713443073033,1967.5784991082737,0.6173651,0.7817,0.7855349887145102,0.7817000000000001,0.7960277969782009,0.7817,0.7817,0.7817,0.7855349887145102,0.7817,0.7960277969782009,0.71112156,0.8246,0.8259954796626147,0.8245999999999999,0.8300867092132241,0.8246,0.8246,0.8246,0.8259954796626146,0.8246,0.8300867092132241,0.7523202,0.7464,0.7463241734734337,0.7464000000000001,0.7828248857750021,0.7463999999999998,0.7464,0.7464,0.7463241734734337,0.7464,0.7828248857750021,0.9371047,0.7975,0.7970953372571138,0.7975000000000001,0.8104931144207737,0.7975,0.7975,0.7975,0.7970953372571139,0.7975,0.8104931144207737
61,90,9,2014.701957921515,1967.6933506234589,0.6084684,0.7913,0.7930816906134063,0.7913,0.7972230974302466,0.7913,0.7913,0.7913,0.7930816906134063,0.7913,0.7972230974302466,0.74159396,0.8236,0.8251316103915121,0.8236000000000001,0.8296487252250913,0.8236,0.8236,0.8236,0.8251316103915122,0.8236,0.8296487252250913,0.7295088,0.7519,0.7440638548858868,0.7518999999999999,0.7702881970871186,0.7519000000000001,0.7519,0.7519,0.7440638548858868,0.7519,0.7702881970871186,1.0299252,0.7902,0.7870304349201471,0.7902,0.8038676889574331,0.7902,0.7902,0.7902,0.7870304349201472,0.7902,0.8038676889574331
62,90,9,2014.7350255377194,1967.3626744614182,0.6389402,0.7762,0.7789709663311886,0.7762,0.7855713477413617,0.7761999999999999,0.7762,0.7762,0.7789709663311886,0.7762,0.7855713477413618,0.73222834,0.8252,0.8261495016687341,0.8251999999999999,0.8286414157140735,0.8252,0.8252,0.8252,0.826149501668734,0.8252,0.8286414157140735,0.82653886,0.72,0.7157867672713798,0.72,0.7593400562765414,0.72,0.72,0.72,0.7157867672713797,0.72,0.7593400562765414,1.0192964,0.7914,0.7900482609711039,0.7914,0.8027865280766722,0.7914,0.7914,0.7914,0.790048260971104,0.7914,0.8027865280766722
63,90,9,2014.7339356949617,1967.3735728890206,0.6041801,0.7891,0.790964759155674,0.7891,0.7952218822798194,0.7891,0.7891,0.7891,0.790964759155674,0.7891,0.7952218822798194,0.7367413,0.8295,0.8304833813661672,0.8295,0.8326969261355941,0.8295,0.8295,0.8295,0.8304833813661672,0.8295,0.832696926135594,0.85969573,0.7187,0.7068744754908465,0.7187,0.7534050541955538,0.7187,0.7187,0.7187,0.7068744754908466,0.7187,0.7534050541955538,1.0519451,0.7917,0.7898365872611509,0.7917,0.8035976315204423,0.7917,0.7917,0.7917,0.7898365872611509,0.7917,0.8035976315204423
64,90,9,2014.8768912226349,1965.9440176122876,0.618826,0.7846,0.7872993990153712,0.7846,0.7934698773790473,0.7846,0.7846,0.7846,0.7872993990153712,0.7846,0.7934698773790472,0.7191433,0.8277,0.8283527568567368,0.8276999999999999,0.8303770263029326,0.8277,0.8277,0.8277,0.8283527568567368,0.8277,0.8303770263029328,0.8005758,0.7399,0.7268789180741597,0.7399,0.7638474983316204,0.7399,0.7399,0.7399,0.7268789180741598,0.7399,0.7638474983316205,0.9900612,0.7894,0.7880615567803451,0.7894000000000001,0.8059636924868165,0.7894,0.7894,0.7894,0.7880615567803451,0.7894,0.8059636924868165
65,90,9,2014.975414890017,1964.9587809384693,0.6004717,0.7917,0.7936711449682332,0.7917,0.797465037564911,0.7917,0.7917,0.7917,0.7936711449682333,0.7917,0.7974650375649112,0.73308164,0.8265,0.8275274603780263,0.8264999999999999,0.8295602082554628,0.8265,0.8265,0.8265,0.8275274603780263,0.8265,0.829560208255463,0.7765284,0.7353,0.7281553092607463,0.7353000000000001,0.7632571371720707,0.7352999999999998,0.7353,0.7353,0.7281553092607463,0.7353,0.7632571371720707,1.0637794,0.7797,0.777961717060825,0.7797000000000001,0.7979581469309118,0.7797,0.7797,0.7797,0.777961717060825,0.7797,0.7979581469309117
66,90,9,2015.0408376544249,1964.3045532944031,0.6440735,0.7801,0.7829057262378447,0.7801000000000001,0.7888895183457288,0.7801,0.7801,0.7801,0.7829057262378446,0.7801,0.7888895183457288,0.72828895,0.8239,0.824903033016495,0.8239000000000001,0.827342072354124,0.8239000000000001,0.8239,0.8239,0.8249030330164949,0.8239,0.8273420723541242,0.90956604,0.7066,0.6945235234745815,0.7066,0.7540113285565739,0.7066,0.7066,0.7066,0.6945235234745816,0.7066,0.754011328556574,1.0625688,0.7874,0.7841395665725898,0.7874000000000001,0.8049948962907922,0.7874,0.7874,0.7874,0.7841395665725899,0.7874,0.8049948962907922
67,90,9,2015.067573728869,1964.0371925499571,0.61651385,0.7893,0.7901942816825703,0.7893000000000001,0.7922783423621665,0.7892999999999999,0.7893,0.7893,0.7901942816825702,0.7893,0.7922783423621667,0.71477664,0.8312,0.8322635849989337,0.8311999999999999,0.8352565853335843,0.8312,0.8312,0.8312,0.8322635849989336,0.8312,0.8352565853335844,0.7980741,0.7327,0.7259106158888067,0.7327,0.7700153144639682,0.7327,0.7327,0.7327,0.7259106158888069,0.7327,0.7700153144639681,1.1339383,0.7715,0.7693151088867187,0.7715,0.8044469144230103,0.7715000000000001,0.7715,0.7715,0.7693151088867186,0.7715,0.8044469144230103
68,90,9,2015.181388045518,1962.8990493834697,0.61122984,0.7904,0.7928487895656556,0.7904,0.7978632224770574,0.7904,0.7904,0.7904,0.7928487895656557,0.7904,0.7978632224770574,0.73953813,0.8283,0.8293525322500326,0.8282999999999999,0.8316990059420627,0.8283,0.8283,0.8283,0.8293525322500327,0.8283,0.8316990059420627,0.8316325,0.7235,0.7150916450424268,0.7234999999999999,0.7767796767160425,0.7235,0.7235,0.7235,0.715091645042427,0.7235,0.7767796767160425,1.0357043,0.7789,0.7778901169471127,0.7789,0.809567746840855,0.7789,0.7789,0.7789,0.7778901169471127,0.7789,0.809567746840855
69,90,9,2015.3312414492507,1961.4005153461683,0.6173491,0.7854,0.7869181975474981,0.7854,0.7905547657337311,0.7854,0.7854,0.7854,0.7869181975474981,0.7854,0.7905547657337311,0.729115,0.8263,0.8271630591332049,0.8263,0.8289843077034513,0.8263,0.8263,0.8263,0.827163059133205,0.8263,0.8289843077034514,0.8465926,0.7228,0.7108399593609204,0.7228,0.7668494642497192,0.7228,0.7228,0.7228,0.7108399593609204,0.7228,0.7668494642497192,1.0179635,0.7879,0.7866875965905953,0.7879,0.8092525570790905,0.7879000000000002,0.7879,0.7879,0.7866875965905953,0.7879,0.8092525570790904
70,90,9,2015.3882681467767,1960.8302483709133,0.6324847,0.7794,0.7822988658802208,0.7794,0.7886691341767174,0.7793999999999999,0.7794,0.7794,0.7822988658802209,0.7794,0.7886691341767175,0.7242843,0.8274,0.8281223696160132,0.8273999999999999,0.8301148192600671,0.8274,0.8274,0.8274,0.8281223696160132,0.8274,0.8301148192600672,0.75559884,0.7428,0.7383248315335709,0.7428,0.7669371816228463,0.7428,0.7428,0.7428,0.738324831533571,0.7428,0.7669371816228462,1.0302373,0.79,0.7879117271154548,0.79,0.8027957625266856,0.79,0.79,0.79,0.7879117271154547,0.79,0.8027957625266856
71,90,9,2015.274456968387,1961.9683601548245,0.6342828,0.7807,0.7840108910574716,0.7807000000000001,0.791896657539386,0.7807,0.7807,0.7807,0.7840108910574717,0.7807,0.791896657539386,0.71931475,0.8254,0.8264713731788973,0.8253999999999999,0.8294279973997201,0.8254,0.8254,0.8254,0.8264713731788974,0.8254,0.8294279973997202,0.74202126,0.7485,0.7411113660948496,0.7485,0.7654120145016214,0.7485,0.7485,0.7485,0.7411113660948495,0.7485,0.7654120145016216,1.1185774,0.7779,0.7733302142155078,0.7779,0.7993913700653692,0.7779,0.7779,0.7779,0.773330214215508,0.7779,0.7993913700653692
72,90,9,2015.389000847237,1960.8229213663262,0.62097365,0.7856,0.7879067963870442,0.7856,0.7933100001091775,0.7856,0.7856,0.7856,0.7879067963870442,0.7856,0.7933100001091776,0.73764133,0.8287,0.8294091966502674,0.8286999999999999,0.8316776954889686,0.8287,0.8287,0.8287,0.8294091966502672,0.8287,0.8316776954889686,0.8455212,0.7293,0.7137287683153181,0.7293000000000001,0.7675361797477758,0.7292999999999998,0.7293,0.7293,0.713728768315318,0.7293,0.7675361797477757,1.0433016,0.785,0.782079887308214,0.785,0.8058648725103428,0.785,0.785,0.785,0.7820798873082138,0.785,0.8058648725103427
73,90,9,2015.5162058290693,1959.5508715480182,0.6141756,0.7909,0.7922016112869974,0.7908999999999999,0.795066497318488,0.7909,0.7909,0.7909,0.7922016112869974,0.7909,0.7950664973184882,0.7232379,0.8285,0.8298440756612786,0.8285,0.8332462921380317,0.8285,0.8285,0.8285,0.8298440756612786,0.8285,0.8332462921380318,0.8613157,0.7255,0.7152430938247183,0.7255,0.7722344538931927,0.7255,0.7255,0.7255,0.7152430938247183,0.7255,0.7722344538931925,0.9762428,0.7932,0.7914481954783454,0.7932,0.810676118626095,0.7932,0.7932,0.7932,0.7914481954783453,0.7932,0.8106761186260952
74,90,9,2015.5121658653682,1959.591271185034,0.63276607,0.78,0.782270892673441,0.78,0.7883218986429037,0.78,0.78,0.78,0.7822708926734409,0.78,0.7883218986429038,0.7199845,0.8267,0.8272648465245744,0.8267,0.828721260226137,0.8267,0.8267,0.8267,0.8272648465245742,0.8267,0.828721260226137,0.76135504,0.7439,0.7405086424835939,0.7439,0.7779095047913015,0.7439,0.7439,0.7439,0.7405086424835939,0.7439,0.7779095047913014,1.0312632,0.7888,0.786143557322973,0.7888000000000001,0.8093040511468376,0.7888,0.7888,0.7888,0.7861435573229731,0.7888,0.8093040511468377
75,90,9,2015.640789115499,1958.3050386837333,0.5908888,0.7922,0.7935554161013273,0.7922,0.7975572588777661,0.7922,0.7922,0.7922,0.7935554161013272,0.7922,0.7975572588777661,0.7144456,0.8301,0.8307478133348271,0.8300999999999998,0.8322445857839786,0.8301,0.8301,0.8301,0.8307478133348272,0.8301,0.8322445857839788,0.78045106,0.7402,0.7281592835359916,0.7402000000000001,0.7765021907743741,0.7402,0.7402,0.7402,0.7281592835359918,0.7402,0.7765021907743741,0.9588129,0.8066,0.8036035929753801,0.8065999999999999,0.8129379629766211,0.8066,0.8066,0.8066,0.8036035929753798,0.8066,0.8129379629766211
76,90,9,2015.7582527698085,1957.1304021406431,0.61735886,0.7893,0.7903513231617512,0.7893,0.7942273907617448,0.7892999999999999,0.7893,0.7893,0.7903513231617512,0.7893,0.7942273907617446,0.7122919,0.8322,0.8329557029626559,0.8322,0.8351014129868342,0.8322,0.8322,0.8322,0.8329557029626558,0.8322,0.8351014129868342,0.7619502,0.7508,0.7434851969290714,0.7507999999999999,0.7758983613177819,0.7508000000000001,0.7508,0.7508,0.7434851969290714,0.7508,0.7758983613177818,1.0502955,0.7855,0.7803394587977113,0.7855000000000001,0.8015640732666096,0.7855,0.7855,0.7855,0.7803394587977113,0.7855,0.8015640732666097
77,90,9,2015.7606604732566,1957.106325106173,0.62237424,0.7814,0.7845120156252546,0.7813999999999999,0.7921318807588157,0.7814,0.7814,0.7814,0.7845120156252547,0.7814,0.7921318807588156,0.72362995,0.8277,0.8283302961577726,0.8276999999999999,0.8298588221408931,0.8277,0.8277,0.8277,0.8283302961577726,0.8277,0.829858822140893,0.7581356,0.753,0.7439861422959683,0.753,0.7757902246157821,0.753,0.753,0.753,0.7439861422959683,0.753,0.775790224615782,0.9844853,0.8017,0.7976176361908596,0.8017,0.8101260472120788,0.8017,0.8017,0.8017,0.7976176361908597,0.8017,0.810126047212079
78,90,9,2015.7614044864645,1957.0988849740982,0.60829395,0.7864,0.7885164272860774,0.7864,0.7928392424020156,0.7864,0.7864,0.7864,0.7885164272860773,0.7864,0.7928392424020155,0.7033999,0.8328,0.8340695633287334,0.8328000000000001,0.8371710305261362,0.8327999999999999,0.8328,0.8328,0.8340695633287334,0.8328,0.8371710305261361,0.725863,0.7545,0.7493563620888608,0.7545,0.7714573234928611,0.7545000000000001,0.7545,0.7545,0.7493563620888607,0.7545,0.7714573234928612,0.94447786,0.8109,0.8088141342428863,0.8109,0.8147203778630636,0.8109,0.8109,0.8109,0.8088141342428863,0.8109,0.8147203778630637
79,90,9,2015.840715002283,1956.3057798159255,0.6061028,0.7851,0.788062218765352,0.7851,0.7965295442140761,0.7851,0.7851,0.7851,0.7880622187653521,0.7851,0.7965295442140761,0.71569675,0.8299,0.830930802973926,0.8299,0.8330913337909497,0.8298999999999999,0.8299,0.8299,0.8309308029739261,0.8299,0.8330913337909497,0.72009724,0.7528,0.7479077482362487,0.7528,0.7742693143351878,0.7528,0.7528,0.7528,0.7479077482362487,0.7528,0.7742693143351878,0.95920837,0.8016,0.8014579429936182,0.8016,0.8129387101581249,0.8016,0.8016,0.8016,0.801457942993618,0.8016,0.812938710158125
80,90,9,2015.8978841487756,1955.734088351014,0.60123825,0.7932,0.7955648484977631,0.7931999999999999,0.799805537704579,0.7932,0.7932,0.7932,0.7955648484977631,0.7932,0.799805537704579,0.7187761,0.8274,0.8284939001806849,0.8274000000000001,0.8310435718890525,0.8274,0.8274,0.8274,0.828493900180685,0.8274,0.8310435718890525,0.7161108,0.7581,0.7521797953709256,0.7581,0.7770417855095718,0.7581000000000001,0.7581,0.7581,0.7521797953709255,0.7581,0.7770417855095719,0.9898091,0.7932,0.7917730877030376,0.7932,0.8068847064792563,0.7932,0.7932,0.7932,0.7917730877030376,0.7932,0.8068847064792563
81,90,9,2015.976211574081,1954.950814097977,0.60246116,0.7926,0.794486139218865,0.7926,0.7980272042206853,0.7926,0.7926,0.7926,0.7944861392188651,0.7926,0.7980272042206854,0.72002906,0.83,0.8308636452835794,0.8300000000000001,0.8334668490677741,0.83,0.83,0.83,0.8308636452835794,0.83,0.8334668490677741,0.77910185,0.7483,0.7366527810130884,0.7483,0.7694228068877147,0.7483,0.7483,0.7483,0.7366527810130884,0.7483,0.7694228068877147,0.9666467,0.7967,0.7949835272999861,0.7966999999999999,0.8127287978281211,0.7967,0.7967,0.7967,0.7949835272999861,0.7967,0.812728797828121
82,90,9,2015.984743471148,1954.8654951273056,0.59745276,0.7933,0.7954483722737357,0.7933,0.8001698741616636,0.7933,0.7933,0.7933,0.7954483722737357,0.7933,0.8001698741616636,0.71293664,0.8282,0.8292551627248639,0.8282,0.8328903970023056,0.8282,0.8282,0.8282,0.8292551627248639,0.8282,0.8328903970023057,0.7464641,0.7531,0.7452454405431891,0.7531000000000001,0.7716179109967363,0.7531000000000001,0.7531,0.7531,0.7452454405431891,0.7531,0.7716179109967363,0.9983736,0.8001,0.7985927630255187,0.8000999999999999,0.8137463672438745,0.8000999999999999,0.8001,0.8001,0.7985927630255187,0.8001,0.8137463672438745
83,90,9,2016.0383084043583,1954.3298457952083,0.60294366,0.7939,0.7954049563154484,0.7938999999999999,0.7996472159334737,0.7938999999999999,0.7939,0.7939,0.7954049563154484,0.7939,0.7996472159334737,0.7024002,0.8343,0.8350654330781981,0.8343,0.8374387211064056,0.8343,0.8343,0.8343,0.8350654330781981,0.8343,0.8374387211064055,0.8267186,0.7312,0.7176701597733017,0.7312000000000001,0.7646888345773444,0.7312,0.7312,0.7312,0.7176701597733017,0.7312,0.7646888345773443,0.8922288,0.8109,0.8091285876353698,0.8109,0.8165867954534394,0.8109,0.8109,0.8109,0.8091285876353699,0.8109,0.8165867954534393
84,90,9,2016.2161806520676,1952.5511233181278,0.59679645,0.7896,0.7922463094802031,0.7895999999999999,0.7980757092126485,0.7896,0.7896,0.7896,0.792246309480203,0.7896,0.7980757092126485,0.7161494,0.8342,0.8350192199557036,0.8341999999999998,0.8371989728837541,0.8342,0.8342,0.8342,0.8350192199557037,0.8342,0.837198972883754,0.6831792,0.7613,0.7598606466822776,0.7613000000000001,0.7781414021808033,0.7613,0.7613,0.7613,0.7598606466822776,0.7613,0.7781414021808035,1.0434387,0.7963,0.7922129154242892,0.7963000000000001,0.8095500117180144,0.7963,0.7963,0.7963,0.7922129154242894,0.7963,0.8095500117180146
85,90,9,2016.261815361425,1952.0947762245569,0.61077833,0.7855,0.7876480532894234,0.7855,0.7939510656399494,0.7855,0.7855,0.7855,0.7876480532894234,0.7855,0.7939510656399494,0.7220728,0.8311,0.8318956831618557,0.8311,0.8338081832107482,0.8311,0.8311,0.8311,0.8318956831618556,0.8311,0.8338081832107482,0.8159356,0.7405,0.7252025440928388,0.7404999999999999,0.7672287688763001,0.7405,0.7405,0.7405,0.7252025440928388,0.7405,0.7672287688763001,1.0646273,0.7887,0.7856495937142136,0.7887000000000001,0.8054896464218624,0.7887,0.7887,0.7887,0.7856495937142137,0.7887,0.8054896464218624
86,90,9,2016.2316057008784,1952.3968728300404,0.6065083,0.7919,0.7933865698465604,0.7919,0.7986831829027745,0.7919,0.7919,0.7919,0.7933865698465604,0.7919,0.7986831829027745,0.69053084,0.8313,0.8321442663459824,0.8313,0.8342820066710436,0.8313000000000001,0.8313,0.8313,0.8321442663459824,0.8313,0.8342820066710438,0.8542585,0.7275,0.7122702017690529,0.7274999999999999,0.7598636672628911,0.7275000000000001,0.7275,0.7275,0.7122702017690528,0.7275,0.7598636672628912,0.9944789,0.7899,0.7883314876953135,0.7899,0.8074381793098603,0.7899,0.7899,0.7899,0.7883314876953135,0.7899,0.8074381793098601
87,90,9,2016.2252104253357,1952.460825585478,0.5968613,0.7964,0.7979882720688144,0.7964,0.8017914479746354,0.7964,0.7964,0.7964,0.7979882720688145,0.7964,0.8017914479746354,0.7157197,0.8283,0.8289020972412349,0.8282999999999999,0.8301318559877429,0.8283,0.8283,0.8283,0.8289020972412349,0.8283,0.8301318559877428,0.7859722,0.738,0.7336118549370179,0.738,0.7758143028882177,0.738,0.738,0.738,0.7336118549370179,0.738,0.7758143028882177,0.9827145,0.8025,0.7999035610682402,0.8025,0.8083798113379753,0.8025,0.8025,0.8025,0.7999035610682402,0.8025,0.8083798113379754
88,90,9,2016.2939898432028,1951.7730314068046,0.59850717,0.7964,0.7975768970171789,0.7964,0.7998467606997738,0.7964,0.7964,0.7964,0.797576897017179,0.7964,0.7998467606997738,0.71805173,0.8282,0.8295254903282053,0.8282,0.8325220540198617,0.8282,0.8282,0.8282,0.8295254903282056,0.8282,0.8325220540198616,0.7227135,0.7605,0.7551239309142751,0.7605000000000001,0.7743905656044731,0.7605,0.7605,0.7605,0.7551239309142754,0.7605,0.774390565604473,0.9937753,0.8012,0.7992295834980212,0.8012,0.8117299061667926,0.8012,0.8012,0.8012,0.7992295834980212,0.8012,0.8117299061667927
89,90,9,2016.2912149648234,1951.8007801906197,0.603129,0.7896,0.7913562644661579,0.7896,0.7964920536904792,0.7896,0.7896,0.7896,0.7913562644661579,0.7896,0.7964920536904793,0.7040804,0.8312,0.8323912246096714,0.8311999999999999,0.8353746489542946,0.8312,0.8312,0.8312,0.8323912246096715,0.8312,0.8353746489542946,0.7500343,0.748,0.7403709503544149,0.748,0.7750797755932864,0.748,0.748,0.748,0.740370950354415,0.748,0.7750797755932863,0.9983865,0.7964,0.7927581902109101,0.7964,0.8134890309244482,0.7964,0.7964,0.7964,0.7927581902109101,0.7964,0.8134890309244484
90,90,9,2016.3398212897241,1951.3147169416104,0.61769414,0.7826,0.7850978875422658,0.7826000000000001,0.7898261310214958,0.7826000000000001,0.7826,0.7826,0.7850978875422658,0.7826,0.7898261310214959,0.69775724,0.8341,0.8352201459330596,0.8341,0.8379559573171568,0.8341,0.8341,0.8341,0.8352201459330594,0.8341,0.8379559573171568,0.7588899,0.7483,0.7426603929184544,0.7483000000000001,0.7762371083556421,0.7483,0.7483,0.7483,0.7426603929184544,0.7483,0.776237108355642,0.9131084,0.7954,0.7928994413838016,0.7954,0.8115303397887343,0.7953999999999999,0.7954,0.7954,0.7928994413838016,0.7954,0.8115303397887343
91,90,9,2016.513500609816,1949.577923740703,0.60713285,0.7889,0.7909440633515088,0.7888999999999999,0.7950096993831797,0.7889,0.7889,0.7889,0.7909440633515089,0.7889,0.7950096993831797,0.71154773,0.8323,0.8334491784794176,0.8323,0.836156548790084,0.8323,0.8323,0.8323,0.8334491784794176,0.8323,0.8361565487900839,0.7488815,0.745,0.736350555114686,0.7450000000000001,0.7773970886828451,0.745,0.745,0.745,0.736350555114686,0.745,0.7773970886828451,1.0257105,0.7893,0.7839924837987144,0.7893,0.8078052479758778,0.7892999999999999,0.7893,0.7893,0.7839924837987144,0.7893,0.8078052479758778
92,90,9,2016.6049380573838,1948.6635492650307,0.6203369,0.7812,0.7850244339653726,0.7812,0.7966541922487651,0.7812000000000001,0.7812,0.7812,0.7850244339653726,0.7812,0.7966541922487653,0.7048785,0.8299,0.8312902521808796,0.8299,0.8353537340466766,0.8298999999999999,0.8299,0.8299,0.8312902521808797,0.8299,0.8353537340466766,0.793887,0.7346,0.7224673086600174,0.7346,0.7728851381108885,0.7346,0.7346,0.7346,0.7224673086600174,0.7346,0.7728851381108885,1.0154989,0.7961,0.7923731905704108,0.7961,0.8090052493961059,0.7961,0.7961,0.7961,0.7923731905704108,0.7961,0.8090052493961057
93,90,9,2016.7528680005805,1947.1842498330661,0.5901287,0.7957,0.7977166630893955,0.7957,0.8018465497508643,0.7956999999999999,0.7957,0.7957,0.7977166630893954,0.7957,0.8018465497508642,0.7140365,0.832,0.8332603669292737,0.8320000000000001,0.8365527644381536,0.832,0.832,0.832,0.8332603669292737,0.832,0.8365527644381536,0.80301076,0.7354,0.7247610386590371,0.7354,0.7667983539664907,0.7354000000000002,0.7354,0.7354,0.7247610386590371,0.7354,0.7667983539664907,0.9767736,0.8007,0.7952644567413473,0.8007,0.808502338154667,0.8007,0.8007,0.8007,0.7952644567413472,0.8007,0.8085023381546669
94,90,9,2016.775189453893,1946.9610352999496,0.60553485,0.7918,0.7949705394249501,0.7918,0.8015319183007907,0.7918,0.7918,0.7918,0.7949705394249502,0.7918,0.8015319183007906,0.7232596,0.8305,0.8323757211968565,0.8305,0.8367022837293506,0.8305,0.8305,0.8305,0.8323757211968564,0.8305,0.8367022837293505,0.71479213,0.7616,0.7581206539005377,0.7616,0.7805802040871956,0.7616,0.7616,0.7616,0.7581206539005376,0.7616,0.7805802040871955,0.85799885,0.8056,0.8038079543852806,0.8055999999999999,0.8105156422380502,0.8056000000000001,0.8056,0.8056,0.8038079543852806,0.8056,0.8105156422380501
95,90,9,2016.8841634757782,1945.8712950811018,0.60081476,0.789,0.7916833746195614,0.7889999999999999,0.7969072894387476,0.7890000000000001,0.789,0.789,0.7916833746195614,0.789,0.7969072894387476,0.7195771,0.8342,0.8354354041725662,0.8342,0.8378295760511115,0.8342,0.8342,0.8342,0.8354354041725662,0.8342,0.8378295760511116,0.68560064,0.7662,0.7647526840743448,0.7662000000000001,0.7783010010790803,0.7662,0.7662,0.7662,0.7647526840743448,0.7662,0.7783010010790804,0.8999715,0.8016,0.7994860777040389,0.8016,0.8100389766758875,0.8016,0.8016,0.8016,0.799486077704039,0.8016,0.8100389766758874
96,90,9,2016.8977465855385,1945.7354639835196,0.60201514,0.7937,0.7954877102229326,0.7937000000000001,0.7995326455256182,0.7937,0.7937,0.7937,0.7954877102229326,0.7937,0.7995326455256182,0.7209143,0.8345,0.8354522579970617,0.8344999999999999,0.8374554279024474,0.8345,0.8345,0.8345,0.8354522579970615,0.8345,0.8374554279024473,0.7417178,0.7468,0.7474170604193234,0.7468,0.7768910510393602,0.7468,0.7468,0.7468,0.7474170604193234,0.7468,0.7768910510393602,0.91140527,0.806,0.8058430030005276,0.806,0.8124400795621515,0.806,0.806,0.806,0.8058430030005277,0.806,0.8124400795621515
97,90,9,2016.8963807238217,1945.7491226006864,0.60664827,0.7919,0.7937929765408943,0.7918999999999999,0.7982772429678712,0.7919,0.7919,0.7919,0.7937929765408942,0.7919,0.7982772429678712,0.71580136,0.8347,0.8360278522511682,0.8347,0.839151564221058,0.8347,0.8347,0.8347,0.836027852251168,0.8347,0.839151564221058,0.73207784,0.7536,0.7538270154146062,0.7536,0.778068951865129,0.7535999999999999,0.7536,0.7536,0.7538270154146062,0.7536,0.7780689518651291,0.8945643,0.8108,0.810503285259473,0.8108000000000001,0.8155864744949481,0.8108,0.8108,0.8108,0.810503285259473,0.8108,0.8155864744949481
98,90,9,2016.975161138293,1944.961318455992,0.58756524,0.7942,0.7963433745371906,0.7942000000000001,0.8006243898182419,0.7942,0.7942,0.7942,0.7963433745371905,0.7942,0.8006243898182419,0.712446,0.8338,0.8346916237893272,0.8337999999999999,0.8371569341333363,0.8338,0.8338,0.8338,0.834691623789327,0.8338,0.8371569341333365,0.6610199,0.7748,0.7745461917553305,0.7748,0.7855942057257062,0.7747999999999999,0.7748,0.7748,0.7745461917553303,0.7748,0.7855942057257059,0.90346193,0.8078,0.8044659152197076,0.8078,0.8110203681180608,0.8078,0.8078,0.8078,0.8044659152197075,0.8078,0.8110203681180607
99,90,9,2017.0910211267244,1943.8027185716746,0.591753,0.7979,0.7991685140003091,0.7979,0.8013439619200889,0.7979,0.7979,0.7979,0.799168514000309,0.7979,0.8013439619200888,0.7049929,0.8334,0.834436893276797,0.8333999999999999,0.8366622393584414,0.8334,0.8334,0.8334,0.8344368932767969,0.8334,0.8366622393584414,0.7202294,0.7635,0.758517266706278,0.7635,0.7852777942023621,0.7635,0.7635,0.7635,0.7585172667062781,0.7635,0.7852777942023621,0.9133828,0.807,0.8031011756378732,0.807,0.8150435416846191,0.807,0.807,0.807,0.8031011756378733,0.807,0.815043541684619
100,90,9,2017.1385302870874,1943.3276269680475,0.6064759,0.7899,0.7927887460360419,0.7899,0.7995902838430549,0.7899,0.7899,0.7899,0.7927887460360419,0.7899,0.7995902838430549,0.69814754,0.8332,0.8341418780762849,0.8331999999999999,0.8368110822146931,0.8332,0.8332,0.8332,0.8341418780762848,0.8332,0.8368110822146931,0.6960098,0.7665,0.7625145892689968,0.7665,0.7843801235771003,0.7665,0.7665,0.7665,0.7625145892689966,0.7665,0.7843801235771003,0.9146918,0.8005,0.7974981951737025,0.8005000000000001,0.8104823522751261,0.8005,0.8005,0.8005,0.7974981951737024,0.8005,0.810482352275126
101,90,9,2017.2018139658537,1942.6947901803953,0.6127802,0.7875,0.78914379728769,0.7875,0.7955775129961753,0.7875,0.7875,0.7875,0.7891437972876901,0.7875,0.7955775129961751,0.7076835,0.8354,0.8363418688194966,0.8353999999999999,0.8386404068994606,0.8354,0.8354,0.8354,0.8363418688194965,0.8354,0.8386404068994607,0.67121553,0.7746,0.7719177242170921,0.7746,0.7837766433169191,0.7746,0.7746,0.7746,0.7719177242170921,0.7746,0.7837766433169191,0.8858289,0.8105,0.8085957169899587,0.8105,0.8180263406059595,0.8105,0.8105,0.8105,0.8085957169899586,0.8105,0.8180263406059596
102,90,9,2017.2781124410133,1941.9318054287978,0.60166603,0.7936,0.7950841132175317,0.7936,0.7990909340261891,0.7936,0.7936,0.7936,0.7950841132175317,0.7936,0.7990909340261891,0.7197294,0.8341,0.8348396208806943,0.8341000000000001,0.836960820930944,0.8341,0.8341,0.8341,0.8348396208806944,0.8341,0.8369608209309441,0.6769324,0.7719,0.7692373613576601,0.7719,0.784749708640296,0.7719,0.7719,0.7719,0.7692373613576601,0.7719,0.784749708640296,0.93148166,0.8036,0.8014673453219656,0.8036,0.817414179198971,0.8036,0.8036,0.8036,0.8014673453219657,0.8036,0.8174141791989711
103,90,9,2017.2469902774335,1942.2430270646105,0.61174875,0.7908,0.7932113573252277,0.7908,0.7998767713926613,0.7908,0.7908,0.7908,0.7932113573252277,0.7908,0.7998767713926614,0.7046758,0.8349,0.8354807857782365,0.8349,0.8371872766756929,0.8349000000000001,0.8349,0.8349,0.8354807857782365,0.8349,0.8371872766756929,0.7782116,0.744,0.7361554551107553,0.744,0.7814725761897033,0.744,0.744,0.744,0.7361554551107552,0.744,0.7814725761897033,0.89108485,0.8068,0.8068038763653249,0.8068,0.8186535377318099,0.8068000000000001,0.8068,0.8068,0.8068038763653248,0.8068,0.8186535377318098
104,90,9,2017.2806362445551,1941.906567393401,0.6085014,0.7886,0.791058891551333,0.7886,0.7961479518238346,0.7886,0.7886,0.7886,0.791058891551333,0.7886,0.7961479518238346,0.6986436,0.8355,0.8363813899083441,0.8354999999999999,0.8384394291438406,0.8355,0.8355,0.8355,0.8363813899083441,0.8355,0.8384394291438406,0.7142657,0.7559,0.7531354883642561,0.7559,0.7817160520655755,0.7559000000000001,0.7559,0.7559,0.753135488364256,0.7559,0.7817160520655754,0.93897694,0.8032,0.8011345201797317,0.8032,0.8171239440690087,0.8032,0.8032,0.8032,0.8011345201797316,0.8032,0.8171239440690089
105,90,9,2017.3391542411407,1941.3213874275502,0.60798645,0.7908,0.7935821269500152,0.7908,0.7992015440473855,0.7908,0.7908,0.7908,0.7935821269500151,0.7908,0.7992015440473854,0.7233588,0.8342,0.8352552958183267,0.8342,0.8379859349157464,0.8342,0.8342,0.8342,0.8352552958183265,0.8342,0.8379859349157465,0.6942839,0.7684,0.7678477531182692,0.7684,0.7902555095205133,0.7684,0.7684,0.7684,0.7678477531182692,0.7684,0.7902555095205132,1.0185171,0.7953,0.7909716494790676,0.7952999999999999,0.8088856159684754,0.7953,0.7953,0.7953,0.7909716494790677,0.7953,0.8088856159684755
106,90,9,2017.4192691313715,1940.5202385252503,0.58992386,0.7942,0.7958964564966441,0.7942,0.7997255666236476,0.7942,0.7942,0.7942,0.7958964564966441,0.7942,0.7997255666236476,0.72666377,0.8318,0.8328049681675471,0.8318,0.835441926935726,0.8318,0.8318,0.8318,0.8328049681675469,0.8318,0.835441926935726,0.7463788,0.756,0.7465129183382893,0.756,0.78152770904773,0.756,0.756,0.756,0.7465129183382893,0.756,0.78152770904773,1.0515813,0.7937,0.7914335829171055,0.7937,0.8096776216901315,0.7937,0.7937,0.7937,0.7914335829171055,0.7937,0.8096776216901316
107,90,9,2017.3938982198506,1940.7739476404722,0.60437727,0.7915,0.7936492091052438,0.7915000000000001,0.7995436927147186,0.7915,0.7915,0.7915,0.7936492091052438,0.7915,0.7995436927147186,0.7194836,0.8289,0.8300283334323207,0.8289,0.8328759343614387,0.8289,0.8289,0.8289,0.8300283334323209,0.8289,0.8328759343614385,0.80147475,0.7338,0.7264597893864375,0.7338,0.7780430175188677,0.7338,0.7338,0.7338,0.7264597893864375,0.7338,0.7780430175188678,1.0005928,0.7965,0.7947049125295387,0.7965,0.8158899096742471,0.7965,0.7965,0.7965,0.7947049125295387,0.7965,0.8158899096742472
108,90,9,2017.4838225414287,1939.8747044246932,0.6324421,0.7816,0.7839769307055017,0.7816000000000001,0.7895500115268069,0.7816,0.7816,0.7816,0.7839769307055016,0.7816,0.7895500115268069,0.7130018,0.8291,0.8304164826873153,0.8291000000000001,0.8335895680780558,0.8291,0.8291,0.8291,0.8304164826873154,0.8291,0.8335895680780557,0.78424597,0.7328,0.7318923455443073,0.7327999999999999,0.7792010805432243,0.7328,0.7328,0.7328,0.7318923455443073,0.7328,0.7792010805432243,0.9946393,0.7928,0.7905682221684222,0.7928,0.8140054878681491,0.7928,0.7928,0.7928,0.7905682221684223,0.7928,0.8140054878681491
109,90,9,2017.5293739437843,1939.4191904011507,0.5966224,0.7922,0.794746283054183,0.7922,0.800305314845638,0.7922,0.7922,0.7922,0.794746283054183,0.7922,0.800305314845638,0.7155295,0.8298,0.8310542213066425,0.8298,0.8336232196949818,0.8298,0.8298,0.8298,0.8310542213066426,0.8298,0.8336232196949817,0.74213225,0.7485,0.7446054311382351,0.7485,0.782539742582413,0.7485,0.7485,0.7485,0.7446054311382351,0.7485,0.7825397425824129,0.93371767,0.8092,0.807768346526999,0.8092,0.817848549335592,0.8092,0.8092,0.8092,0.807768346526999,0.8092,0.8178485493355921
110,90,9,2017.529423357179,1939.4186962672113,0.6000746,0.7924,0.7944416836036654,0.7924,0.7981109034408597,0.7924,0.7924,0.7924,0.7944416836036655,0.7924,0.7981109034408596,0.70298874,0.832,0.8331457278548327,0.8320000000000001,0.8359371628410402,0.832,0.832,0.832,0.8331457278548325,0.832,0.8359371628410402,0.8108017,0.7425,0.7308136280726238,0.7425,0.775053741809245,0.7425,0.7425,0.7425,0.730813628072624,0.7425,0.775053741809245,0.95152694,0.8051,0.8028005605258259,0.8051,0.8138687823393316,0.8051,0.8051,0.8051,0.8028005605258259,0.8051,0.8138687823393315
111,90,9,2017.547656637372,1939.2363634652984,0.59765226,0.7943,0.7963263621406822,0.7943,0.7998714339308797,0.7943,0.7943,0.7943,0.7963263621406821,0.7943,0.7998714339308797,0.72219837,0.8331,0.8341968510667795,0.8331,0.8368277260788319,0.8331,0.8331,0.8331,0.8341968510667797,0.8331,0.8368277260788319,0.7391524,0.7549,0.7451496528723339,0.7548999999999999,0.7754511823838551,0.7549,0.7549,0.7549,0.745149652872334,0.7549,0.775451182383855,0.95602167,0.798,0.7950290346857993,0.798,0.8097477307894794,0.798,0.798,0.798,0.7950290346857993,0.798,0.8097477307894794
112,90,9,2017.6007748564737,1938.7051812742825,0.60165614,0.7931,0.7949074608704275,0.7931,0.7984267152877621,0.7931,0.7931,0.7931,0.7949074608704274,0.7931,0.7984267152877621,0.70027053,0.8349,0.8358629494219458,0.8349,0.8383434984347244,0.8349000000000001,0.8349,0.8349,0.8358629494219458,0.8349,0.8383434984347244,0.7524314,0.7504,0.7417873756212807,0.7504000000000001,0.7733471422550962,0.7504,0.7504,0.7504,0.7417873756212807,0.7504,0.7733471422550962,0.9877451,0.8054,0.8018974136060872,0.8054,0.8132740886215363,0.8054,0.8054,0.8054,0.8018974136060874,0.8054,0.8132740886215363
113,90,9,2017.6207156271826,1938.5057735672017,0.6205449,0.7833,0.7862070707498414,0.7832999999999999,0.791424306582571,0.7833,0.7833,0.7833,0.7862070707498415,0.7833,0.7914243065825711,0.7031315,0.8326,0.8333718711897029,0.8326,0.8355478090083315,0.8326,0.8326,0.8326,0.8333718711897029,0.8326,0.8355478090083316,0.80599123,0.742,0.729888867776891,0.742,0.766445187067705,0.7419999999999999,0.742,0.742,0.729888867776891,0.742,0.766445187067705,0.9105416,0.8108,0.808235160330708,0.8108000000000001,0.8172431743693883,0.8108,0.8108,0.8108,0.808235160330708,0.8108,0.8172431743693883
114,90,9,2017.6499023703548,1938.213906135486,0.5956217,0.7932,0.7954414493724715,0.7931999999999999,0.8002418128225516,0.7932,0.7932,0.7932,0.7954414493724715,0.7932,0.8002418128225516,0.71423,0.833,0.8341144487375726,0.833,0.8370419696835947,0.833,0.833,0.833,0.8341144487375728,0.833,0.8370419696835948,0.7493474,0.752,0.7423337423277632,0.752,0.7746795118970219,0.752,0.752,0.752,0.7423337423277632,0.752,0.774679511897022,0.9824382,0.7986,0.7961023933810966,0.7986,0.8113199683974509,0.7986,0.7986,0.7986,0.7961023933810966,0.7986,0.811319968397451
115,90,9,2017.685335939615,1937.8595704429072,0.60074025,0.7947,0.7971144836920641,0.7947,0.8025009502775715,0.7946999999999999,0.7947,0.7947,0.7971144836920641,0.7947,0.8025009502775717,0.7072158,0.8339,0.8349026207207391,0.8339000000000001,0.8372288459828638,0.8339,0.8339,0.8339,0.8349026207207393,0.8339,0.8372288459828638,0.72807616,0.7575,0.7530756599751346,0.7575000000000001,0.7805431665353637,0.7575,0.7575,0.7575,0.7530756599751346,0.7575,0.7805431665353637,1.0115211,0.8007,0.7974267939256711,0.8007,0.8101162030351429,0.8007,0.8007,0.8007,0.797426793925671,0.8007,0.8101162030351426
116,90,9,2017.8290973972826,1936.4219558662346,0.6059726,0.7905,0.792728802069758,0.7905,0.7979247829341526,0.7905,0.7905,0.7905,0.7927288020697579,0.7905,0.7979247829341526,0.70001894,0.8344,0.8353624424944934,0.8344000000000001,0.8376042237463768,0.8344,0.8344,0.8344,0.8353624424944933,0.8344,0.8376042237463768,0.78426117,0.7519,0.74145656525413,0.7518999999999999,0.7739620772089562,0.7519000000000001,0.7519,0.7519,0.74145656525413,0.7519,0.7739620772089562,1.0201721,0.8062,0.8010886341834557,0.8061999999999999,0.812138775895719,0.8062,0.8062,0.8062,0.8010886341834558,0.8062,0.812138775895719
117,90,9,2017.889230556853,1935.8206242705357,0.6020159,0.793,0.7945657235077401,0.7929999999999999,0.7978332656089916,0.793,0.793,0.793,0.7945657235077402,0.793,0.7978332656089915,0.70543575,0.8343,0.8356255795229497,0.8343,0.8391524165624793,0.8343,0.8343,0.8343,0.8356255795229497,0.8343,0.8391524165624793,0.7991807,0.7465,0.7346486307257417,0.7464999999999999,0.7733455755901829,0.7465,0.7465,0.7465,0.7346486307257417,0.7465,0.7733455755901829,0.9888734,0.7991,0.7933714734349521,0.7990999999999999,0.8087863088952482,0.7991,0.7991,0.7991,0.7933714734349522,0.7991,0.808786308895248
118,90,9,2017.924201614288,1935.4709136962015,0.60350525,0.7903,0.7928114715369861,0.7903,0.7992699811049675,0.7903,0.7903,0.7903,0.792811471536986,0.7903,0.7992699811049675,0.70194495,0.8309,0.8319747352777149,0.8309,0.8342893232822158,0.8309,0.8309,0.8309,0.8319747352777149,0.8309,0.8342893232822158,0.8896795,0.726,0.7029232923021684,0.7260000000000001,0.7600649307229376,0.726,0.726,0.726,0.7029232923021684,0.726,0.7600649307229376,0.95448244,0.8122,0.809510784990859,0.8122,0.8156433042599576,0.8122,0.8122,0.8122,0.809510784990859,0.8122,0.8156433042599576
119,90,9,2017.979804266296,1934.9148871761286,0.5929183,0.7961,0.7987335866658829,0.7961,0.8045448878481093,0.7961,0.7961,0.7961,0.798733586665883,0.7961,0.8045448878481093,0.6942887,0.8332,0.8344308526388573,0.8332,0.8373692846340779,0.8332,0.8332,0.8332,0.8344308526388573,0.8332,0.837369284634078,0.7943141,0.7427,0.7265513763846719,0.7427,0.7673938236334008,0.7427,0.7427,0.7427,0.7265513763846719,0.7427,0.7673938236334007,1.0323012,0.8015,0.7990149192960788,0.8015000000000001,0.8173783651985961,0.8015,0.8015,0.8015,0.7990149192960787,0.8015,0.817378365198596
120,90,9,2018.0392153072883,1934.3207767661997,0.6015008,0.7926,0.7954767774833698,0.7926,0.8012983261676977,0.7926,0.7926,0.7926,0.7954767774833698,0.7926,0.8012983261676977,0.71732074,0.8347,0.8357786808601123,0.8347,0.838068192765568,0.8347,0.8347,0.8347,0.8357786808601124,0.8347,0.838068192765568,0.78275925,0.7406,0.7354340405713933,0.7405999999999999,0.7831283184970367,0.7405999999999999,0.7406,0.7406,0.7354340405713932,0.7406,0.7831283184970366,0.945331,0.8035,0.8016245035569746,0.8035,0.8144519723612371,0.8035,0.8035,0.8035,0.8016245035569748,0.8035,0.814451972361237
121,90,9,2018.1197625190273,1933.5153046488235,0.6242301,0.7885,0.7922738304390045,0.7885,0.8015992434686314,0.7885,0.7885,0.7885,0.7922738304390045,0.7885,0.8015992434686313,0.70724064,0.8395,0.8405285686206627,0.8394999999999999,0.8430796732959855,0.8395000000000001,0.8395,0.8395,0.8405285686206627,0.8395,0.8430796732959854,0.71769047,0.7616,0.7603359173549296,0.7615999999999999,0.7827058698074982,0.7616,0.7616,0.7616,0.7603359173549297,0.7616,0.7827058698074982,0.92175597,0.8052,0.8034942343663604,0.8051999999999999,0.8145156338355658,0.8052000000000001,0.8052,0.8052,0.8034942343663602,0.8052,0.8145156338355659
122,90,9,2018.0940746252732,1933.7721835863765,0.5909342,0.7976,0.7998992713346421,0.7976000000000001,0.8046675106059201,0.7975999999999999,0.7976,0.7976,0.7998992713346421,0.7976,0.8046675106059201,0.69699717,0.8377,0.8387233945409408,0.8377000000000001,0.8413678295316872,0.8377,0.8377,0.8377,0.8387233945409407,0.8377,0.8413678295316873,0.72531205,0.7563,0.7520211781630293,0.7563,0.7765099671722266,0.7563,0.7563,0.7563,0.7520211781630294,0.7563,0.7765099671722266,0.95989376,0.8081,0.8047956041977542,0.8080999999999999,0.8138650398639602,0.8081,0.8081,0.8081,0.8047956041977541,0.8081,0.8138650398639601
123,90,9,2018.127192381252,1933.4410060265982,0.597112,0.7928,0.7951726242226173,0.7928000000000001,0.8011223196383874,0.7928,0.7928,0.7928,0.7951726242226173,0.7928,0.8011223196383875,0.70864034,0.8348,0.8354430165323109,0.8348000000000001,0.8369941678756634,0.8348,0.8348,0.8348,0.8354430165323109,0.8348,0.8369941678756634,0.8067212,0.7344,0.7245646604134193,0.7344000000000002,0.7685433117336039,0.7344,0.7344,0.7344,0.7245646604134194,0.7344,0.768543311733604,0.9547693,0.8083,0.8060416488499493,0.8083,0.8142107970647249,0.8083,0.8083,0.8083,0.8060416488499493,0.8083,0.8142107970647249
124,90,9,2018.1398731740182,1933.31419809894,0.5862345,0.8004,0.8008783263758081,0.8004,0.8027590587810967,0.8004,0.8004,0.8004,0.8008783263758081,0.8004,0.8027590587810967,0.6840826,0.8385,0.839619475334002,0.8385,0.8426545667668079,0.8385,0.8385,0.8385,0.8396194753340022,0.8385,0.8426545667668078,0.7454236,0.7544,0.7467673108015559,0.7544000000000001,0.771862691907162,0.7544,0.7544,0.7544,0.746767310801556,0.7544,0.771862691907162,0.95396423,0.8017,0.799492754924712,0.8017,0.8114900659062096,0.8017,0.8017,0.8017,0.7994927549247118,0.8017,0.8114900659062095
125,90,9,2018.1648875093156,1933.0640547459864,0.60369694,0.7902,0.7940478229730137,0.7902000000000001,0.8036329062789237,0.7902,0.7902,0.7902,0.7940478229730136,0.7902,0.8036329062789238,0.6754999,0.8361,0.8367535469519591,0.8360999999999998,0.8383787147994857,0.8361,0.8361,0.8361,0.8367535469519591,0.8361,0.8383787147994857,0.706841,0.7627,0.759809462170234,0.7627,0.7809979611566368,0.7627,0.7627,0.7627,0.759809462170234,0.7627,0.7809979611566367,0.9558076,0.8103,0.8086921806095283,0.8103,0.8184362397605888,0.8103,0.8103,0.8103,0.8086921806095283,0.8103,0.8184362397605887
126,90,9,2018.2115576139092,1932.5973537000489,0.5883099,0.7965,0.798703689145254,0.7965,0.8035183459838006,0.7965,0.7965,0.7965,0.798703689145254,0.7965,0.8035183459838006,0.717015,0.8312,0.832382754662893,0.8311999999999999,0.8356695367372549,0.8312,0.8312,0.8312,0.832382754662893,0.8312,0.835669536737255,0.7330858,0.7543,0.7480484773632937,0.7543,0.7797285762021174,0.7543,0.7543,0.7543,0.7480484773632937,0.7543,0.7797285762021174,0.953333,0.8074,0.806273861236046,0.8074,0.8177237208651906,0.8074,0.8074,0.8074,0.806273861236046,0.8074,0.8177237208651907
127,90,9,2018.3191545844913,1931.5213839942392,0.5917305,0.793,0.7952238226433028,0.793,0.7991240575441385,0.793,0.793,0.793,0.7952238226433029,0.793,0.7991240575441384,0.70943713,0.8338,0.834803671575157,0.8337999999999999,0.83715607317914,0.8338,0.8338,0.8338,0.834803671575157,0.8338,0.83715607317914,0.77757084,0.7378,0.7288436884181035,0.7378,0.7686219402648445,0.7378,0.7378,0.7378,0.7288436884181035,0.7378,0.7686219402648445,0.943525,0.8068,0.8050258791202832,0.8068,0.8159330689421396,0.8068000000000001,0.8068,0.8068,0.8050258791202832,0.8068,0.8159330689421396
128,90,9,2018.3486897193532,1931.2260326456303,0.6077745,0.7907,0.7923772776100704,0.7907,0.7982310892792934,0.7907,0.7907,0.7907,0.7923772776100702,0.7907,0.7982310892792935,0.7073711,0.8351,0.8360075506433452,0.8351,0.8385792393666393,0.8351,0.8351,0.8351,0.8360075506433452,0.8351,0.8385792393666391,0.7554549,0.7534,0.7488011277228666,0.7534,0.7800424260950523,0.7534,0.7534,0.7534,0.7488011277228667,0.7534,0.7800424260950523,0.9189002,0.8101,0.8074474676544661,0.8100999999999999,0.8170291005910656,0.8101,0.8101,0.8101,0.8074474676544658,0.8101,0.8170291005910655
129,90,9,2018.4522488495415,1930.1904413437655,0.58553845,0.8004,0.8022620622327515,0.8004000000000001,0.8079536817565431,0.8004,0.8004,0.8004,0.8022620622327515,0.8004,0.8079536817565431,0.7126263,0.8334,0.8346039967115869,0.8333999999999999,0.837218110610889,0.8334,0.8334,0.8334,0.834603996711587,0.8334,0.8372181106108892,0.79487115,0.7426,0.7324553234397391,0.7426,0.7800096867763713,0.7426,0.7426,0.7426,0.7324553234397392,0.7426,0.7800096867763714,0.9584549,0.804,0.8010724474783031,0.804,0.8164685417493537,0.804,0.804,0.804,0.8010724474783032,0.804,0.8164685417493537
130,90,9,2018.4931056267565,1929.781873571612,0.59264666,0.7969,0.7993149514019039,0.7968999999999999,0.8056136831807503,0.7969,0.7969,0.7969,0.7993149514019039,0.7969,0.8056136831807503,0.69242734,0.8344,0.8357054123080843,0.8344000000000001,0.8384053855587135,0.8344,0.8344,0.8344,0.8357054123080843,0.8344,0.8384053855587136,0.80782163,0.742,0.7331341949625337,0.742,0.7762172231831096,0.7419999999999999,0.742,0.742,0.7331341949625338,0.742,0.7762172231831096,1.0157081,0.7936,0.792874198242808,0.7936000000000001,0.8122494442758722,0.7936,0.7936,0.7936,0.7928741982428081,0.7936,0.8122494442758721
131,90,9,2018.594418915486,1928.7687406843293,0.5822534,0.7987,0.8003376358300237,0.7987,0.8029917700701482,0.7987,0.7987,0.7987,0.8003376358300237,0.7987,0.8029917700701482,0.7090326,0.8379,0.8388208624149642,0.8379000000000001,0.8407258313385109,0.8379,0.8379,0.8379,0.8388208624149642,0.8379,0.8407258313385108,0.7705534,0.7519,0.7471528015072912,0.7519,0.786732225112516,0.7519000000000001,0.7519,0.7519,0.7471528015072914,0.7519,0.7867322251125158,0.9669506,0.802,0.8005187253001156,0.8019999999999999,0.8151021021524943,0.802,0.802,0.802,0.8005187253001155,0.802,0.8151021021524943
132,90,9,2018.6771157238268,1927.941772600931,0.5934592,0.797,0.7991794730341948,0.797,0.8036695468000314,0.797,0.797,0.797,0.7991794730341948,0.797,0.8036695468000314,0.7214596,0.8331,0.8340203578228953,0.8331,0.8361116241391768,0.8331,0.8331,0.8331,0.8340203578228953,0.8331,0.8361116241391768,0.74774253,0.7528,0.7453120069740143,0.7528,0.7790390157526902,0.7528,0.7528,0.7528,0.7453120069740143,0.7528,0.7790390157526902,1.0023851,0.8038,0.8009219041357294,0.8038000000000001,0.8134907401596367,0.8038,0.8038,0.8038,0.8009219041357294,0.8038,0.8134907401596367
133,90,9,2018.7303945515987,1927.4089843232166,0.60025096,0.7934,0.795898533058399,0.7934,0.8013620922766889,0.7933999999999999,0.7934,0.7934,0.7958985330583987,0.7934,0.8013620922766889,0.69778156,0.8331,0.8343609822941989,0.8331,0.8375023853865985,0.8331,0.8331,0.8331,0.834360982294199,0.8331,0.8375023853865984,0.7823563,0.7442,0.7326131122289238,0.7442,0.7727864481891333,0.7441999999999999,0.7442,0.7442,0.7326131122289238,0.7442,0.7727864481891332,0.9355218,0.8069,0.8051935139974027,0.8069000000000001,0.8154638652896022,0.8069,0.8069,0.8069,0.8051935139974028,0.8069,0.815463865289602
134,90,9,2018.7524785675741,1927.1881441634714,0.5903496,0.7965,0.7981684309038136,0.7965,0.8017873632977661,0.7965,0.7965,0.7965,0.7981684309038137,0.7965,0.8017873632977661,0.71139306,0.834,0.8351777860429568,0.834,0.83807815146015,0.834,0.834,0.834,0.8351777860429567,0.834,0.8380781514601499,0.7347949,0.7621,0.7562323585010512,0.7621,0.7815435475491836,0.7621,0.7621,0.7621,0.7562323585010512,0.7621,0.7815435475491838,0.97854924,0.8088,0.8062365594228842,0.8088,0.8162979589851073,0.8088,0.8088,0.8088,0.8062365594228841,0.8088,0.8162979589851072
135,90,9,2018.8354825597078,1926.3581042421454,0.5954084,0.7916,0.7939241908368728,0.7916000000000001,0.7991658722949366,0.7916,0.7916,0.7916,0.7939241908368727,0.7916,0.7991658722949365,0.7073525,0.831,0.8320485445441715,0.8310000000000001,0.8347970430541723,0.831,0.831,0.831,0.8320485445441714,0.831,0.8347970430541723,0.79758155,0.7398,0.7315127211595935,0.7398,0.7737759056979202,0.7398,0.7398,0.7398,0.7315127211595938,0.7398,0.7737759056979203,0.99062675,0.8054,0.8023630517078768,0.8054,0.8146862000670015,0.8054,0.8054,0.8054,0.8023630517078767,0.8054,0.8146862000670014
136,90,9,2018.931606053524,1925.3968693039808,0.58340496,0.7977,0.8000355744315369,0.7977000000000001,0.8042204088375028,0.7977,0.7977,0.7977,0.8000355744315369,0.7977,0.8042204088375028,0.7093758,0.8346,0.835839200840933,0.8346,0.8382370261452697,0.8346,0.8346,0.8346,0.8358392008409331,0.8346,0.8382370261452697,0.6893046,0.7707,0.7672742476775924,0.7706999999999999,0.7849495190827758,0.7706999999999999,0.7707,0.7707,0.7672742476775924,0.7707,0.7849495190827757,1.0410346,0.7989,0.7955922034775266,0.7988999999999999,0.8112736338468773,0.7989,0.7989,0.7989,0.7955922034775266,0.7989,0.8112736338468772
137,90,9,2018.9987148104035,1924.725781735196,0.57948685,0.798,0.7996800973191885,0.7979999999999999,0.8029395059546267,0.798,0.798,0.798,0.7996800973191887,0.798,0.8029395059546267,0.7116006,0.8348,0.8358147509671217,0.8347999999999999,0.838178031838671,0.8348,0.8348,0.8348,0.8358147509671214,0.8348,0.8381780318386711,0.76696515,0.7532,0.7422712277973803,0.7531999999999999,0.7759700002140273,0.7532,0.7532,0.7532,0.7422712277973802,0.7532,0.7759700002140272,1.0403275,0.801,0.7956029171632258,0.8009999999999999,0.8078873116709252,0.801,0.801,0.801,0.7956029171632258,0.801,0.8078873116709252
138,90,9,2019.0718714690554,1923.9942151486903,0.6101459,0.7879,0.7904454042242339,0.7878999999999998,0.7961290371495751,0.7879000000000002,0.7879,0.7879,0.7904454042242339,0.7879,0.7961290371495751,0.69695497,0.8359,0.8368481238750365,0.8359,0.8390809079538192,0.8359,0.8359,0.8359,0.8368481238750365,0.8359,0.8390809079538192,0.7552929,0.75,0.7430059317796951,0.75,0.7669156828554782,0.75,0.75,0.75,0.7430059317796951,0.75,0.7669156828554782,1.1277353,0.7832,0.777043705838606,0.7832,0.7990795652987771,0.7832,0.7832,0.7832,0.777043705838606,0.7832,0.7990795652987773
139,90,9,2019.088948154347,1923.8234482957823,0.6108786,0.7884,0.7904917880376713,0.7884,0.7953440846437905,0.7884,0.7884,0.7884,0.7904917880376712,0.7884,0.7953440846437906,0.69579726,0.8323,0.8332903762540639,0.8323,0.8359005596292622,0.8323,0.8323,0.8323,0.8332903762540638,0.8323,0.8359005596292621,0.77311426,0.7432,0.7319549720476892,0.7432000000000001,0.7656833300922106,0.7432,0.7432,0.7432,0.7319549720476892,0.7432,0.7656833300922107,1.0367963,0.797,0.7924317252982223,0.7969999999999999,0.8082463003985673,0.797,0.797,0.797,0.7924317252982224,0.797,0.8082463003985673
140,90,9,2019.175649887476,1922.956430964507,0.5878184,0.7975,0.799371399028344,0.7975000000000001,0.803830824624853,0.7975,0.7975,0.7975,0.7993713990283441,0.7975,0.8038308246248531,0.7076365,0.835,0.8355741524142342,0.835,0.8368221975566443,0.835,0.835,0.835,0.8355741524142343,0.835,0.8368221975566443,0.8400807,0.7405,0.723660339895036,0.7405,0.770282994073663,0.7405,0.7405,0.7405,0.7236603398950358,0.7405,0.7702829940736631,1.0528513,0.7935,0.787149548960893,0.7935000000000001,0.8034550332442594,0.7935,0.7935,0.7935,0.7871495489608931,0.7935,0.8034550332442595
141,90,9,2019.3195122816696,1921.517807022577,0.5753351,0.8023,0.8037107893523776,0.8023,0.8064258112323529,0.8023000000000001,0.8023,0.8023,0.8037107893523776,0.8023,0.8064258112323528,0.6990756,0.8366,0.8374616266128989,0.8366,0.8397261277390008,0.8366,0.8366,0.8366,0.8374616266128987,0.8366,0.8397261277390009,0.7480926,0.7516,0.7389270317007426,0.7516,0.7751920332290664,0.7516,0.7516,0.7516,0.7389270317007426,0.7516,0.7751920332290664,1.0444838,0.7971,0.790997130972851,0.7970999999999999,0.8076312408181361,0.7970999999999999,0.7971,0.7971,0.7909971309728511,0.7971,0.807631240818136
142,90,9,2019.392603481951,1920.786895019778,0.5936144,0.7954,0.7967620103648583,0.7954000000000001,0.7998332700218596,0.7953999999999999,0.7954,0.7954,0.7967620103648583,0.7954,0.7998332700218597,0.70506155,0.8377,0.838363806160606,0.8377000000000001,0.8401287132741702,0.8377,0.8377,0.8377,0.838363806160606,0.8377,0.8401287132741702,0.78371227,0.7442,0.7310998337404617,0.7442,0.7656033354822906,0.7441999999999999,0.7442,0.7442,0.7310998337404616,0.7442,0.7656033354822905,1.027925,0.7972,0.7931221810056276,0.7972,0.80472482177004,0.7972,0.7972,0.7972,0.7931221810056277,0.7972,0.8047248217700399
143,90,9,2019.3790125585494,1920.9228042537875,0.60445106,0.7938,0.7955128210022601,0.7938,0.7992250479135821,0.7938,0.7938,0.7938,0.79551282100226,0.7938,0.799225047913582,0.69967234,0.8361,0.8368904267877861,0.8361000000000001,0.8391099911138461,0.8361,0.8361,0.8361,0.836890426787786,0.8361,0.8391099911138461,0.78305286,0.7485,0.7361463880493975,0.7485,0.7676994597670788,0.7485,0.7485,0.7485,0.7361463880493975,0.7485,0.767699459767079,0.99176913,0.798,0.7927556455330509,0.7979999999999999,0.8072227264417053,0.798,0.798,0.798,0.7927556455330509,0.798,0.8072227264417053
144,90,9,2019.4916695791717,1919.7962340475742,0.59521043,0.792,0.793807877760658,0.792,0.7971057067594767,0.792,0.792,0.792,0.793807877760658,0.792,0.7971057067594766,0.71177566,0.8343,0.8351310888595295,0.8343,0.8375505918590342,0.8343,0.8343,0.8343,0.8351310888595295,0.8343,0.8375505918590342,0.814504,0.7429,0.7295108298739333,0.7429,0.7665883097471836,0.7429,0.7429,0.7429,0.7295108298739333,0.7429,0.7665883097471835,1.0001754,0.7978,0.7945948035022715,0.7978000000000001,0.8067622890582928,0.7978,0.7978,0.7978,0.7945948035022715,0.7978,0.8067622890582928
145,90,9,2019.4820029299851,1919.8929005394457,0.6182589,0.7884,0.7926330440093121,0.7884,0.804045348158508,0.7884,0.7884,0.7884,0.7926330440093121,0.7884,0.8040453481585081,0.72133994,0.8318,0.8327811171908671,0.8318,0.8352795239045395,0.8318,0.8318,0.8318,0.832781117190867,0.8318,0.8352795239045394,0.7830466,0.7448,0.7346525162301576,0.7448,0.7688637401232886,0.7448,0.7448,0.7448,0.7346525162301575,0.7448,0.7688637401232887,1.0635816,0.7899,0.7846934090350938,0.7899,0.8006942311987194,0.7899,0.7899,0.7899,0.7846934090350939,0.7899,0.8006942311987194
146,90,9,2019.6939644313666,1917.7732855256352,0.61200845,0.7889,0.7912654051594488,0.7888999999999999,0.796839135071645,0.7889,0.7889,0.7889,0.7912654051594488,0.7889,0.7968391350716449,0.71094275,0.8391,0.8397728504426161,0.8391,0.841317244454741,0.8391,0.8391,0.8391,0.8397728504426161,0.8391,0.841317244454741,0.82052636,0.7388,0.723240652771553,0.7388,0.7645074800803396,0.7388,0.7388,0.7388,0.7232406527715531,0.7388,0.7645074800803395,1.0084813,0.7969,0.7918134434198203,0.7968999999999999,0.8086352836005597,0.7969,0.7969,0.7969,0.7918134434198203,0.7969,0.8086352836005598
147,90,9,2019.7510411251783,1917.202518587523,0.5894148,0.7981,0.7992074518800794,0.7981,0.8023617781560848,0.7981,0.7981,0.7981,0.7992074518800794,0.7981,0.8023617781560849,0.6992037,0.8342,0.8349323596835536,0.8342,0.8370032464012844,0.8342,0.8342,0.8342,0.8349323596835535,0.8342,0.8370032464012844,0.88029647,0.727,0.7101770985823668,0.7270000000000001,0.768122568074607,0.7269999999999999,0.727,0.727,0.7101770985823668,0.727,0.768122568074607,0.9660759,0.8034,0.8006629956049369,0.8033999999999999,0.810082244946378,0.8034,0.8034,0.8034,0.800662995604937,0.8034,0.8100822449463781
148,90,9,2019.7792921923842,1916.920007915494,0.5785804,0.8005,0.801473261535213,0.8004999999999999,0.8034711956628684,0.8005,0.8005,0.8005,0.801473261535213,0.8005,0.8034711956628682,0.7246498,0.8365,0.8372109116467383,0.8365,0.8392950390930022,0.8365,0.8365,0.8365,0.8372109116467382,0.8365,0.839295039093002,0.79462326,0.7402,0.7279368153646708,0.7402,0.772703940756937,0.7402,0.7402,0.7402,0.7279368153646708,0.7402,0.7727039407569372,1.017748,0.7997,0.7967645190062616,0.7997,0.8088540051142987,0.7997,0.7997,0.7997,0.7967645190062617,0.7997,0.8088540051142986
149,90,9,2019.8564276518616,1916.1486533207192,0.6000138,0.7951,0.797231791995973,0.7951,0.8019087300288164,0.7951,0.7951,0.7951,0.7972317919959729,0.7951,0.8019087300288162,0.7074667,0.8361,0.8369988189102877,0.8361000000000001,0.8396541695024581,0.8361,0.8361,0.8361,0.8369988189102876,0.8361,0.8396541695024582,0.7684178,0.7488,0.7388169715649479,0.7488,0.7778095182529571,0.7488,0.7488,0.7488,0.738816971564948,0.7488,0.7778095182529572,0.9762633,0.802,0.7999479335030174,0.8019999999999999,0.8147832749783752,0.802,0.802,0.802,0.7999479335030175,0.802,0.8147832749783754
150,90,9,2019.8433996089464,1916.278933749881,0.5968351,0.7981,0.8002975246656666,0.7981,0.8049805422300359,0.7981,0.7981,0.7981,0.8002975246656667,0.7981,0.8049805422300361,0.7114994,0.8377,0.8384282982598631,0.8376999999999999,0.8402029187016025,0.8377,0.8377,0.8377,0.8384282982598632,0.8377,0.8402029187016024,0.7671434,0.7525,0.7463017683905271,0.7525000000000001,0.7831091298802997,0.7525,0.7525,0.7525,0.7463017683905271,0.7525,0.7831091298802997,0.979781,0.804,0.8022570198874434,0.8039999999999999,0.8159667363087483,0.804,0.804,0.804,0.8022570198874432,0.804,0.8159667363087484
151,90,9,2019.7837308253922,1916.8756215854312,0.6058838,0.7891,0.7914281968384912,0.7891,0.7971354226147014,0.7891,0.7891,0.7891,0.7914281968384912,0.7891,0.7971354226147013,0.6942326,0.8352,0.836115852289765,0.8352,0.838203465910692,0.8352,0.8352,0.8352,0.8361158522897649,0.8352,0.8382034659106921,0.82352626,0.7339,0.7263337117491181,0.7339000000000001,0.7742643100005792,0.7338999999999999,0.7339,0.7339,0.7263337117491181,0.7339,0.774264310000579,0.9485629,0.7951,0.7950555512912374,0.7950999999999999,0.8134827006789553,0.7951,0.7951,0.7951,0.7950555512912373,0.7951,0.8134827006789552
152,90,9,2019.7131195855761,1917.5817339836103,0.5935111,0.7946,0.7962007465483929,0.7946,0.8007977106215536,0.7946000000000001,0.7946,0.7946,0.7962007465483928,0.7946,0.8007977106215536,0.7006848,0.8341,0.835128302496949,0.8341,0.8375613118975973,0.8341,0.8341,0.8341,0.835128302496949,0.8341,0.8375613118975974,0.78345966,0.7404,0.7369707203792986,0.7404,0.7835195859194617,0.7404,0.7404,0.7404,0.7369707203792984,0.7404,0.7835195859194617,0.9672002,0.7973,0.7986875482411703,0.7973,0.815831182028299,0.7973,0.7973,0.7973,0.7986875482411703,0.7973,0.815831182028299
153,90,9,2019.7715035652534,1916.9978941868362,0.5942812,0.796,0.7980527598194489,0.796,0.8026329254717046,0.796,0.796,0.796,0.7980527598194488,0.796,0.8026329254717046,0.6992193,0.835,0.8359513445669083,0.8350000000000002,0.8378979299714094,0.835,0.835,0.835,0.8359513445669084,0.835,0.8378979299714095,0.7732351,0.7425,0.7449091093920334,0.7425,0.7835010322444018,0.7425,0.7425,0.7425,0.7449091093920335,0.7425,0.7835010322444016,0.95924026,0.7982,0.7981552139264501,0.7982,0.8167965072291992,0.7981999999999999,0.7982,0.7982,0.7981552139264498,0.7982,0.8167965072291992
154,90,9,2019.7969597563251,1916.7433322761358,0.58151823,0.8015,0.8036393863042344,0.8015000000000001,0.8085272260596671,0.8015,0.8015,0.8015,0.8036393863042344,0.8015,0.808527226059667,0.697161,0.8325,0.8333816252910898,0.8324999999999999,0.835833141019716,0.8325,0.8325,0.8325,0.8333816252910897,0.8325,0.8358331410197161,0.68458813,0.7716,0.7700569634207103,0.7716000000000001,0.7940262631373919,0.7715999999999998,0.7716,0.7716,0.7700569634207102,0.7716,0.794026263137392,1.0379428,0.7993,0.7972341111963994,0.7992999999999999,0.81244366924466,0.7993,0.7993,0.7993,0.7972341111963994,0.7993,0.8124436692446602
155,90,9,2019.8590140187844,1916.1227896515547,0.5796707,0.8013,0.8020197573285965,0.8013,0.8038170320176814,0.8013,0.8013,0.8013,0.8020197573285966,0.8013,0.8038170320176812,0.7035529,0.8375,0.8382353651681009,0.8375,0.8402562401475538,0.8375,0.8375,0.8375,0.8382353651681009,0.8375,0.8402562401475537,0.80782366,0.7451,0.7362058426154763,0.7451000000000001,0.787119989307396,0.7451,0.7451,0.7451,0.7362058426154763,0.7451,0.787119989307396,1.0210466,0.8023,0.8011553421294245,0.8023,0.8103279384668788,0.8023000000000001,0.8023,0.8023,0.8011553421294245,0.8023,0.8103279384668787
156,90,9,2019.8950611658179,1915.7623181812185,0.5875224,0.795,0.7978674359632849,0.795,0.8038321876285496,0.795,0.795,0.795,0.7978674359632849,0.795,0.8038321876285495,0.6975944,0.8343,0.8354257139467585,0.8343,0.8379068229639903,0.8343,0.8343,0.8343,0.8354257139467584,0.8343,0.8379068229639904,0.77052313,0.7528,0.7448044569235194,0.7528,0.777136872338892,0.7528,0.7528,0.7528,0.7448044569235194,0.7528,0.7771368723388922,1.0025394,0.8057,0.8045486160969695,0.8057000000000001,0.8167396504719138,0.8057,0.8057,0.8057,0.8045486160969695,0.8057,0.8167396504719137
157,90,9,2019.8954073417285,1915.758856422117,0.5903103,0.7961,0.7985490298772016,0.7960999999999999,0.8031095254986355,0.7961,0.7961,0.7961,0.7985490298772016,0.7961,0.8031095254986355,0.69903576,0.8361,0.8368200862743864,0.8360999999999998,0.8387827339144824,0.8361,0.8361,0.8361,0.8368200862743864,0.8361,0.8387827339144823,0.7589499,0.7586,0.7502196583602204,0.7586,0.78085181537271,0.7586,0.7586,0.7586,0.7502196583602205,0.7586,0.7808518153727099,0.9454965,0.8077,0.8063571224970975,0.8077,0.815421787451462,0.8077,0.8077,0.8077,0.8063571224970975,0.8077,0.815421787451462
158,90,9,2020.004454065832,1914.668389181093,0.5720714,0.8023,0.8032025751315526,0.8023,0.8088468442680357,0.8023000000000001,0.8023,0.8023,0.8032025751315526,0.8023,0.8088468442680355,0.69608533,0.8356,0.8363649817830613,0.8356,0.8384776621942525,0.8355999999999999,0.8356,0.8356,0.8363649817830612,0.8356,0.8384776621942525,0.65871346,0.7781,0.7747984975931661,0.7781,0.7911944044314321,0.7781,0.7781,0.7781,0.7747984975931662,0.7781,0.7911944044314321,0.8488825,0.8182,0.8170653064950935,0.8182,0.8233681869221214,0.8182000000000001,0.8182,0.8182,0.8170653064950935,0.8182,0.8233681869221214
159,90,9,2020.2546935682324,1912.1659941570833,0.5982658,0.7922,0.7943335297823639,0.7922,0.7984709472568129,0.7922,0.7922,0.7922,0.7943335297823639,0.7922,0.798470947256813,0.70018244,0.8352,0.836136193129884,0.8351999999999998,0.8394159635440215,0.8352,0.8352,0.8352,0.836136193129884,0.8352,0.8394159635440216,0.7010964,0.7668,0.7644864405386026,0.7668,0.7845136467984745,0.7668000000000001,0.7668,0.7668,0.7644864405386026,0.7668,0.7845136467984745,0.9085166,0.8079,0.8073370359165942,0.8079000000000001,0.8159834766195377,0.8079,0.8079,0.8079,0.8073370359165941,0.8079,0.8159834766195376
160,90,9,2020.3225695183442,1911.4872346559869,0.5768169,0.801,0.8028754162121651,0.8009999999999999,0.806851499126165,0.801,0.801,0.801,0.8028754162121652,0.801,0.806851499126165,0.7035734,0.8377,0.838738845119736,0.8377000000000001,0.8416970602556999,0.8377,0.8377,0.8377,0.838738845119736,0.8377,0.8416970602556998,0.7801882,0.742,0.7361373396404248,0.742,0.7849939517237292,0.7419999999999999,0.742,0.742,0.7361373396404249,0.742,0.7849939517237291,0.92117834,0.8137,0.8133177558820807,0.8137000000000001,0.8209489763264525,0.8136999999999999,0.8137,0.8137,0.8133177558820809,0.8137,0.8209489763264526
161,90,9,2020.3925015636603,1910.7879142028312,0.5879356,0.7956,0.7985848985616524,0.7956000000000001,0.8051242634343136,0.7956,0.7956,0.7956,0.7985848985616524,0.7956,0.8051242634343136,0.6764617,0.8371,0.8378465662140547,0.8371000000000001,0.8401556194232997,0.8371000000000001,0.8371,0.8371,0.8378465662140548,0.8371,0.8401556194232999,0.65105206,0.7821,0.7808505833664092,0.7821,0.79567120856739,0.7821,0.7821,0.7821,0.7808505833664092,0.7821,0.7956712085673902,0.957225,0.7948,0.7954305081961051,0.7948000000000001,0.8175848782740347,0.7948,0.7948,0.7948,0.7954305081961051,0.7948,0.8175848782740348
162,90,9,2020.4816074390942,1909.896855448512,0.58769083,0.7981,0.7999665351798382,0.7981,0.8029990013122437,0.7981,0.7981,0.7981,0.7999665351798382,0.7981,0.8029990013122434,0.7009284,0.8367,0.8378278953683607,0.8367000000000001,0.8409954174723925,0.8367,0.8367,0.8367,0.8378278953683607,0.8367,0.8409954174723924,0.7604682,0.7514,0.7494011387788405,0.7514000000000001,0.7893849600694484,0.7514,0.7514,0.7514,0.7494011387788406,0.7514,0.7893849600694484,0.93370986,0.81,0.8084104286672016,0.8099999999999999,0.8171111588508506,0.81,0.81,0.81,0.8084104286672016,0.81,0.8171111588508506
163,90,9,2020.5806202286,1908.9067275534533,0.5862193,0.7962,0.7998054223631412,0.7962,0.8088554751831255,0.7962,0.7962,0.7962,0.7998054223631412,0.7962,0.8088554751831256,0.71665967,0.8375,0.8385375839370381,0.8375,0.8408102950556572,0.8375,0.8375,0.8375,0.8385375839370381,0.8375,0.8408102950556571,0.7955332,0.7482,0.740338206926072,0.7482000000000001,0.7862372986083763,0.7482,0.7482,0.7482,0.740338206926072,0.7482,0.7862372986083763,0.9300465,0.8022,0.804591873706681,0.8022,0.8203921691550242,0.8021999999999999,0.8022,0.8022,0.8045918737066808,0.8022,0.8203921691550243
164,90,9,2020.752085011334,1907.1920797261203,0.57536936,0.8006,0.8027407729920432,0.8006,0.806675314312305,0.8006,0.8006,0.8006,0.802740772992043,0.8006,0.806675314312305,0.6994998,0.8358,0.836664850638169,0.8358000000000001,0.8383043902095044,0.8358,0.8358,0.8358,0.8366648506381691,0.8358,0.8383043902095043,0.78286326,0.7484,0.7369308884578326,0.7484000000000001,0.7768534965305584,0.7484,0.7484,0.7484,0.7369308884578326,0.7484,0.7768534965305584,0.90819514,0.8019,0.8035819323361144,0.8019000000000001,0.81746171098287,0.8019,0.8019,0.8019,0.8035819323361145,0.8019,0.81746171098287
165,90,9,2020.788258661425,1906.8303432252173,0.5994167,0.7958,0.7973866577739794,0.7958000000000001,0.8009466014162268,0.7958,0.7958,0.7958,0.7973866577739793,0.7958,0.8009466014162268,0.70658654,0.8378,0.8388392602398286,0.8378,0.8415379954223123,0.8378,0.8378,0.8378,0.8388392602398284,0.8378,0.8415379954223122,0.6860416,0.7667,0.7686196540426465,0.7666999999999999,0.7893592469228363,0.7667,0.7667,0.7667,0.7686196540426466,0.7667,0.7893592469228364,0.870817,0.811,0.8123059092981698,0.8109999999999999,0.8259364466553413,0.811,0.811,0.811,0.8123059092981699,0.811,0.8259364466553414
166,90,9,2020.8535991004733,1906.1769388347582,0.57654804,0.8035,0.8045212240316368,0.8035,0.8087756043826021,0.8035,0.8035,0.8035,0.8045212240316371,0.8035,0.8087756043826022,0.7184172,0.8346,0.8357056570541352,0.8346,0.8388099490862336,0.8346,0.8346,0.8346,0.8357056570541352,0.8346,0.8388099490862336,0.7444608,0.7524,0.7526927462859487,0.7524,0.7864755044328958,0.7524,0.7524,0.7524,0.7526927462859487,0.7524,0.7864755044328957,0.9678311,0.7998,0.8011047772281064,0.7998000000000001,0.8173667414987861,0.7998,0.7998,0.7998,0.8011047772281062,0.7998,0.8173667414987862
167,90,9,2020.8459041008487,1906.2538888309994,0.58390707,0.797,0.7999561602697164,0.7969999999999999,0.8065052287500698,0.797,0.797,0.797,0.7999561602697164,0.797,0.8065052287500698,0.6980504,0.8396,0.8404513365248472,0.8396000000000001,0.8428394607300282,0.8396,0.8396,0.8396,0.840451336524847,0.8396,0.842839460730028,0.7079046,0.7666,0.7649377437188667,0.7666000000000001,0.7931978306838936,0.7665999999999998,0.7666,0.7666,0.7649377437188668,0.7666,0.7931978306838936,0.9883143,0.799,0.7983302651763047,0.799,0.8155153101464346,0.799,0.799,0.799,0.7983302651763047,0.799,0.8155153101464347
168,90,9,2020.845145714771,1906.2614726917866,0.5763521,0.7971,0.7990124280038593,0.7970999999999999,0.8042433383380729,0.7970999999999999,0.7971,0.7971,0.7990124280038592,0.7971,0.8042433383380728,0.70021534,0.8392,0.8400853235531562,0.8392,0.841960195774389,0.8392,0.8392,0.8392,0.8400853235531562,0.8392,0.8419601957743891,0.7259699,0.7574,0.7521315774091956,0.7574000000000001,0.7815081061031378,0.7574,0.7574,0.7574,0.7521315774091955,0.7574,0.7815081061031378,0.96651894,0.8038,0.8028293162666532,0.8038000000000001,0.8164200788432897,0.8038,0.8038,0.8038,0.802829316266653,0.8038,0.8164200788432897
169,90,9,2020.988857101545,1904.824358824059,0.5959017,0.7931,0.7954621714627892,0.7931000000000001,0.8009879726384741,0.7931,0.7931,0.7931,0.7954621714627891,0.7931,0.800987972638474,0.68965983,0.8362,0.8373262601303875,0.8362,0.8397585102929457,0.8362,0.8362,0.8362,0.8373262601303874,0.8362,0.8397585102929456,0.75952977,0.7477,0.7399225200366809,0.7477,0.7754050419761727,0.7477000000000001,0.7477,0.7477,0.739922520036681,0.7477,0.7754050419761729,0.94774806,0.8115,0.8103926705584774,0.8115,0.8205424312442645,0.8115,0.8115,0.8115,0.8103926705584774,0.8115,0.8205424312442645
170,90,9,2021.0687640906087,1904.0252889334342,0.5845258,0.7971,0.7992106351676902,0.7971,0.8024485153988759,0.7970999999999999,0.7971,0.7971,0.7992106351676902,0.7971,0.8024485153988757,0.68674815,0.8365,0.837657988495585,0.8365,0.8404776026350842,0.8365,0.8365,0.8365,0.837657988495585,0.8365,0.8404776026350844,0.7189326,0.7635,0.7585180241163872,0.7635,0.7854990609642154,0.7635,0.7635,0.7635,0.7585180241163872,0.7635,0.7854990609642154,0.97798616,0.8109,0.8092946838741119,0.8109,0.8212816892872004,0.8109,0.8109,0.8109,0.809294683874112,0.8109,0.8212816892872002
171,90,9,2021.045094541019,1904.2619844293342,0.593376,0.7951,0.7977261294517352,0.7950999999999999,0.802594803706223,0.7951,0.7951,0.7951,0.7977261294517352,0.7951,0.802594803706223,0.69799036,0.8333,0.8349251899500064,0.8333,0.8385226549549033,0.8333,0.8333,0.8333,0.8349251899500064,0.8333,0.8385226549549035,0.75930125,0.7506,0.747816470189759,0.7506000000000002,0.7819188256459364,0.7506,0.7506,0.7506,0.747816470189759,0.7506,0.7819188256459362,0.99823856,0.8099,0.807651266520536,0.8099000000000001,0.8179595466587637,0.8099,0.8099,0.8099,0.8076512665205361,0.8099,0.8179595466587637
172,90,9,2021.0247584239055,1904.4653456004833,0.60019743,0.795,0.7978941572386345,0.795,0.8054156039760203,0.795,0.795,0.795,0.7978941572386345,0.795,0.8054156039760203,0.69707024,0.8378,0.8391303588667238,0.8378,0.841996717479657,0.8378,0.8378,0.8378,0.8391303588667238,0.8378,0.8419967174796571,0.798284,0.7397,0.7309390839010982,0.7397,0.7783274086386511,0.7396999999999999,0.7397,0.7397,0.7309390839010983,0.7397,0.7783274086386511,0.98433894,0.8013,0.800509256054351,0.8013,0.814846250161016,0.8013,0.8013,0.8013,0.800509256054351,0.8013,0.814846250161016
173,90,9,2021.0435642383475,1904.2772874560671,0.600006,0.7928,0.7941191375319545,0.7928,0.7966766461770604,0.7928,0.7928,0.7928,0.7941191375319545,0.7928,0.7966766461770602,0.7051101,0.8349,0.8356256064057656,0.8349,0.8374409343937863,0.8349000000000001,0.8349,0.8349,0.8356256064057656,0.8349,0.8374409343937863,0.78288215,0.7443,0.7359542838257617,0.7443000000000001,0.7726498719216469,0.7443000000000001,0.7443,0.7443,0.7359542838257617,0.7443,0.7726498719216471,0.95498127,0.8036,0.8021938063045896,0.8036000000000001,0.8175856542778949,0.8036,0.8036,0.8036,0.8021938063045896,0.8036,0.8175856542778948
174,90,9,2021.1205255906718,1903.5076739328304,0.57445735,0.7992,0.800602331189706,0.7992,0.8032750204483321,0.7992,0.7992,0.7992,0.8006023311897061,0.7992,0.803275020448332,0.6972338,0.8374,0.8384699431069812,0.8374,0.8417421134175911,0.8374,0.8374,0.8374,0.8384699431069812,0.8374,0.8417421134175909,0.70794827,0.7634,0.7605498447433057,0.7634000000000001,0.7867840700139325,0.7634,0.7634,0.7634,0.7605498447433056,0.7634,0.7867840700139325,0.96943694,0.8061,0.8053375657674872,0.8061,0.8164932369940333,0.8060999999999999,0.8061,0.8061,0.8053375657674872,0.8061,0.8164932369940334
175,90,9,2021.2255053245738,1902.4578765938286,0.58547395,0.7964,0.7981942965730348,0.7964,0.8026710865500404,0.7964,0.7964,0.7964,0.7981942965730346,0.7964,0.8026710865500404,0.70363766,0.8381,0.8391452137690522,0.8381000000000001,0.8424295382869808,0.8381,0.8381,0.8381,0.8391452137690522,0.8381,0.8424295382869806,0.6880406,0.7605,0.7579363800448384,0.7605000000000001,0.774990294236636,0.7605,0.7605,0.7605,0.7579363800448383,0.7605,0.7749902942366361,0.98630196,0.8035,0.8012117435553856,0.8035,0.8145362090254018,0.8035,0.8035,0.8035,0.8012117435553856,0.8035,0.8145362090254018
176,90,9,2021.2245116399893,1902.4678134396697,0.59496844,0.7948,0.7984671807678041,0.7948000000000001,0.8078228584659041,0.7948,0.7948,0.7948,0.798467180767804,0.7948,0.8078228584659041,0.70916593,0.8361,0.8372213720598906,0.8361000000000001,0.8404004574529921,0.8361,0.8361,0.8361,0.8372213720598903,0.8361,0.840400457452992,0.7310666,0.7541,0.7540026739761501,0.7541,0.7792256558915781,0.7541,0.7541,0.7541,0.7540026739761501,0.7541,0.779225655891578,0.9913977,0.8047,0.8015111134341225,0.8046999999999999,0.8125261505034269,0.8047,0.8047,0.8047,0.8015111134341223,0.8047,0.8125261505034268
177,90,9,2021.292146354308,1901.791466296494,0.6115661,0.7865,0.7898509301709655,0.7865,0.7986653281520338,0.7865,0.7865,0.7865,0.7898509301709656,0.7865,0.7986653281520338,0.7090873,0.8338,0.835143578244209,0.8338000000000001,0.8381090847262722,0.8338,0.8338,0.8338,0.8351435782442092,0.8338,0.8381090847262723,0.7851665,0.748,0.7389684078947715,0.748,0.7737467498474072,0.748,0.748,0.748,0.7389684078947714,0.748,0.7737467498474072,0.99082434,0.7999,0.798563140686577,0.7998999999999999,0.8134990763147772,0.7999,0.7999,0.7999,0.7985631406865771,0.7999,0.8134990763147772
178,90,9,2021.545009737439,1899.2628324651887,0.6066469,0.7899,0.7924664277077149,0.7898999999999999,0.7999137751146936,0.7899,0.7899,0.7899,0.7924664277077149,0.7899,0.7999137751146936,0.70668525,0.8361,0.8372185842594311,0.8361000000000001,0.8399401095065974,0.8361,0.8361,0.8361,0.8372185842594312,0.8361,0.8399401095065976,0.8023016,0.7458,0.7359278795276605,0.7457999999999999,0.7704790939275199,0.7458,0.7458,0.7458,0.7359278795276603,0.7458,0.77047909392752,1.0095162,0.7955,0.7929023492616478,0.7955,0.8179366970519268,0.7955,0.7955,0.7955,0.7929023492616478,0.7955,0.8179366970519267
179,90,9,2021.6329400657053,1898.3835291825426,0.5820729,0.7969,0.7977600409606108,0.7968999999999999,0.7997549854421576,0.7969,0.7969,0.7969,0.7977600409606107,0.7969,0.7997549854421575,0.7024208,0.8388,0.8397148251750952,0.8388,0.8417841860201053,0.8388,0.8388,0.8388,0.8397148251750952,0.8388,0.8417841860201052,0.8004668,0.7346,0.7273514910831609,0.7346,0.7784764356259375,0.7346,0.7346,0.7346,0.7273514910831608,0.7346,0.7784764356259376,0.98575926,0.7935,0.7904201331135574,0.7935,0.8130557880497546,0.7935,0.7935,0.7935,0.7904201331135575,0.7935,0.8130557880497546
180,90,9,2021.6468307367447,1898.2446224721502,0.5978906,0.7939,0.7965279751734334,0.7938999999999999,0.8013896860092796,0.7938999999999999,0.7939,0.7939,0.7965279751734334,0.7939,0.8013896860092797,0.7020534,0.8369,0.8380095485419409,0.8369,0.8403344632991734,0.8369,0.8369,0.8369,0.8380095485419408,0.8369,0.8403344632991735,0.79099596,0.7429,0.7355831378316474,0.7428999999999999,0.7767004649561472,0.7429,0.7429,0.7429,0.7355831378316475,0.7429,0.7767004649561473,0.97507805,0.7958,0.7952902481441994,0.7958000000000001,0.817543875432718,0.7958,0.7958,0.7958,0.7952902481441994,0.7958,0.817543875432718
181,90,9,2021.7393540597366,1897.3193892422487,0.5982793,0.7953,0.7977103258206705,0.7952999999999999,0.8040814528154645,0.7953,0.7953,0.7953,0.7977103258206705,0.7953,0.8040814528154644,0.7096709,0.8341,0.8353790158067081,0.8341,0.8382053801866425,0.8341,0.8341,0.8341,0.835379015806708,0.8341,0.8382053801866423,0.79318273,0.7427,0.732344763654139,0.7427,0.7752332085645885,0.7427,0.7427,0.7427,0.732344763654139,0.7427,0.7752332085645885,0.9588395,0.7978,0.7974596999819937,0.7978000000000001,0.8212434126267392,0.7978,0.7978,0.7978,0.7974596999819937,0.7978,0.8212434126267392
182,90,9,2021.7825413430844,1896.8875164087792,0.5747112,0.7988,0.8010934415321744,0.7988000000000001,0.8059000302717557,0.7988,0.7988,0.7988,0.8010934415321742,0.7988,0.8059000302717556,0.72918713,0.8324,0.8338806164047886,0.8324,0.8377600470663495,0.8324,0.8324,0.8324,0.8338806164047886,0.8324,0.8377600470663495,0.7205739,0.755,0.756317660402978,0.755,0.7926523976861921,0.755,0.755,0.755,0.7563176604029781,0.755,0.7926523976861921,0.98923594,0.797,0.7960091574603144,0.7969999999999999,0.8126880774198086,0.797,0.797,0.797,0.7960091574603144,0.797,0.8126880774198088
183,90,9,2021.9485779264805,1895.22715057481,0.60457885,0.7894,0.7928794565689078,0.7894,0.8011398043225046,0.7894,0.7894,0.7894,0.7928794565689078,0.7894,0.8011398043225049,0.7073082,0.8347,0.8356636552664011,0.8347,0.83779089002744,0.8347,0.8347,0.8347,0.8356636552664011,0.8347,0.83779089002744,0.7465166,0.7478,0.7470929213566849,0.7478,0.7769294258195246,0.7478,0.7478,0.7478,0.7470929213566849,0.7478,0.7769294258195246,0.91538143,0.8002,0.8007647137021923,0.8002,0.8184053435422767,0.8002000000000001,0.8002,0.8002,0.800764713702192,0.8002,0.8184053435422766
184,90,9,2022.0719653215613,1893.99327662402,0.58293164,0.7968,0.7995090379568026,0.7968000000000001,0.8058161194599114,0.7968,0.7968,0.7968,0.7995090379568026,0.7968,0.8058161194599114,0.71132505,0.8336,0.8349924662499824,0.8336,0.8385773721008727,0.8336,0.8336,0.8336,0.8349924662499824,0.8336,0.8385773721008727,0.7184158,0.7546,0.752611403230335,0.7545999999999999,0.7825015462906284,0.7546,0.7546,0.7546,0.752611403230335,0.7546,0.7825015462906284,0.9990363,0.7932,0.7930168024366034,0.7932,0.8098455863195264,0.7932,0.7932,0.7932,0.7930168024366034,0.7932,0.8098455863195263
185,90,9,2022.152764328129,1893.1852865583517,0.603969,0.7936,0.7961555267566075,0.7936,0.8027144987720503,0.7936,0.7936,0.7936,0.7961555267566075,0.7936,0.8027144987720501,0.7062235,0.8335,0.8350553959692576,0.8334999999999999,0.838892969850227,0.8335,0.8335,0.8335,0.8350553959692574,0.8335,0.838892969850227,0.7248045,0.7592,0.7558951166190694,0.7592,0.7819561348814009,0.7592,0.7592,0.7592,0.7558951166190694,0.7592,0.7819561348814009,0.937643,0.804,0.8023867554939897,0.8039999999999999,0.8177877638711015,0.804,0.804,0.804,0.8023867554939897,0.804,0.8177877638711015
186,90,9,2022.3769384469572,1890.9435453700712,0.5918733,0.7967,0.7989377279867801,0.7967,0.8034037956701562,0.7967,0.7967,0.7967,0.7989377279867802,0.7967,0.8034037956701562,0.71213347,0.8359,0.8370411748757245,0.8359,0.8394598128332648,0.8359,0.8359,0.8359,0.8370411748757244,0.8359,0.8394598128332648,0.73894405,0.7525,0.7466437663973047,0.7525000000000001,0.7764171633735982,0.7525,0.7525,0.7525,0.7466437663973047,0.7525,0.776417163373598,0.9725025,0.7995,0.7979040765363614,0.7994999999999999,0.8144564866591084,0.7995,0.7995,0.7995,0.7979040765363615,0.7995,0.8144564866591084
187,90,9,2022.4511028158436,1890.201901681227,0.5958163,0.794,0.7963856780277502,0.794,0.8010905218494001,0.7940000000000002,0.794,0.794,0.7963856780277503,0.794,0.8010905218494,0.7185023,0.8316,0.8324535426880464,0.8315999999999999,0.8343225146618127,0.8316,0.8316,0.8316,0.8324535426880466,0.8316,0.8343225146618127,0.7429152,0.7572,0.7501718838009229,0.7572000000000001,0.7755659819967569,0.7572,0.7572,0.7572,0.7501718838009229,0.7572,0.7755659819967569,0.95080733,0.7992,0.7975120892157724,0.7992000000000001,0.816665354523779,0.7992,0.7992,0.7992,0.7975120892157725,0.7992,0.816665354523779
188,90,9,2022.5119217230492,1889.5937126091703,0.59040314,0.7973,0.7994620564710491,0.7973,0.8037854822466821,0.7973,0.7973,0.7973,0.7994620564710491,0.7973,0.8037854822466822,0.7118926,0.835,0.8358974727018934,0.835,0.8374766594108276,0.835,0.835,0.835,0.8358974727018934,0.835,0.8374766594108276,0.76659036,0.7463,0.7432898698936439,0.7463,0.7848547325126909,0.7462999999999999,0.7463,0.7463,0.743289869893644,0.7463,0.784854732512691,0.9762869,0.8062,0.8031545143289378,0.8061999999999999,0.8109586503984726,0.8062,0.8062,0.8062,0.8031545143289378,0.8062,0.8109586503984726
189,90,9,2022.4291379677443,1890.4215501622307,0.57954687,0.8024,0.8039383291980089,0.8024000000000001,0.8069003472406464,0.8024,0.8024,0.8024,0.8039383291980087,0.8024,0.8069003472406465,0.6934377,0.8346,0.8355252821009952,0.8346,0.8380362096585403,0.8346,0.8346,0.8346,0.8355252821009952,0.8346,0.8380362096585402,0.7294515,0.7626,0.7557117695559046,0.7626,0.7860154677669079,0.7626,0.7626,0.7626,0.7557117695559046,0.7626,0.7860154677669079,0.9682683,0.8059,0.802745302961324,0.8059000000000001,0.8139816463111131,0.8059,0.8059,0.8059,0.8027453029613241,0.8059,0.813981646311113
190,90,9,2022.527561012226,1889.4373197174255,0.5826501,0.8019,0.8043495381313797,0.8019000000000001,0.8094934814501175,0.8019,0.8019,0.8019,0.8043495381313797,0.8019,0.8094934814501176,0.71183527,0.8371,0.8382056498023658,0.8371000000000001,0.840407560606763,0.8371000000000001,0.8371,0.8371,0.838205649802366,0.8371,0.840407560606763,0.657447,0.78,0.7776792554829098,0.78,0.7900874438434099,0.78,0.78,0.78,0.7776792554829098,0.78,0.7900874438434097,0.9554367,0.8065,0.8041910123610959,0.8065,0.8143686169610336,0.8065,0.8065,0.8065,0.804191012361096,0.8065,0.8143686169610335
191,90,9,2022.5513918273284,1889.1990115664069,0.5819872,0.7996,0.8021192691407452,0.7996,0.8081148804089148,0.7996,0.7996,0.7996,0.8021192691407452,0.7996,0.8081148804089149,0.71756643,0.837,0.8378702960670721,0.837,0.8399426854832,0.8370000000000001,0.837,0.837,0.8378702960670719,0.837,0.8399426854832,0.6744376,0.7708,0.7698982175608109,0.7707999999999999,0.7857687169752097,0.7708,0.7708,0.7708,0.7698982175608111,0.7708,0.7857687169752096,0.96149373,0.8102,0.8088603529435234,0.8102,0.8171930725051647,0.8102000000000001,0.8102,0.8102,0.8088603529435234,0.8102,0.8171930725051648
192,90,9,2022.631754649797,1888.3953833417395,0.5887363,0.7952,0.7978727163120177,0.7952,0.8034698650569065,0.7952000000000001,0.7952,0.7952,0.7978727163120176,0.7952,0.8034698650569068,0.68984276,0.8372,0.8378663202861295,0.8372000000000002,0.8390465650609163,0.8372,0.8372,0.8372,0.8378663202861295,0.8372,0.8390465650609163,0.7554477,0.7457,0.7434694313492521,0.7457,0.7785010229894762,0.7457,0.7457,0.7457,0.7434694313492523,0.7457,0.7785010229894762,0.92934453,0.8065,0.8050053739491988,0.8065,0.8149160344976929,0.8065,0.8065,0.8065,0.8050053739491988,0.8065,0.814916034497693
193,90,9,2022.6977589577623,1887.735340262072,0.5653853,0.8047,0.8060700080107358,0.8047000000000001,0.8083505117772465,0.8047,0.8047,0.8047,0.8060700080107357,0.8047,0.8083505117772465,0.7089139,0.8351,0.8360094127092715,0.8351,0.8384161553616574,0.8351,0.8351,0.8351,0.8360094127092714,0.8351,0.8384161553616571,0.6885885,0.7683,0.7653249595634808,0.7683,0.7829788284476696,0.7683,0.7683,0.7683,0.7653249595634808,0.7683,0.7829788284476698,1.0183218,0.8012,0.7990532535301572,0.8011999999999999,0.8087624427449775,0.8012,0.8012,0.8012,0.7990532535301572,0.8012,0.8087624427449777
194,90,9,2022.7543576938228,1887.1693529014783,0.5801117,0.7986,0.8010456368071583,0.7986,0.8058983474391347,0.7986,0.7986,0.7986,0.8010456368071583,0.7986,0.8058983474391347,0.7022993,0.8378,0.8385918808017152,0.8378,0.8407517593713468,0.8378,0.8378,0.8378,0.8385918808017153,0.8378,0.8407517593713468,0.75779307,0.7528,0.7450656290886005,0.7527999999999999,0.781629449946934,0.7528,0.7528,0.7528,0.7450656290886005,0.7528,0.781629449946934,0.9897584,0.7978,0.796135545892076,0.7978,0.8127986393748035,0.7978,0.7978,0.7978,0.7961355458920761,0.7978,0.8127986393748036
195,90,9,2022.7514458311941,1887.198471527773,0.5993749,0.7943,0.7974700458482162,0.7943,0.8054857375197304,0.7943,0.7943,0.7943,0.797470045848216,0.7943,0.8054857375197304,0.7092605,0.8372,0.8383198822433732,0.8371999999999999,0.8408749266858104,0.8372,0.8372,0.8372,0.8383198822433733,0.8372,0.8408749266858105,0.78719294,0.7457,0.7402188119681983,0.7457,0.7838520548512585,0.7457,0.7457,0.7457,0.7402188119681983,0.7457,0.7838520548512584,0.9893075,0.8016,0.7984641553510838,0.8016,0.8139341628197082,0.8016,0.8016,0.8016,0.7984641553510838,0.8016,0.813934162819708
196,90,9,2022.8312617135855,1886.400312703883,0.6076783,0.7887,0.7906030481807624,0.7887000000000001,0.7979155368649118,0.7887,0.7887,0.7887,0.7906030481807624,0.7887,0.7979155368649117,0.70091385,0.8349,0.8361482643718494,0.8349,0.8387471784863632,0.8349000000000001,0.8349,0.8349,0.8361482643718495,0.8349,0.8387471784863632,0.7976294,0.7453,0.7341443060363873,0.7453000000000001,0.7734864894091465,0.7453,0.7453,0.7453,0.7341443060363873,0.7453,0.7734864894091465,0.9994585,0.7996,0.7970884016901906,0.7996000000000001,0.8116975042327104,0.7996,0.7996,0.7996,0.7970884016901907,0.7996,0.8116975042327104
197,90,9,2022.8363006903105,1886.3499229366362,0.5823603,0.801,0.8030900657543484,0.8009999999999999,0.8071900532523244,0.801,0.801,0.801,0.8030900657543484,0.801,0.8071900532523245,0.69020134,0.8391,0.8401355368027996,0.8391,0.842701301814911,0.8391,0.8391,0.8391,0.8401355368027996,0.8391,0.842701301814911,0.7680427,0.7514,0.7428357716277483,0.7514000000000001,0.7746343566499071,0.7514,0.7514,0.7514,0.7428357716277484,0.7514,0.7746343566499071,1.0187058,0.8026,0.7978994705690274,0.8026,0.8126415275426637,0.8026,0.8026,0.8026,0.7978994705690273,0.8026,0.8126415275426638
198,90,9,2022.8856114247956,1885.8568155917937,0.5842587,0.8,0.8019708290785876,0.7999999999999999,0.8077733163859635,0.8000000000000002,0.8,0.8,0.8019708290785875,0.8,0.8077733163859633,0.69099975,0.8351,0.8361902855668093,0.8351000000000001,0.838992303439196,0.8351,0.8351,0.8351,0.8361902855668093,0.8351,0.8389923034391958,0.7173635,0.7612,0.7546140586564238,0.7612,0.7803449262475206,0.7612,0.7612,0.7612,0.7546140586564238,0.7612,0.7803449262475206,0.9970885,0.8016,0.7975903521129225,0.8016,0.8136994719981517,0.8016,0.8016,0.8016,0.7975903521129224,0.8016,0.8136994719981517
199,90,9,2022.9481101972808,1885.2318278669545,0.588418,0.7964,0.7988708908352036,0.7964,0.803777974556553,0.7964,0.7964,0.7964,0.7988708908352036,0.7964,0.8037779745565529,0.6906888,0.836,0.8374023602107006,0.836,0.8404573251556284,0.836,0.836,0.836,0.8374023602107005,0.836,0.8404573251556283,0.7717262,0.7483,0.7426194006669216,0.7483,0.7739413684273934,0.7483,0.7483,0.7483,0.7426194006669214,0.7483,0.7739413684273935,0.99898,0.8009,0.7988051801007598,0.8009000000000001,0.8135970336809534,0.8008999999999998,0.8009,0.8009,0.7988051801007597,0.8009,0.8135970336809534
200,90,9,2022.9782415054797,1884.9305147849639,0.62531036,0.782,0.7865974290778049,0.782,0.7966767517466782,0.782,0.782,0.782,0.7865974290778048,0.782,0.7966767517466782,0.6936621,0.8353,0.8363039699705921,0.8352999999999999,0.8393185967909759,0.8353,0.8353,0.8353,0.836303969970592,0.8353,0.8393185967909758,0.84237874,0.7318,0.727003472561952,0.7318,0.7685525684800162,0.7317999999999999,0.7318,0.7318,0.7270034725619521,0.7318,0.7685525684800161,0.9799467,0.8061,0.8038046246361418,0.8061,0.8128246144116387,0.8060999999999999,0.8061,0.8061,0.803804624636142,0.8061,0.8128246144116386
