round,active_ordinary_count,active_anomaly_count,avg_ordinary_tokens,avg_anomaly_tokens,test_loss_offline,test_acc_offline,test_macro_f1_offline,test_macro_recall_offline,test_macro_precision_offline,test_micro_f1_offline,test_micro_recall_offline,test_micro_precision_offline,test_weighted_f1_offline,test_weighted_recall_offline,test_weighted_precision_offline,test_loss_online,test_acc_online,test_macro_f1_online,test_macro_recall_online,test_macro_precision_online,test_micro_f1_online,test_micro_recall_online,test_micro_precision_online,test_weighted_f1_online,test_weighted_recall_online,test_weighted_precision_online,test_loss_offline_backdoor,test_acc_offline_backdoor,test_macro_f1_offline_backdoor,test_macro_recall_offline_backdoor,test_macro_precision_offline_backdoor,test_micro_f1_offline_backdoor,test_micro_recall_offline_backdoor,test_micro_precision_offline_backdoor,test_weighted_f1_offline_backdoor,test_weighted_recall_offline_backdoor,test_weighted_precision_offline_backdoor,test_loss_online_backdoor,test_acc_online_backdoor,test_macro_f1_online_backdoor,test_macro_recall_online_backdoor,test_macro_precision_online_backdoor,test_micro_f1_online_backdoor,test_micro_recall_online_backdoor,test_micro_precision_online_backdoor,test_weighted_f1_online_backdoor,test_weighted_recall_online_backdoor,test_weighted_precision_online_backdoor
0,90,10,2000.0,2000.0,2.5863771,0.0934,0.03320786520451598,0.0934,0.15728475785051094,0.0934,0.0934,0.0934,0.03320786520451598,0.0934,0.15728475785051094,0.6094369,0.8054,0.8053031805966862,0.8054,0.8056771687059451,0.8054,0.8054,0.8054,0.8053031805966862,0.8054,0.8056771687059451,2.5591645,0.092,0.028773775280510006,0.092,0.09692509603477405,0.092,0.092,0.092,0.028773775280510006,0.092,0.09692509603477405,0.6513363,0.8053,0.8062657311626923,0.8053000000000001,0.8079856788258303,0.8053,0.8053,0.8053,0.8062657311626922,0.8053,0.8079856788258304
1,90,10,2013.3703795408824,1879.666584131934,0.625994,0.7823,0.7827475344642809,0.7823,0.7847083730144591,0.7823,0.7823,0.7823,0.7827475344642808,0.7823,0.7847083730144592,0.6960919,0.8048,0.8051280579710914,0.8048,0.8059005847934928,0.8048,0.8048,0.8048,0.8051280579710915,0.8048,0.8059005847934928,0.6429947,0.7794,0.779805171581131,0.7794000000000001,0.7835510765797343,0.7793999999999999,0.7794,0.7794,0.7798051715811312,0.7794,0.7835510765797342,0.6983975,0.8052,0.8057471597930203,0.8051999999999999,0.808653173831568,0.8052000000000001,0.8052,0.8052,0.8057471597930203,0.8052,0.8086531738315679
2,90,10,2019.9743130355944,1820.231182679438,0.64359,0.7882,0.7890745226729601,0.7882,0.7930176358880733,0.7882,0.7882,0.7882,0.78907452267296,0.7882,0.7930176358880733,0.75745857,0.8069,0.807307245369298,0.8069,0.808209556067274,0.8069,0.8069,0.8069,0.807307245369298,0.8069,0.8082095560672738,0.6746101,0.7735,0.7761003644566417,0.7735000000000001,0.790447059231612,0.7735,0.7735,0.7735,0.7761003644566417,0.7735,0.790447059231612,0.76219285,0.8053,0.8062165494474234,0.8052999999999999,0.8112081320491313,0.8053,0.8053,0.8053,0.8062165494474234,0.8053,0.8112081320491313
3,90,10,2026.0513403867003,1765.537936519409,0.64973694,0.7948,0.7947919289201756,0.7948000000000001,0.7954399551988798,0.7948,0.7948,0.7948,0.7947919289201756,0.7948,0.7954399551988799,0.76160413,0.8103,0.8105750791562928,0.8102999999999998,0.8111893140340806,0.8103,0.8103,0.8103,0.8105750791562929,0.8103,0.8111893140340806,0.660399,0.7859,0.7858434969985988,0.7859,0.7897663971848258,0.7859,0.7859,0.7859,0.7858434969985989,0.7859,0.7897663971848257,0.75891453,0.8065,0.8066060647841462,0.8065,0.8100446506140931,0.8065,0.8065,0.8065,0.8066060647841463,0.8065,0.8100446506140931
4,90,10,2031.808189270664,1713.726296563652,0.6556497,0.7957,0.7957632551461103,0.7957,0.7968575273813807,0.7956999999999999,0.7957,0.7957,0.7957632551461102,0.7957,0.7968575273813806,0.77739453,0.812,0.8122402596528305,0.812,0.8128419409995512,0.8119999999999999,0.812,0.812,0.8122402596528305,0.812,0.8128419409995513,0.6435699,0.7926,0.7918605454571599,0.7926,0.7934628258414602,0.7926,0.7926,0.7926,0.7918605454571599,0.7926,0.7934628258414602,0.77202946,0.8108,0.8102485653426308,0.8108000000000001,0.812267268091244,0.8108,0.8108,0.8108,0.8102485653426307,0.8108,0.8122672680912442
5,90,10,2037.942219617403,1658.520023442868,0.65619373,0.7954,0.7951628674579696,0.7954000000000001,0.7961874525317064,0.7953999999999999,0.7954,0.7954,0.7951628674579697,0.7954,0.7961874525317064,0.7866249,0.8138,0.8139840340744314,0.8138,0.8143076283012274,0.8138,0.8138,0.8138,0.8139840340744313,0.8138,0.8143076283012274,0.65602386,0.7905,0.7895456899125217,0.7905,0.7926105745982749,0.7905,0.7905,0.7905,0.7895456899125216,0.7905,0.7926105745982749,0.8031974,0.8087,0.8079546325959466,0.8087,0.8100253186402879,0.8086999999999999,0.8087,0.8087,0.8079546325959466,0.8087,0.8100253186402879
6,90,10,2043.6194989937205,1607.4245090558966,0.650145,0.8017,0.8018959694978598,0.8017,0.8028758329390658,0.8017,0.8017,0.8017,0.8018959694978597,0.8017,0.8028758329390657,0.7935814,0.8178,0.8178942541540992,0.8178000000000001,0.8183010911211033,0.8178,0.8178,0.8178,0.8178942541540991,0.8178,0.8183010911211034,0.65049165,0.7945,0.7941347289224499,0.7945,0.7969681406135581,0.7945,0.7945,0.7945,0.7941347289224499,0.7945,0.7969681406135581,0.79479563,0.8095,0.8081224328635287,0.8095000000000001,0.8101548659516775,0.8095,0.8095,0.8095,0.8081224328635286,0.8095,0.8101548659516775
7,90,10,2049.386230337577,1555.5239269610527,0.6735234,0.8016,0.8015823358361972,0.8016,0.8025727480384587,0.8016,0.8016,0.8016,0.8015823358361971,0.8016,0.8025727480384587,0.80256367,0.8168,0.8170036298960788,0.8168000000000001,0.8175003967197624,0.8167999999999999,0.8168,0.8168,0.8170036298960788,0.8168,0.8175003967197623,0.66589224,0.799,0.7988200226732483,0.799,0.800345670090499,0.799,0.799,0.799,0.7988200226732483,0.799,0.800345670090499,0.8023639,0.8109,0.8103288327845413,0.8109,0.8120002821655472,0.8109,0.8109,0.8109,0.8103288327845412,0.8109,0.8120002821655471
8,90,10,2055.378379635619,1501.5945832785887,0.65956366,0.8041,0.8046509894702597,0.8041,0.805659097096977,0.8041000000000001,0.8041,0.8041,0.8046509894702596,0.8041,0.8056590970969771,0.7867575,0.8176,0.8177940506701737,0.8176,0.8183752718623151,0.8176,0.8176,0.8176,0.8177940506701736,0.8176,0.818375271862315,0.6651851,0.7921,0.793183561980967,0.7921,0.7975322083915399,0.7921000000000001,0.7921,0.7921,0.793183561980967,0.7921,0.7975322083915398,0.79623014,0.8026,0.8023513430196394,0.8026,0.8062943312788743,0.8026,0.8026,0.8026,0.8023513430196394,0.8026,0.8062943312788743
9,90,10,2061.9021138439784,1442.8809754032507,0.65724397,0.8037,0.8034376982531557,0.8037000000000001,0.8049281802727247,0.8037000000000001,0.8037,0.8037,0.8034376982531555,0.8037,0.8049281802727247,0.79455554,0.8211,0.8210895774890143,0.8211,0.8214320144336804,0.8211,0.8211,0.8211,0.8210895774890145,0.8211,0.8214320144336805,0.6703479,0.7932,0.7923845986867858,0.7932000000000001,0.7963474570349756,0.7932,0.7932,0.7932,0.7923845986867858,0.7932,0.7963474570349756,0.80067396,0.8116,0.8108087540410066,0.8116,0.8125524503394495,0.8115999999999999,0.8116,0.8116,0.8108087540410065,0.8116,0.8125524503394496
10,90,10,2067.4123459146817,1393.288886766816,0.6459859,0.8071,0.806931361596867,0.8070999999999999,0.8071628351523887,0.8071,0.8071,0.8071,0.806931361596867,0.8071,0.8071628351523887,0.80324656,0.82,0.8200838075370985,0.82,0.8206028319862886,0.82,0.82,0.82,0.8200838075370984,0.82,0.8206028319862886,0.6393318,0.8008,0.8017875580134545,0.8008,0.8046334611257213,0.8008,0.8008,0.8008,0.8017875580134546,0.8008,0.8046334611257212,0.79905224,0.8141,0.8142787878893565,0.8141,0.8153994824347969,0.8141,0.8141,0.8141,0.8142787878893565,0.8141,0.8153994824347969
11,90,10,2073.521270516018,1338.308565354703,0.65153223,0.807,0.8066974029825269,0.807,0.8087337246578375,0.807,0.807,0.807,0.8066974029825268,0.807,0.8087337246578377,0.7999704,0.8219,0.8218978500260239,0.8219,0.8222568766648731,0.8219,0.8219,0.8219,0.8218978500260239,0.8219,0.822256876664873,0.6550882,0.7975,0.7982596435672741,0.7974999999999999,0.8018731200807288,0.7975,0.7975,0.7975,0.7982596435672741,0.7975,0.801873120080729,0.812223,0.8093,0.8102447033972349,0.8092999999999998,0.8132146165968045,0.8093,0.8093,0.8093,0.8102447033972349,0.8093,0.8132146165968046
12,90,10,2078.7329989637865,1291.4030093247043,0.655047,0.8029,0.8031204261967408,0.8029,0.8053788705918741,0.8029,0.8029,0.8029,0.8031204261967407,0.8029,0.8053788705918742,0.7939109,0.8215,0.8216036805458165,0.8215,0.8220914292486766,0.8215,0.8215,0.8215,0.8216036805458165,0.8215,0.8220914292486766,0.67792016,0.7867,0.7884853022147436,0.7867,0.7950070516984081,0.7867,0.7867,0.7867,0.7884853022147434,0.7867,0.7950070516984081,0.81434864,0.809,0.8104159506865669,0.8089999999999999,0.8133767858480446,0.809,0.809,0.809,0.810415950686567,0.809,0.8133767858480447
13,90,10,2084.003850636457,1243.9653442705587,0.64334095,0.8095,0.8092228645972938,0.8094999999999999,0.8092778088339913,0.8095,0.8095,0.8095,0.8092228645972936,0.8095,0.8092778088339913,0.80109465,0.8207,0.8206047482465163,0.8207000000000001,0.8207670259470172,0.8207,0.8207,0.8207,0.8206047482465163,0.8207,0.8207670259470171,0.69066197,0.7926,0.7923270303387009,0.7926,0.7979761048692101,0.7926,0.7926,0.7926,0.7923270303387009,0.7926,0.7979761048692102,0.83581984,0.8082,0.8081536227797006,0.8082,0.8114926302245076,0.8082,0.8082,0.8082,0.8081536227797006,0.8082,0.8114926302245076
14,90,10,2089.3054038599785,1196.2513652587777,0.6538744,0.8066,0.8067154486238548,0.8066000000000001,0.8083079526747297,0.8066,0.8066,0.8066,0.8067154486238547,0.8066,0.8083079526747297,0.79736006,0.822,0.8219258855146245,0.8220000000000001,0.822312961676736,0.822,0.822,0.822,0.8219258855146245,0.822,0.822312961676736,0.67017394,0.798,0.797955426537539,0.798,0.8014143253255319,0.798,0.798,0.798,0.797955426537539,0.798,0.8014143253255319,0.8215846,0.8145,0.8138806899963063,0.8145,0.8162356077569337,0.8145,0.8145,0.8145,0.8138806899963063,0.8145,0.8162356077569338
15,90,10,2094.340419206285,1150.9362271419382,0.65315276,0.8083,0.8082551737557857,0.8083,0.8088479071143508,0.8083,0.8083,0.8083,0.8082551737557856,0.8083,0.8088479071143508,0.7968558,0.8248,0.8246608198148895,0.8248,0.8250116833343405,0.8248,0.8248,0.8248,0.8246608198148895,0.8248,0.8250116833343405,0.65483487,0.8014,0.8010582866010185,0.8013999999999999,0.802858443037841,0.8014,0.8014,0.8014,0.8010582866010186,0.8014,0.802858443037841,0.81004983,0.8133,0.8129099742905599,0.8133000000000001,0.8154712980359085,0.8133,0.8133,0.8133,0.8129099742905599,0.8133,0.8154712980359085
16,90,10,2099.657205786045,1103.085147923994,0.633286,0.8122,0.8116605214585189,0.8122,0.8115987073948571,0.8122,0.8122,0.8122,0.8116605214585189,0.8122,0.8115987073948571,0.7989353,0.8243,0.8241718093113815,0.8243,0.824605482359533,0.8243,0.8243,0.8243,0.8241718093113813,0.8243,0.824605482359533,0.6434182,0.805,0.8039051858867582,0.805,0.8048027247895966,0.805,0.805,0.805,0.8039051858867582,0.805,0.8048027247895967,0.8173007,0.8157,0.8147451430163629,0.8157,0.815506894105817,0.8156999999999999,0.8157,0.8157,0.8147451430163631,0.8157,0.8155068941058172
17,90,8,2104.8717089191464,1076.6999401657617,0.64984435,0.8101,0.80942912874229,0.8101,0.8099099578418564,0.8101,0.8101,0.8101,0.80942912874229,0.8101,0.8099099578418563,0.7996153,0.8244,0.824109326064837,0.8244,0.8242981852927065,0.8244,0.8244,0.8244,0.8241093260648368,0.8244,0.8242981852927065,0.6813094,0.7988,0.7973253398343696,0.7988000000000001,0.8009829076208801,0.7988,0.7988,0.7988,0.7973253398343695,0.7988,0.8009829076208803,0.82982284,0.8128,0.8114644784462254,0.8128,0.8132356461893492,0.8128,0.8128,0.8128,0.8114644784462253,0.8128,0.8132356461893492
18,90,6,2110.0227506877886,1029.670216380562,0.660257,0.8106,0.809198141671002,0.8106,0.8096455856135965,0.8106,0.8106,0.8106,0.809198141671002,0.8106,0.8096455856135965,0.8137421,0.8227,0.8223529913161443,0.8227,0.822437040705897,0.8227,0.8227,0.8227,0.8223529913161443,0.8227,0.8224370407058971,0.67533153,0.8011,0.7992352110965859,0.8010999999999999,0.8014161270542164,0.8011,0.8011,0.8011,0.7992352110965859,0.8011,0.8014161270542166,0.8280838,0.8112,0.8100615758733877,0.8112,0.8118873130262256,0.8112,0.8112,0.8112,0.8100615758733877,0.8112,0.8118873130262256
19,90,1,2113.195686504159,1022.5852477999775,0.6380973,0.8144,0.8139365683858429,0.8144,0.8144165793478313,0.8144,0.8144,0.8144,0.8139365683858428,0.8144,0.8144165793478313,0.8333303,0.8238,0.8236666112646158,0.8238,0.8239707275414118,0.8238,0.8238,0.8238,0.8236666112646155,0.8238,0.8239707275414119,0.66344595,0.8001,0.7989782255195834,0.8001000000000001,0.8018842038053015,0.8000999999999999,0.8001,0.8001,0.7989782255195834,0.8001,0.8018842038053013,0.8398789,0.8135,0.8125329813741236,0.8135,0.8141353417337944,0.8135,0.8135,0.8135,0.8125329813741236,0.8135,0.8141353417337944
20,90,0,2113.7116724587736,0.0,0.65637183,0.8136,0.813859180263071,0.8135999999999999,0.816718021985406,0.8136,0.8136,0.8136,0.813859180263071,0.8136,0.816718021985406,0.8300853,0.8274,0.8272449091411185,0.8274000000000001,0.8274202762946772,0.8274,0.8274,0.8274,0.8272449091411185,0.8274,0.8274202762946771,0.6747114,0.799,0.7985888467318556,0.799,0.8057440059213592,0.799,0.799,0.799,0.7985888467318557,0.799,0.8057440059213593,0.8201158,0.8196,0.8188754445768136,0.8196,0.8202294724685121,0.8196,0.8196,0.8196,0.8188754445768135,0.8196,0.8202294724685122
21,90,0,2113.7116724587827,0.0,0.66142046,0.8149,0.8152317006577535,0.8149000000000001,0.8180586471852251,0.8149000000000001,0.8149,0.8149,0.8152317006577535,0.8149,0.8180586471852254,0.8263897,0.8308,0.8306841702504564,0.8308,0.8308385684774138,0.8308,0.8308,0.8308,0.8306841702504562,0.8308,0.8308385684774139,0.66770804,0.8044,0.8038837496124283,0.8043999999999999,0.8103819024219334,0.8044,0.8044,0.8044,0.8038837496124283,0.8044,0.8103819024219335,0.8183931,0.8215,0.8207273522681053,0.8215,0.8222627656971024,0.8215,0.8215,0.8215,0.8207273522681051,0.8215,0.8222627656971024
22,90,0,2113.711672458788,0.0,0.64966476,0.8182,0.8188796319555433,0.8182,0.8208639726867002,0.8182000000000001,0.8182,0.8182,0.8188796319555433,0.8182,0.8208639726867001,0.83256876,0.8307,0.8307133206163518,0.8307,0.8310478692255895,0.8307,0.8307,0.8307,0.8307133206163518,0.8307,0.8310478692255894,0.64959997,0.809,0.8089853721439362,0.8089999999999999,0.813232017478974,0.809,0.809,0.809,0.808985372143936,0.809,0.8132320174789739,0.81108135,0.8222,0.8214600745250242,0.8221999999999999,0.8228840462508108,0.8222,0.8222,0.8222,0.8214600745250243,0.8222,0.8228840462508108
23,90,0,2113.7116724587954,0.0,0.6666682,0.8197,0.8200502142663482,0.8197000000000001,0.821175483450026,0.8197,0.8197,0.8197,0.8200502142663482,0.8197,0.821175483450026,0.8343415,0.8279,0.8279001837932061,0.8279,0.8282381291512207,0.8279,0.8279,0.8279,0.827900183793206,0.8279,0.8282381291512207,0.6496654,0.8164,0.8163754202152467,0.8164,0.818950054927913,0.8164,0.8164,0.8164,0.8163754202152468,0.8164,0.818950054927913,0.80036837,0.8239,0.8234624888582951,0.8239000000000001,0.8245040891820278,0.8239000000000001,0.8239,0.8239,0.8234624888582953,0.8239,0.8245040891820276
24,90,0,2113.7116724588027,0.0,0.6786601,0.8171,0.8173780101643997,0.8170999999999999,0.8191861304950467,0.8171,0.8171,0.8171,0.8173780101643995,0.8171,0.8191861304950466,0.84264773,0.8298,0.8297708599931278,0.8298,0.8300901701185456,0.8298,0.8298,0.8298,0.8297708599931278,0.8298,0.8300901701185456,0.6534487,0.8177,0.8175684745521759,0.8177,0.8189399018488166,0.8177,0.8177,0.8177,0.8175684745521757,0.8177,0.8189399018488165,0.80857944,0.8263,0.825989263573409,0.8263,0.8272131447428773,0.8263,0.8263,0.8263,0.8259892635734092,0.8263,0.8272131447428772
25,90,0,2113.7116724588104,0.0,0.6623222,0.8207,0.8209167367552812,0.8207000000000001,0.8220283967710816,0.8207,0.8207,0.8207,0.8209167367552811,0.8207,0.8220283967710816,0.8528005,0.83,0.8300129528764625,0.8300000000000001,0.830323809021969,0.83,0.83,0.83,0.8300129528764626,0.83,0.8303238090219689,0.65534353,0.8144,0.8141140318393113,0.8144,0.8167281931710791,0.8144,0.8144,0.8144,0.8141140318393112,0.8144,0.8167281931710793,0.79894394,0.8248,0.8244678996096709,0.8248000000000001,0.8256299463639616,0.8248,0.8248,0.8248,0.8244678996096709,0.8248,0.8256299463639616
26,90,0,2113.7116724588195,0.0,0.66924465,0.8215,0.8207339977560869,0.8215,0.8218631009202267,0.8215,0.8215,0.8215,0.820733997756087,0.8215,0.8218631009202269,0.8578303,0.8309,0.8309584209604962,0.8309000000000001,0.831280854142973,0.8309,0.8309,0.8309,0.8309584209604962,0.8309,0.8312808541429731,0.6598457,0.8167,0.8151525754849235,0.8167,0.8174738517138888,0.8167,0.8167,0.8167,0.8151525754849236,0.8167,0.8174738517138889,0.8143212,0.8284,0.8279836749866227,0.8283999999999999,0.8287588055358311,0.8284,0.8284,0.8284,0.8279836749866226,0.8284,0.828758805535831
27,90,0,2113.711672458829,0.0,0.64585555,0.8257,0.825112545712418,0.8257,0.8255572909906033,0.8257,0.8257,0.8257,0.8251125457124179,0.8257,0.8255572909906032,0.8580764,0.8335,0.8334901998956721,0.8335000000000001,0.8337491139378829,0.8335,0.8335,0.8335,0.8334901998956722,0.8335,0.833749113937883,0.63180393,0.8192,0.8181740892960759,0.8192,0.8194995435865196,0.8191999999999999,0.8192,0.8192,0.8181740892960758,0.8192,0.8194995435865196,0.8031798,0.8264,0.8261653070870718,0.8264000000000001,0.8268337023789639,0.8264,0.8264,0.8264,0.8261653070870718,0.8264,0.8268337023789639
28,90,0,2113.7116724588377,0.0,0.66845304,0.8261,0.8260916387828905,0.8261000000000001,0.8269770520459758,0.8261,0.8261,0.8261,0.8260916387828906,0.8261,0.826977052045976,0.86187714,0.8334,0.8334345918074488,0.8333999999999999,0.8336846612812769,0.8334,0.8334,0.8334,0.8334345918074485,0.8334,0.8336846612812769,0.64964986,0.8185,0.8183326223986296,0.8185,0.8206002936557942,0.8184999999999999,0.8185,0.8185,0.8183326223986296,0.8185,0.8206002936557941,0.8067728,0.8268,0.8268010667454041,0.8268000000000001,0.8280062136209967,0.8267999999999999,0.8268,0.8268,0.826801066745404,0.8268,0.8280062136209968
29,90,0,2113.711672458842,0.0,0.6812877,0.8222,0.8230328271263607,0.8221999999999999,0.8254565060461188,0.8222,0.8222,0.8222,0.8230328271263608,0.8222,0.8254565060461185,0.8501717,0.8327,0.8325670463764807,0.8327,0.8327389652430928,0.8327000000000001,0.8327,0.8327,0.8325670463764805,0.8327,0.832738965243093,0.6494724,0.8194,0.8201729173480776,0.8194000000000001,0.8224269996017798,0.8194,0.8194,0.8194,0.8201729173480778,0.8194,0.8224269996017798,0.79839385,0.827,0.8269612330337888,0.827,0.8281727295618445,0.827,0.827,0.827,0.8269612330337887,0.827,0.8281727295618446
30,90,0,2113.7116724588486,0.0,0.6538074,0.8269,0.8265607495890333,0.8269,0.8267903452482896,0.8269,0.8269,0.8269,0.8265607495890334,0.8269,0.8267903452482896,0.8497157,0.8353,0.8352734740658392,0.8352999999999999,0.8355173330127682,0.8353,0.8353,0.8353,0.8352734740658391,0.8353,0.8355173330127682,0.6357375,0.8192,0.8187804053563893,0.8192,0.819430408246121,0.8191999999999999,0.8192,0.8192,0.8187804053563892,0.8192,0.8194304082461209,0.80656576,0.8271,0.8270275371946129,0.8271000000000001,0.82795492788347,0.8271,0.8271,0.8271,0.8270275371946129,0.8271,0.8279549278834701
31,90,0,2113.711672458856,0.0,0.6560923,0.8237,0.82390371251692,0.8237,0.8250518512355602,0.8237000000000001,0.8237,0.8237,0.82390371251692,0.8237,0.8250518512355602,0.858134,0.8339,0.8338716573229019,0.8339000000000001,0.834115577675836,0.8339,0.8339,0.8339,0.8338716573229019,0.8339,0.8341155776758358,0.6401587,0.8201,0.8201304060356904,0.8201,0.8216304970599213,0.8201,0.8201,0.8201,0.8201304060356904,0.8201,0.8216304970599213,0.8078151,0.8297,0.8295286801938472,0.8297000000000001,0.8302184676122982,0.8297,0.8297,0.8297,0.8295286801938472,0.8297,0.8302184676122982
32,90,0,2113.7116724588655,0.0,0.65296423,0.8256,0.8256016971623593,0.8256,0.8262610524651489,0.8256,0.8256,0.8256,0.8256016971623592,0.8256,0.826261052465149,0.87494725,0.8328,0.8328489434302633,0.8328,0.8332142319819947,0.8327999999999999,0.8328,0.8328,0.8328489434302634,0.8328,0.8332142319819948,0.64720726,0.8163,0.8163185285382879,0.8163,0.8179163470215766,0.8162999999999999,0.8163,0.8163,0.8163185285382879,0.8163,0.8179163470215767,0.813535,0.828,0.8277663896887336,0.828,0.828438792762783,0.828,0.828,0.828,0.8277663896887336,0.828,0.8284387927627828
33,90,0,2113.7116724588714,0.0,0.6640281,0.8274,0.8269759825166003,0.8274000000000001,0.8275818371003041,0.8274,0.8274,0.8274,0.8269759825166004,0.8274,0.8275818371003041,0.8608221,0.8327,0.8326301771364634,0.8327,0.8328569016621159,0.8327000000000001,0.8327,0.8327,0.8326301771364631,0.8327,0.8328569016621159,0.6621822,0.8173,0.8164736899155125,0.8173000000000001,0.8193660357349233,0.8173,0.8173,0.8173,0.8164736899155126,0.8173,0.8193660357349232,0.8049454,0.8302,0.8298146328402577,0.8301999999999999,0.830335047007987,0.8302,0.8302,0.8302,0.8298146328402578,0.8302,0.830335047007987
34,90,0,2113.7116724588795,0.0,0.6584575,0.8253,0.8254214745277373,0.8253,0.8258842822927743,0.8253,0.8253,0.8253,0.8254214745277375,0.8253,0.8258842822927743,0.85840744,0.8323,0.832101934870456,0.8323,0.832171587550149,0.8323,0.8323,0.8323,0.832101934870456,0.8323,0.8321715875501488,0.6315796,0.8243,0.8240832585674326,0.8243,0.8243395973309451,0.8243,0.8243,0.8243,0.8240832585674325,0.8243,0.8243395973309449,0.7997001,0.829,0.8284598505724488,0.8290000000000001,0.8289733468294198,0.8289999999999998,0.829,0.829,0.8284598505724488,0.829,0.8289733468294198
35,90,0,2113.7116724588855,0.0,0.66904426,0.8252,0.8248051706743146,0.8251999999999999,0.8249451299759674,0.8252,0.8252,0.8252,0.8248051706743145,0.8252,0.8249451299759674,0.8683637,0.8363,0.8361954239766269,0.8363000000000002,0.8362987218709836,0.8363,0.8363,0.8363,0.8361954239766269,0.8363,0.8362987218709838,0.6542731,0.8209,0.8199125918245107,0.8209,0.8209685447903066,0.8209000000000001,0.8209,0.8209,0.8199125918245107,0.8209,0.8209685447903067,0.8196807,0.8293,0.8287800649829256,0.8293000000000001,0.829460399369456,0.8293,0.8293,0.8293,0.8287800649829258,0.8293,0.829460399369456
36,90,0,2113.7116724588914,0.0,0.67479914,0.8253,0.825317136768976,0.8253,0.8266908878461869,0.8253,0.8253,0.8253,0.8253171367689758,0.8253,0.8266908878461869,0.870227,0.8359,0.8357533298921037,0.8359,0.8358339221659241,0.8359,0.8359,0.8359,0.8357533298921036,0.8359,0.835833922165924,0.64578813,0.8207,0.8202165306163612,0.8206999999999999,0.8216510145621513,0.8207,0.8207,0.8207,0.8202165306163611,0.8207,0.8216510145621513,0.8064957,0.8311,0.8304180692979793,0.8311000000000002,0.8308265291827238,0.8311,0.8311,0.8311,0.8304180692979793,0.8311,0.8308265291827239
37,90,0,2113.7116724588986,0.0,0.67241,0.827,0.8271514868171013,0.827,0.8273940623797437,0.827,0.827,0.827,0.8271514868171013,0.827,0.8273940623797437,0.87864745,0.8347,0.8344749441065963,0.8347,0.8345686775089278,0.8347,0.8347,0.8347,0.8344749441065964,0.8347,0.8345686775089278,0.6495066,0.8231,0.8230647044138291,0.8230999999999999,0.8239991939976852,0.8231,0.8231,0.8231,0.823064704413829,0.8231,0.8239991939976852,0.8120628,0.8298,0.8293594033186424,0.8298,0.8299824004553737,0.8298,0.8298,0.8298,0.8293594033186426,0.8298,0.8299824004553739
38,90,0,2113.711672458906,0.0,0.69096303,0.8276,0.8273069232225172,0.8276000000000001,0.8284505928122534,0.8276,0.8276,0.8276,0.8273069232225174,0.8276,0.8284505928122533,0.8739766,0.8343,0.83414090220893,0.8343,0.8342626273534487,0.8343,0.8343,0.8343,0.83414090220893,0.8343,0.8342626273534486,0.6614351,0.8232,0.8227561394442062,0.8231999999999999,0.8236776844489804,0.8232,0.8232,0.8232,0.8227561394442062,0.8232,0.8236776844489805,0.80351025,0.8289,0.8285556288524957,0.8289000000000002,0.8290640883472277,0.8289,0.8289,0.8289,0.8285556288524958,0.8289,0.8290640883472276
39,90,0,2113.7116724589123,0.0,0.66855586,0.8256,0.8256069055823685,0.8256000000000002,0.8269362872846846,0.8256,0.8256,0.8256,0.8256069055823684,0.8256,0.8269362872846847,0.87925506,0.8356,0.8354967088690828,0.8356,0.8355920458904545,0.8355999999999999,0.8356,0.8356,0.8354967088690826,0.8356,0.8355920458904545,0.6453724,0.8222,0.8221106084841756,0.8221999999999999,0.8230583123809799,0.8222,0.8222,0.8222,0.8221106084841756,0.8222,0.82305831238098,0.8051123,0.8293,0.8290549853544918,0.8293000000000001,0.8293993587337868,0.8293,0.8293,0.8293,0.8290549853544918,0.8293,0.8293993587337866
40,90,0,2113.711672458922,0.0,0.6776204,0.829,0.8292443044098612,0.829,0.8297750304347746,0.8289999999999998,0.829,0.829,0.8292443044098613,0.829,0.8297750304347744,0.88339514,0.8363,0.8363350660962203,0.8362999999999999,0.8365594423926715,0.8363,0.8363,0.8363,0.8363350660962203,0.8363,0.8365594423926718,0.6629331,0.8222,0.8219505994192386,0.8221999999999999,0.8228300712410805,0.8222,0.8222,0.8222,0.8219505994192389,0.8222,0.8228300712410804,0.805333,0.8318,0.8315209189862903,0.8318,0.8317873444521234,0.8318,0.8318,0.8318,0.8315209189862904,0.8318,0.8317873444521234
41,90,0,2113.7116724589314,0.0,0.66032827,0.8299,0.8298194615150191,0.8299,0.8301713258918453,0.8298999999999999,0.8299,0.8299,0.8298194615150193,0.8299,0.8301713258918452,0.8707211,0.8349,0.8348186274528032,0.8349,0.8350018701069597,0.8349000000000001,0.8349,0.8349,0.8348186274528032,0.8349,0.8350018701069596,0.6431872,0.8262,0.8261347658682638,0.8262,0.826806475810716,0.8262,0.8262,0.8262,0.8261347658682638,0.8262,0.8268064758107159,0.79442394,0.8319,0.831716387718755,0.8318999999999999,0.8320918202750949,0.8319,0.8319,0.8319,0.831716387718755,0.8319,0.8320918202750949
42,90,0,2113.7116724589387,0.0,0.6639924,0.8313,0.8316044555701068,0.8313,0.8324555644735294,0.8313000000000001,0.8313,0.8313,0.8316044555701068,0.8313,0.8324555644735294,0.8806929,0.8364,0.8362558811857245,0.8363999999999999,0.836382224854729,0.8364,0.8364,0.8364,0.8362558811857245,0.8364,0.836382224854729,0.63945067,0.825,0.8255324823675849,0.825,0.8264539725027145,0.825,0.825,0.825,0.825532482367585,0.825,0.8264539725027146,0.78276205,0.8304,0.830290097373193,0.8304,0.8307073145128477,0.8304000000000001,0.8304,0.8304,0.8302900973731928,0.8304,0.8307073145128477
43,90,0,2113.711672458946,0.0,0.68107873,0.8322,0.8315695464755526,0.8322,0.8319101694242285,0.8322,0.8322,0.8322,0.8315695464755528,0.8322,0.8319101694242284,0.8878224,0.8384,0.8381144301607077,0.8384,0.8381743320834353,0.8384,0.8384,0.8384,0.8381144301607077,0.8384,0.8381743320834354,0.6634234,0.8275,0.8265654848985449,0.8275,0.8271543857630534,0.8275,0.8275,0.8275,0.8265654848985449,0.8275,0.8271543857630536,0.8034509,0.8339,0.8335492828087853,0.8339000000000001,0.833718732961566,0.8339,0.8339,0.8339,0.8335492828087853,0.8339,0.833718732961566
44,90,0,2113.7116724589546,0.0,0.66568387,0.8315,0.8314650943583256,0.8314999999999999,0.8326244155796813,0.8315,0.8315,0.8315,0.8314650943583257,0.8315,0.8326244155796813,0.86685544,0.8378,0.8376334307836432,0.8378,0.8377679802384591,0.8378,0.8378,0.8378,0.8376334307836433,0.8378,0.837767980238459,0.63913816,0.8264,0.8260360798252909,0.8263999999999999,0.8263773682548207,0.8264,0.8264,0.8264,0.8260360798252908,0.8264,0.8263773682548207,0.7799045,0.8351,0.8345265270835448,0.8351000000000001,0.8346155413263118,0.8351,0.8351,0.8351,0.8345265270835447,0.8351,0.8346155413263118
45,90,0,2113.7116724589623,0.0,0.66319287,0.8296,0.82910839618503,0.8295999999999999,0.8294907815482115,0.8296,0.8296,0.8296,0.82910839618503,0.8296,0.8294907815482114,0.87459785,0.8366,0.836531266297448,0.8366,0.8367031877181228,0.8366,0.8366,0.8366,0.836531266297448,0.8366,0.8367031877181227,0.64371717,0.8264,0.8255318380478748,0.8264000000000001,0.8259257533007365,0.8264,0.8264,0.8264,0.8255318380478748,0.8264,0.8259257533007364,0.78796446,0.8336,0.8330934468705559,0.8336,0.8337195654968793,0.8336,0.8336,0.8336,0.8330934468705559,0.8336,0.8337195654968793
46,90,0,2113.71167245897,0.0,0.6711707,0.8319,0.8319963611614737,0.8319000000000001,0.8324441545713446,0.8319,0.8319,0.8319,0.8319963611614736,0.8319,0.8324441545713447,0.8797777,0.8372,0.8372150023957609,0.8371999999999999,0.8374834526001271,0.8372,0.8372,0.8372,0.8372150023957609,0.8372,0.837483452600127,0.65562546,0.8262,0.8257537054568699,0.8262,0.8265283281995375,0.8262,0.8262,0.8262,0.8257537054568699,0.8262,0.8265283281995375,0.79627705,0.8342,0.8338913879894356,0.8342,0.8342745852743869,0.8342,0.8342,0.8342,0.8338913879894356,0.8342,0.834274585274387
47,90,0,2113.711672458977,0.0,0.69002646,0.8312,0.8307842301983082,0.8312000000000002,0.8316422813894832,0.8312,0.8312,0.8312,0.830784230198308,0.8312,0.8316422813894832,0.8749402,0.838,0.837970482898133,0.8379999999999999,0.8381745254392234,0.838,0.838,0.838,0.837970482898133,0.838,0.8381745254392233,0.6722181,0.8261,0.8254766034068381,0.8261,0.8268401496056219,0.8261,0.8261,0.8261,0.8254766034068384,0.8261,0.8268401496056218,0.7988771,0.8346,0.8342975324431794,0.8346,0.8344823535812166,0.8346,0.8346,0.8346,0.8342975324431796,0.8346,0.8344823535812166
48,90,0,2113.711672458984,0.0,0.6736257,0.8291,0.8296272866049443,0.8291000000000001,0.8310228078312525,0.8291,0.8291,0.8291,0.8296272866049443,0.8291,0.8310228078312526,0.8728191,0.8396,0.8395389498270239,0.8396000000000001,0.83978811878274,0.8396,0.8396,0.8396,0.8395389498270238,0.8396,0.8397881187827401,0.64982176,0.8288,0.8289868959155287,0.8288,0.8295873993473067,0.8288,0.8288,0.8288,0.8289868959155289,0.8288,0.8295873993473067,0.79252255,0.8336,0.8332169595914362,0.8336,0.8335413925027961,0.8336,0.8336,0.8336,0.8332169595914362,0.8336,0.833541392502796
49,90,0,2113.711672458992,0.0,0.6746398,0.8312,0.8315331040249587,0.8312000000000002,0.8328041790707141,0.8312,0.8312,0.8312,0.8315331040249586,0.8312,0.832804179070714,0.8771012,0.8388,0.8388423118674586,0.8388,0.8391514821267199,0.8388,0.8388,0.8388,0.8388423118674584,0.8388,0.83915148212672,0.6583426,0.8257,0.8259106283693042,0.8257000000000001,0.8274990817384993,0.8257,0.8257,0.8257,0.8259106283693043,0.8257,0.8274990817384993,0.7907865,0.8347,0.8343542804713324,0.8347,0.8346871430229609,0.8347,0.8347,0.8347,0.8343542804713326,0.8347,0.8346871430229609
50,90,0,2113.7116724589973,0.0,0.6755244,0.8335,0.8336183931510929,0.8334999999999999,0.8343643555516298,0.8335,0.8335,0.8335,0.833618393151093,0.8335,0.8343643555516299,0.8780464,0.8392,0.8391513409834153,0.8392,0.8394279337998032,0.8392,0.8392,0.8392,0.8391513409834152,0.8392,0.8394279337998031,0.65475625,0.831,0.8306756048380344,0.8310000000000001,0.8309990931599621,0.831,0.831,0.831,0.8306756048380345,0.831,0.8309990931599622,0.7895119,0.8363,0.8359388051710172,0.8362999999999999,0.8364429841955324,0.8363,0.8363,0.8363,0.8359388051710172,0.8363,0.8364429841955323
51,90,0,2113.7116724590073,0.0,0.6781505,0.8307,0.8306390347129256,0.8307,0.8314675802408674,0.8307,0.8307,0.8307,0.8306390347129256,0.8307,0.8314675802408675,0.8771344,0.8398,0.8398666717007414,0.8398,0.8403112786819456,0.8398,0.8398,0.8398,0.8398666717007415,0.8398,0.8403112786819457,0.66593283,0.8277,0.8276843874362187,0.8277000000000001,0.8290574851602159,0.8277,0.8277,0.8277,0.8276843874362189,0.8277,0.8290574851602159,0.80544156,0.8369,0.8366782719425597,0.8369,0.8373609605104979,0.8369,0.8369,0.8369,0.8366782719425597,0.8369,0.8373609605104979
52,90,0,2113.711672459014,0.0,0.6660626,0.8313,0.8312479457462141,0.8312999999999999,0.8317705521651273,0.8313000000000001,0.8313,0.8313,0.8312479457462141,0.8313,0.8317705521651274,0.88388944,0.8396,0.8395649236631387,0.8396000000000001,0.8398900599342813,0.8396,0.8396,0.8396,0.8395649236631387,0.8396,0.8398900599342812,0.6581886,0.8272,0.8267104548162875,0.8272,0.8281660067457043,0.8272,0.8272,0.8272,0.8267104548162874,0.8272,0.8281660067457044,0.8087177,0.8356,0.8351870363205032,0.8356000000000001,0.8360291524390044,0.8355999999999999,0.8356,0.8356,0.8351870363205033,0.8356,0.8360291524390044
53,90,0,2113.7116724590205,0.0,0.69706535,0.8312,0.8308407604898255,0.8311999999999999,0.8318764200882564,0.8312,0.8312,0.8312,0.8308407604898255,0.8312,0.8318764200882565,0.8881877,0.8401,0.8400759223696477,0.8401,0.840453942070722,0.8401,0.8401,0.8401,0.8400759223696478,0.8401,0.840453942070722,0.68468857,0.8278,0.8270363218168377,0.8278000000000001,0.8288164801589499,0.8278,0.8278,0.8278,0.8270363218168377,0.8278,0.8288164801589499,0.79713607,0.8369,0.8364309409558344,0.8369,0.8371235409034314,0.8369,0.8369,0.8369,0.8364309409558344,0.8369,0.8371235409034312
54,90,0,2113.711672459028,0.0,0.6899861,0.8323,0.8327257514007733,0.8323,0.8336368297048382,0.8323,0.8323,0.8323,0.8327257514007733,0.8323,0.8336368297048382,0.8904231,0.8383,0.8382482763738126,0.8382999999999999,0.8385437783816307,0.8383000000000002,0.8383,0.8383,0.8382482763738126,0.8383,0.8385437783816305,0.67531574,0.8263,0.8262658738091497,0.8263000000000001,0.8276607827416484,0.8263,0.8263,0.8263,0.8262658738091495,0.8263,0.8276607827416483,0.8035428,0.8354,0.8350728771908507,0.8354000000000001,0.8357859561943746,0.8354,0.8354,0.8354,0.8350728771908505,0.8354,0.8357859561943746
55,90,0,2113.711672459038,0.0,0.68224096,0.8329,0.8328714181585244,0.8328999999999999,0.8335077931759269,0.8329000000000001,0.8329,0.8329,0.8328714181585245,0.8329,0.8335077931759269,0.88115233,0.8384,0.8383947852063969,0.8384,0.8387414743930519,0.8384,0.8384,0.8384,0.8383947852063968,0.8384,0.8387414743930518,0.66348255,0.8288,0.8283313915435336,0.8288,0.829366058601205,0.8288,0.8288,0.8288,0.8283313915435335,0.8288,0.829366058601205,0.807351,0.836,0.8356259757837758,0.836,0.8363112676164242,0.836,0.836,0.836,0.8356259757837757,0.836,0.836311267616424
56,90,0,2113.7116724590455,0.0,0.69158936,0.8292,0.8292735765464994,0.8291999999999999,0.8300792176627232,0.8292,0.8292,0.8292,0.8292735765464994,0.8292,0.830079217662723,0.8835867,0.8402,0.8402605302817321,0.8402,0.8406847453321035,0.8402,0.8402,0.8402,0.8402605302817321,0.8402,0.8406847453321036,0.6717185,0.8274,0.8269667765601344,0.8273999999999999,0.8273370463223918,0.8274,0.8274,0.8274,0.8269667765601344,0.8274,0.8273370463223919,0.8134952,0.8342,0.8338717192150055,0.8342,0.8347240078106303,0.8342,0.8342,0.8342,0.8338717192150054,0.8342,0.8347240078106304
57,90,0,2113.7116724590546,0.0,0.6924905,0.8326,0.8326109364921699,0.8326,0.8334321952986725,0.8326,0.8326,0.8326,0.83261093649217,0.8326,0.8334321952986724,0.88697463,0.8381,0.838223793617406,0.8381000000000001,0.838693940566487,0.8381,0.8381,0.8381,0.8382237936174061,0.8381,0.838693940566487,0.67623967,0.8304,0.8296114981123726,0.8304,0.8304142736210782,0.8304000000000001,0.8304,0.8304,0.8296114981123727,0.8304,0.8304142736210781,0.80335027,0.8354,0.8350474180765215,0.8353999999999999,0.8357859982136162,0.8354,0.8354,0.8354,0.8350474180765214,0.8354,0.8357859982136162
58,90,0,2113.7116724590605,0.0,0.68263704,0.8328,0.8327238354879553,0.8328,0.8329703533451438,0.8327999999999999,0.8328,0.8328,0.8327238354879554,0.8328,0.8329703533451438,0.8888721,0.8373,0.8375649403536747,0.8373000000000002,0.8381592907994838,0.8373000000000002,0.8373,0.8373,0.8375649403536745,0.8373,0.8381592907994838,0.66251975,0.8294,0.8290986214655629,0.8294,0.8297728468437338,0.8293999999999999,0.8294,0.8294,0.829098621465563,0.8294,0.8297728468437339,0.79054505,0.8335,0.8333930364110236,0.8334999999999999,0.834204503559433,0.8335,0.8335,0.8335,0.8333930364110235,0.8335,0.834204503559433
59,90,0,2113.711672459067,0.0,0.6852748,0.8333,0.8333170677271406,0.8333,0.8345412389482568,0.8333,0.8333,0.8333,0.8333170677271404,0.8333,0.8345412389482568,0.8780348,0.838,0.8380510651015858,0.8380000000000001,0.838457384864229,0.838,0.838,0.838,0.8380510651015857,0.838,0.8384573848642288,0.6639136,0.8297,0.8290571253183027,0.8297000000000001,0.8297779836184039,0.8297,0.8297,0.8297,0.8290571253183024,0.8297,0.8297779836184039,0.7967045,0.8355,0.8353030251146041,0.8354999999999999,0.8360278000002912,0.8355,0.8355,0.8355,0.8353030251146041,0.8355,0.8360278000002911
60,90,0,2113.711672459075,0.0,0.6914794,0.8332,0.8334178622994239,0.8331999999999999,0.8343785695347998,0.8332,0.8332,0.8332,0.8334178622994239,0.8332,0.8343785695347998,0.8820373,0.8386,0.8386725385796068,0.8386000000000001,0.8390485233137198,0.8386,0.8386,0.8386,0.8386725385796066,0.8386,0.8390485233137198,0.66842335,0.8316,0.831088229358634,0.8316000000000001,0.8317126002357675,0.8316,0.8316,0.8316,0.8310882293586341,0.8316,0.8317126002357677,0.8024046,0.8366,0.8362850255457266,0.8366,0.8370070168100682,0.8366,0.8366,0.8366,0.8362850255457266,0.8366,0.8370070168100683
61,90,0,2113.7116724590824,0.0,0.6902262,0.8279,0.8284403077629744,0.8279,0.8296981255533182,0.8279,0.8279,0.8279,0.8284403077629746,0.8279,0.8296981255533182,0.89172775,0.8369,0.8369326491353599,0.8369,0.8373062913933325,0.8369,0.8369,0.8369,0.8369326491353598,0.8369,0.8373062913933323,0.66383684,0.8286,0.8284733757753082,0.8286,0.8286936421538439,0.8286,0.8286,0.8286,0.8284733757753081,0.8286,0.8286936421538439,0.7981487,0.8369,0.8365329821135266,0.8369,0.837008580010463,0.8369,0.8369,0.8369,0.8365329821135264,0.8369,0.8370085800104631
62,90,0,2113.7116724590883,0.0,0.68469334,0.832,0.8320668488212158,0.8320000000000001,0.8325554274489273,0.832,0.832,0.832,0.8320668488212157,0.832,0.8325554274489272,0.8955123,0.8384,0.8384501805808519,0.8384,0.8388465481322573,0.8384,0.8384,0.8384,0.8384501805808519,0.8384,0.8388465481322571,0.668759,0.8298,0.82918873567265,0.8298,0.8291769254213968,0.8298,0.8298,0.8298,0.82918873567265,0.8298,0.8291769254213969,0.79103893,0.8367,0.8362519421933445,0.8366999999999999,0.8368050258427834,0.8367,0.8367,0.8367,0.8362519421933444,0.8367,0.8368050258427833
63,90,0,2113.7116724590965,0.0,0.68986386,0.8345,0.834498586098328,0.8344999999999999,0.8349348866462556,0.8345,0.8345,0.8345,0.834498586098328,0.8345,0.8349348866462555,0.90314823,0.838,0.8381628784983957,0.8379999999999999,0.8386917299322361,0.838,0.838,0.838,0.8381628784983955,0.838,0.8386917299322362,0.67593026,0.8328,0.832181036000053,0.8328,0.8331865022883491,0.8327999999999999,0.8328,0.8328,0.8321810360000529,0.8328,0.8331865022883492,0.8102097,0.8363,0.8361204758356704,0.8363000000000002,0.8370613336100281,0.8363,0.8363,0.8363,0.8361204758356704,0.8363,0.8370613336100281
64,90,0,2113.711672459105,0.0,0.6931905,0.8322,0.8320404411812653,0.8322,0.8324164421910666,0.8322,0.8322,0.8322,0.8320404411812655,0.8322,0.8324164421910667,0.90530896,0.8391,0.8392415958030706,0.8391,0.8397612186130795,0.8391,0.8391,0.8391,0.8392415958030706,0.8391,0.8397612186130795,0.67881155,0.8315,0.8307541956583714,0.8314999999999999,0.83136584157247,0.8315,0.8315,0.8315,0.8307541956583713,0.8315,0.83136584157247,0.8090104,0.8352,0.8349126527732281,0.8352,0.8361950754283155,0.8352,0.8352,0.8352,0.834912652773228,0.8352,0.8361950754283154
65,90,0,2113.7116724591124,0.0,0.7078004,0.8311,0.8316272098869872,0.8311,0.8327689979487735,0.8311,0.8311,0.8311,0.8316272098869872,0.8311,0.8327689979487733,0.90417737,0.8364,0.8365292947723487,0.8364,0.837135493110164,0.8364,0.8364,0.8364,0.8365292947723486,0.8364,0.8371354931101641,0.68062884,0.8299,0.8300141883648979,0.8299,0.8307140020321555,0.8298999999999999,0.8299,0.8299,0.8300141883648982,0.8299,0.8307140020321554,0.80051124,0.8331,0.8328620217869821,0.8331,0.8342389588672535,0.8331,0.8331,0.8331,0.8328620217869819,0.8331,0.8342389588672535
66,90,0,2113.711672459122,0.0,0.698754,0.8322,0.8329684207823529,0.8321999999999999,0.8347630305520708,0.8322,0.8322,0.8322,0.832968420782353,0.8322,0.8347630305520708,0.90921116,0.8369,0.8371551403586093,0.8369000000000002,0.837756652477643,0.8369,0.8369,0.8369,0.8371551403586093,0.8369,0.8377566524776429,0.67817163,0.8285,0.8290076139605104,0.8285,0.8306611261858269,0.8285,0.8285,0.8285,0.8290076139605103,0.8285,0.8306611261858269,0.8117215,0.8362,0.8361304679386936,0.8362,0.8377211056489996,0.8362,0.8362,0.8362,0.8361304679386938,0.8362,0.8377211056489994
67,90,0,2113.711672459131,0.0,0.69527787,0.8315,0.8317923861592205,0.8314999999999999,0.8325506514054892,0.8315,0.8315,0.8315,0.8317923861592204,0.8315,0.832550651405489,0.8941846,0.8377,0.837919836062286,0.8376999999999999,0.8385135971972877,0.8377,0.8377,0.8377,0.837919836062286,0.8377,0.8385135971972877,0.6760408,0.8301,0.8299749380972588,0.8301000000000001,0.8305729492967053,0.8301,0.8301,0.8301,0.829974938097259,0.8301,0.8305729492967053,0.81133246,0.8346,0.8345290900881143,0.8346,0.8364339611981976,0.8346,0.8346,0.8346,0.8345290900881144,0.8346,0.8364339611981976
68,90,0,2113.7116724591383,0.0,0.69596183,0.8332,0.8335599330484312,0.8332,0.834383684915816,0.8332,0.8332,0.8332,0.8335599330484312,0.8332,0.834383684915816,0.8900801,0.8371,0.837350773276777,0.8371000000000001,0.8379653773111272,0.8371000000000001,0.8371,0.8371,0.8373507732767769,0.8371,0.8379653773111273,0.6845995,0.8283,0.8280250667246897,0.8282999999999999,0.8291938275050725,0.8283,0.8283,0.8283,0.8280250667246896,0.8283,0.8291938275050724,0.80845714,0.8346,0.8344089465330915,0.8346,0.8363743051643606,0.8346,0.8346,0.8346,0.8344089465330915,0.8346,0.8363743051643607
69,90,0,2113.7116724591465,0.0,0.6923672,0.8309,0.8307098625544747,0.8309,0.8314304968204587,0.8309,0.8309,0.8309,0.8307098625544748,0.8309,0.8314304968204586,0.87902176,0.8378,0.837946785442283,0.8378,0.8384670893920034,0.8378,0.8378,0.8378,0.8379467854422828,0.8378,0.8384670893920037,0.6812674,0.8297,0.829102624718009,0.8297000000000001,0.8304833794433939,0.8297,0.8297,0.8297,0.8291026247180091,0.8297,0.8304833794433942,0.807798,0.8344,0.834226693390195,0.8343999999999999,0.8359543213844194,0.8344,0.8344,0.8344,0.8342266933901951,0.8344,0.8359543213844194
70,90,0,2113.711672459151,0.0,0.69503117,0.8346,0.834762092068645,0.8346,0.8354123379759277,0.8346,0.8346,0.8346,0.8347620920686452,0.8346,0.835412337975928,0.9101585,0.8368,0.8368807885330558,0.8368,0.8373223008251216,0.8368,0.8368,0.8368,0.8368807885330558,0.8368,0.8373223008251218,0.6822192,0.8303,0.8301960017768023,0.8302999999999999,0.8319507023745454,0.8303,0.8303,0.8303,0.8301960017768022,0.8303,0.8319507023745453,0.81851816,0.8331,0.8328154716319339,0.8331,0.8342562628082195,0.8331,0.8331,0.8331,0.8328154716319339,0.8331,0.8342562628082196
71,90,0,2113.711672459162,0.0,0.69924045,0.8335,0.8334661708639566,0.8335000000000001,0.834021341352352,0.8335,0.8335,0.8335,0.8334661708639566,0.8335,0.834021341352352,0.9070997,0.8376,0.8377543104160974,0.8376000000000001,0.8381897887725185,0.8376,0.8376,0.8376,0.8377543104160975,0.8376,0.8381897887725185,0.68214625,0.8299,0.829577882239225,0.8299000000000001,0.831104264814724,0.8298999999999999,0.8299,0.8299,0.8295778822392252,0.8299,0.8311042648147239,0.8137883,0.8342,0.8340430833112544,0.8341999999999998,0.8356108544910793,0.8342,0.8342,0.8342,0.8340430833112545,0.8342,0.8356108544910794
72,90,0,2113.7116724591688,0.0,0.6903481,0.8336,0.833687507947871,0.8336,0.8339893863458501,0.8336,0.8336,0.8336,0.8336875079478712,0.8336,0.8339893863458501,0.89651066,0.8387,0.8386673336320243,0.8386999999999999,0.8389228268365259,0.8387,0.8387,0.8387,0.8386673336320244,0.8387,0.8389228268365257,0.6744091,0.8297,0.8293958546034996,0.8296999999999999,0.8304412866541281,0.8297,0.8297,0.8297,0.8293958546034995,0.8297,0.8304412866541281,0.8039791,0.8325,0.8322355140803042,0.8325000000000001,0.8341383448448465,0.8325,0.8325,0.8325,0.8322355140803044,0.8325,0.8341383448448465
73,90,0,2113.7116724591765,0.0,0.6969433,0.8349,0.8347121523207275,0.8349,0.8349930142546388,0.8349000000000001,0.8349,0.8349,0.8347121523207272,0.8349,0.8349930142546389,0.8890545,0.8385,0.8383936149421942,0.8385000000000001,0.8385205345834164,0.8385,0.8385,0.8385,0.8383936149421943,0.8385,0.8385205345834165,0.68395555,0.8289,0.8281879058841763,0.8289,0.8297929247248327,0.8289,0.8289,0.8289,0.8281879058841763,0.8289,0.8297929247248327,0.80846035,0.834,0.8336342936056749,0.8340000000000002,0.8353460060793573,0.834,0.834,0.834,0.8336342936056748,0.834,0.8353460060793572
74,90,0,2113.7116724591842,0.0,0.70839626,0.832,0.8321630313237864,0.8320000000000001,0.8336870364910147,0.832,0.832,0.832,0.8321630313237863,0.832,0.8336870364910146,0.9051365,0.8373,0.8372413617190549,0.8372999999999999,0.8374754135395562,0.8373000000000002,0.8373,0.8373,0.8372413617190548,0.8373,0.8374754135395562,0.69614,0.8288,0.8286131204746476,0.8287999999999999,0.8315371317722299,0.8288,0.8288,0.8288,0.8286131204746476,0.8288,0.8315371317722298,0.8182911,0.8331,0.8327776984259913,0.8331,0.8348293520887837,0.8331,0.8331,0.8331,0.8327776984259911,0.8331,0.8348293520887838
75,90,0,2113.711672459194,0.0,0.6967964,0.8344,0.8346945646011366,0.8343999999999999,0.8352517075006622,0.8344,0.8344,0.8344,0.8346945646011367,0.8344,0.8352517075006621,0.89575607,0.8392,0.839224051858816,0.8392000000000002,0.8395187482914602,0.8392,0.8392,0.8392,0.8392240518588158,0.8392,0.8395187482914603,0.68907267,0.8293,0.8290727632374096,0.8292999999999999,0.8312192451582753,0.8293,0.8293,0.8293,0.8290727632374095,0.8293,0.8312192451582754,0.8247464,0.8333,0.8329436650019113,0.8333,0.8350575946251638,0.8333,0.8333,0.8333,0.8329436650019113,0.8333,0.8350575946251638
76,90,0,2113.7116724592015,0.0,0.69686794,0.8329,0.8331074142022696,0.8329000000000001,0.8336584002559754,0.8329000000000001,0.8329,0.8329,0.8331074142022699,0.8329,0.8336584002559754,0.90220594,0.8385,0.8384292885826067,0.8385,0.8386001692386635,0.8385,0.8385,0.8385,0.8384292885826066,0.8385,0.8386001692386637,0.69246835,0.829,0.8286319119565381,0.829,0.8307330038010873,0.8289999999999998,0.829,0.829,0.8286319119565382,0.829,0.8307330038010872,0.8251976,0.8354,0.8349700369710819,0.8353999999999999,0.8372465410409357,0.8354,0.8354,0.8354,0.834970036971082,0.8354,0.8372465410409357
77,90,0,2113.711672459209,0.0,0.7164693,0.8319,0.8323742905378632,0.8318999999999999,0.8336329832617508,0.8319,0.8319,0.8319,0.832374290537863,0.8319,0.8336329832617508,0.90930176,0.8381,0.8381561871463383,0.8381000000000001,0.8383802659616897,0.8381,0.8381,0.8381,0.8381561871463383,0.8381,0.8383802659616897,0.7044209,0.8283,0.8282713590594415,0.8282999999999999,0.8307277031307148,0.8283,0.8283,0.8283,0.8282713590594416,0.8283,0.8307277031307149,0.8265297,0.8327,0.8322164649106115,0.8327,0.8345237799709249,0.8327000000000001,0.8327,0.8327,0.8322164649106115,0.8327,0.8345237799709249
78,90,0,2113.7116724592156,0.0,0.70960784,0.8324,0.8326956746355684,0.8324000000000001,0.8338225356594691,0.8324,0.8324,0.8324,0.8326956746355685,0.8324,0.8338225356594692,0.90212595,0.8382,0.8383264515891659,0.8382,0.8386652315964438,0.8382,0.8382,0.8382,0.8383264515891659,0.8382,0.8386652315964437,0.70430064,0.8279,0.8278103666268208,0.8279,0.8308802386607781,0.8279,0.8279,0.8279,0.8278103666268207,0.8279,0.830880238660778,0.8187705,0.8341,0.8336737183113254,0.8341,0.835981733657631,0.8341,0.8341,0.8341,0.8336737183113255,0.8341,0.8359817336576311
79,90,0,2113.7116724592247,0.0,0.7075186,0.8338,0.8335234964237095,0.8337999999999999,0.8338952693126276,0.8338,0.8338,0.8338,0.8335234964237096,0.8338,0.8338952693126274,0.90836775,0.8378,0.8379256844949537,0.8378,0.8382442995688851,0.8378,0.8378,0.8378,0.8379256844949537,0.8378,0.838244299568885,0.6955784,0.8288,0.8279515497097691,0.8288,0.8295878977538079,0.8288,0.8288,0.8288,0.8279515497097691,0.8288,0.8295878977538079,0.8325434,0.834,0.833459594432532,0.834,0.8358997711512235,0.834,0.834,0.834,0.8334595944325321,0.834,0.8358997711512235
80,90,0,2113.7116724592324,0.0,0.70516473,0.8356,0.835607040938779,0.8356,0.8363018403575232,0.8355999999999999,0.8356,0.8356,0.835607040938779,0.8356,0.8363018403575232,0.8931262,0.8369,0.8370050357555165,0.8369000000000002,0.8372989304013663,0.8369,0.8369,0.8369,0.8370050357555167,0.8369,0.8372989304013663,0.70886064,0.8267,0.826222664651306,0.8267,0.8301465621875789,0.8267,0.8267,0.8267,0.826222664651306,0.8267,0.8301465621875789,0.8209579,0.834,0.833649771400226,0.834,0.8359047014279583,0.834,0.834,0.834,0.833649771400226,0.834,0.8359047014279583
81,90,0,2113.7116724592393,0.0,0.71546924,0.8328,0.8331576545078339,0.8328,0.8339819911206021,0.8327999999999999,0.8328,0.8328,0.8331576545078339,0.8328,0.8339819911206023,0.9016671,0.8393,0.83935335206631,0.8392999999999999,0.839659250548657,0.8393,0.8393,0.8393,0.8393533520663099,0.8393,0.839659250548657,0.7131906,0.8286,0.8282979722368701,0.8286,0.8316588603439113,0.8286,0.8286,0.8286,0.8282979722368702,0.8286,0.8316588603439116,0.82840985,0.8339,0.833321777597835,0.8339000000000001,0.8364005114634369,0.8339,0.8339,0.8339,0.8333217775978348,0.8339,0.8364005114634366
82,90,0,2113.711672459247,0.0,0.6989278,0.835,0.8348947718270147,0.835,0.8351008799856448,0.835,0.835,0.835,0.8348947718270147,0.835,0.8351008799856446,0.8976925,0.8393,0.8393303379303638,0.8392999999999999,0.8396683768184223,0.8393,0.8393,0.8393,0.8393303379303639,0.8393,0.8396683768184222,0.70357126,0.8303,0.8294406013990997,0.8302999999999999,0.8324429166000062,0.8303,0.8303,0.8303,0.8294406013990996,0.8303,0.8324429166000061,0.8326164,0.8334,0.8328959281953916,0.8333999999999999,0.8365706708415234,0.8334,0.8334,0.8334,0.8328959281953916,0.8334,0.8365706708415234
83,90,0,2113.711672459255,0.0,0.70376694,0.8346,0.8351933504459572,0.8346,0.8366049426293388,0.8346,0.8346,0.8346,0.8351933504459572,0.8346,0.8366049426293388,0.91029024,0.8399,0.8398911743027575,0.8399000000000001,0.8402071570982823,0.8399,0.8399,0.8399,0.8398911743027576,0.8399,0.8402071570982824,0.70712435,0.8294,0.8293972503053768,0.8294,0.8329350466210492,0.8293999999999999,0.8294,0.8294,0.8293972503053767,0.8294,0.8329350466210491,0.83211505,0.8342,0.8339134760610527,0.8342,0.8367322890663276,0.8342,0.8342,0.8342,0.8339134760610528,0.8342,0.8367322890663274
84,90,0,2113.7116724592615,0.0,0.7044982,0.8365,0.8362749951292565,0.8365,0.8369692226467356,0.8365,0.8365,0.8365,0.8362749951292566,0.8365,0.8369692226467358,0.9052003,0.8387,0.838752321374098,0.8387,0.83909421012123,0.8387,0.8387,0.8387,0.838752321374098,0.8387,0.83909421012123,0.6954462,0.8328,0.8321203253231836,0.8328,0.834736811498118,0.8327999999999999,0.8328,0.8328,0.8321203253231836,0.8328,0.8347368114981178,0.8321899,0.833,0.8326749287181843,0.833,0.8360407326317378,0.833,0.833,0.833,0.8326749287181842,0.833,0.8360407326317377
85,90,0,2113.7116724592693,0.0,0.7143847,0.8369,0.8367689485258186,0.8369000000000002,0.8375469444808973,0.8369,0.8369,0.8369,0.8367689485258188,0.8369,0.8375469444808972,0.9085063,0.8402,0.840197955921324,0.8402000000000001,0.8405793740022045,0.8402,0.8402,0.8402,0.8401979559213242,0.8402,0.8405793740022045,0.72206736,0.8292,0.8285586652999072,0.8291999999999999,0.8323210980212785,0.8292,0.8292,0.8292,0.8285586652999071,0.8292,0.8323210980212783,0.8283161,0.8339,0.8336071106142098,0.8339000000000001,0.8368445625535591,0.8339,0.8339,0.8339,0.8336071106142099,0.8339,0.8368445625535591
86,90,0,2113.7116724592784,0.0,0.72387487,0.8313,0.8314568214956332,0.8313,0.8328635120161223,0.8313000000000001,0.8313,0.8313,0.8314568214956333,0.8313,0.8328635120161223,0.91672647,0.8388,0.8388784060903633,0.8388,0.839313516221012,0.8388,0.8388,0.8388,0.8388784060903633,0.8388,0.8393135162210119,0.73726857,0.8243,0.8237638659242018,0.8243,0.8293607744031128,0.8243,0.8243,0.8243,0.8237638659242018,0.8243,0.829360774403113,0.8289995,0.8342,0.8339320595740787,0.8342,0.8366656757778814,0.8342,0.8342,0.8342,0.8339320595740787,0.8342,0.8366656757778814
87,90,0,2113.711672459287,0.0,0.7204925,0.8336,0.8337336923526983,0.8336,0.8347982363760285,0.8336,0.8336,0.8336,0.8337336923526982,0.8336,0.8347982363760286,0.922275,0.8399,0.8399648985429833,0.8399000000000001,0.8403870133408498,0.8399,0.8399,0.8399,0.8399648985429834,0.8399,0.8403870133408498,0.73033535,0.8285,0.827933123704371,0.8285,0.8319357467700653,0.8285,0.8285,0.8285,0.8279331237043711,0.8285,0.8319357467700653,0.8216673,0.835,0.8346432214469484,0.835,0.8374477398049767,0.835,0.835,0.835,0.8346432214469485,0.835,0.8374477398049767
88,90,0,2113.711672459294,0.0,0.7254424,0.8347,0.8348668366497531,0.8347,0.835923534645041,0.8347,0.8347,0.8347,0.834866836649753,0.8347,0.8359235346450409,0.92550915,0.8387,0.8388305629158846,0.8387,0.8392794209616022,0.8387,0.8387,0.8387,0.8388305629158845,0.8387,0.839279420961602,0.7402994,0.8279,0.8276272516241331,0.8279,0.832816164066762,0.8279,0.8279,0.8279,0.8276272516241332,0.8279,0.8328161640667618,0.8277756,0.8352,0.8348557759818421,0.8352,0.8378041584735916,0.8352,0.8352,0.8352,0.8348557759818421,0.8352,0.8378041584735917
89,90,0,2113.711672459301,0.0,0.7163048,0.8329,0.8334531714799549,0.8329000000000001,0.8346603133793573,0.8329000000000001,0.8329,0.8329,0.8334531714799548,0.8329,0.8346603133793573,0.9146254,0.8396,0.8397094035775338,0.8395999999999999,0.8401922511810112,0.8396,0.8396,0.8396,0.8397094035775337,0.8396,0.8401922511810112,0.7034681,0.8316,0.8317005876346665,0.8316000000000001,0.8336012719777477,0.8316,0.8316,0.8316,0.8317005876346664,0.8316,0.8336012719777478,0.83116204,0.8356,0.8353921473419581,0.8356,0.8378518466300431,0.8355999999999999,0.8356,0.8356,0.8353921473419581,0.8356,0.8378518466300431
90,90,0,2113.7116724593093,0.0,0.71546775,0.8354,0.8358339760261382,0.8353999999999999,0.8367338855189596,0.8354,0.8354,0.8354,0.8358339760261382,0.8354,0.8367338855189596,0.9168421,0.8395,0.8395624108116035,0.8394999999999999,0.8399047612385229,0.8395000000000001,0.8395,0.8395,0.8395624108116035,0.8395,0.839904761238523,0.70719504,0.8318,0.8314744314659297,0.8318,0.8337207465705369,0.8318,0.8318,0.8318,0.8314744314659298,0.8318,0.8337207465705367,0.83683455,0.837,0.8366348633420413,0.8370000000000001,0.8391499543009836,0.8370000000000001,0.837,0.837,0.8366348633420414,0.837,0.8391499543009837
91,90,0,2113.711672459316,0.0,0.72666013,0.8346,0.8346846746481933,0.8346,0.8358261720076661,0.8346,0.8346,0.8346,0.8346846746481933,0.8346,0.8358261720076662,0.9159342,0.8393,0.8394175707963758,0.8393,0.839915759590238,0.8393,0.8393,0.8393,0.8394175707963757,0.8393,0.8399157595902381,0.72872674,0.8331,0.8324870460858748,0.8331,0.8358711061505975,0.8331,0.8331,0.8331,0.8324870460858749,0.8331,0.8358711061505973,0.8421866,0.8366,0.836135281617603,0.8366,0.8397613355987597,0.8366,0.8366,0.8366,0.836135281617603,0.8366,0.8397613355987597
92,90,0,2113.7116724593247,0.0,0.7229543,0.8348,0.8350064125204504,0.8347999999999999,0.8361115452766066,0.8348,0.8348,0.8348,0.8350064125204506,0.8348,0.8361115452766067,0.92176974,0.8397,0.8397516716398099,0.8397,0.8401428671003515,0.8396999999999999,0.8397,0.8397,0.8397516716398099,0.8397,0.8401428671003518,0.7210827,0.8288,0.8281600473731489,0.8288,0.8314068330277797,0.8288,0.8288,0.8288,0.8281600473731491,0.8288,0.8314068330277798,0.84069514,0.8361,0.8353521685347507,0.8361000000000001,0.8388962684914538,0.8361,0.8361,0.8361,0.8353521685347507,0.8361,0.8388962684914539
93,90,0,2113.711672459332,0.0,0.71940035,0.8376,0.8377580657463121,0.8375999999999999,0.8383864161696313,0.8376,0.8376,0.8376,0.8377580657463121,0.8376,0.8383864161696313,0.9216304,0.8401,0.8401787131509089,0.8401,0.8404797421647616,0.8401,0.8401,0.8401,0.8401787131509089,0.8401,0.8404797421647616,0.7144536,0.8345,0.8339634385208552,0.8345,0.8361411813437643,0.8345,0.8345,0.8345,0.8339634385208552,0.8345,0.8361411813437644,0.82582796,0.8372,0.836636311895188,0.8371999999999999,0.8397148580241082,0.8372,0.8372,0.8372,0.8366363118951878,0.8372,0.8397148580241083
94,90,0,2113.711672459341,0.0,0.7093621,0.8357,0.8358414646112371,0.8356999999999999,0.8362015630796688,0.8357,0.8357,0.8357,0.8358414646112371,0.8357,0.8362015630796689,0.9223197,0.8408,0.8408185390184238,0.8408,0.841045404110336,0.8408,0.8408,0.8408,0.8408185390184238,0.8408,0.8410454041103359,0.70383865,0.8344,0.8339871157571581,0.8343999999999999,0.8358140042250348,0.8344,0.8344,0.8344,0.8339871157571581,0.8344,0.8358140042250347,0.8346949,0.837,0.836555106196189,0.8370000000000001,0.839195680322106,0.8370000000000001,0.837,0.837,0.8365551061961889,0.837,0.8391956803221061
95,90,0,2113.7116724593484,0.0,0.724406,0.8374,0.8372898254543081,0.8373999999999999,0.8376217935558243,0.8374,0.8374,0.8374,0.8372898254543081,0.8374,0.8376217935558241,0.93343943,0.8409,0.840964585692976,0.8409000000000001,0.8412672910861867,0.8409,0.8409,0.8409,0.8409645856929759,0.8409,0.8412672910861866,0.7177914,0.834,0.8331434390510625,0.834,0.8348664494622458,0.834,0.834,0.834,0.8331434390510625,0.834,0.8348664494622459,0.8322537,0.8363,0.8358269310119241,0.8362999999999999,0.8380335904415788,0.8363,0.8363,0.8363,0.835826931011924,0.8363,0.8380335904415788
96,90,0,2113.7116724593534,0.0,0.72914255,0.8317,0.8318976720474763,0.8317,0.8327910342806681,0.8317,0.8317,0.8317,0.8318976720474764,0.8317,0.8327910342806681,0.9174159,0.8394,0.8393803297950116,0.8394,0.8395739026331857,0.8394,0.8394,0.8394,0.8393803297950116,0.8394,0.8395739026331855,0.72770596,0.8314,0.8304748526807476,0.8314,0.8322503864788267,0.8314,0.8314,0.8314,0.8304748526807474,0.8314,0.8322503864788267,0.8225666,0.8359,0.8353514313688948,0.8359000000000002,0.8378086275465698,0.8359,0.8359,0.8359,0.8353514313688948,0.8359,0.8378086275465699
97,90,0,2113.7116724593643,0.0,0.7160466,0.8354,0.8353811986640457,0.8353999999999999,0.8358482206801477,0.8354,0.8354,0.8354,0.8353811986640456,0.8354,0.8358482206801476,0.93201464,0.839,0.838973740081256,0.8389999999999999,0.8391436680625792,0.839,0.839,0.839,0.8389737400812559,0.839,0.8391436680625793,0.7073707,0.8326,0.8319908333240035,0.8326,0.8338605126294437,0.8326,0.8326,0.8326,0.8319908333240035,0.8326,0.8338605126294436,0.8322206,0.8363,0.83558661834997,0.8362999999999999,0.8377158294593011,0.8363,0.8363,0.8363,0.8355866183499701,0.8363,0.8377158294593011
98,90,0,2113.71167245937,0.0,0.711354,0.8356,0.8353973620086113,0.8356,0.8354526558919948,0.8355999999999999,0.8356,0.8356,0.8353973620086114,0.8356,0.835452655891995,0.94081837,0.8392,0.8392085400515746,0.8392000000000002,0.8394173254027079,0.8392,0.8392,0.8392,0.8392085400515747,0.8392,0.8394173254027081,0.71047306,0.8334,0.8324343919793964,0.8333999999999999,0.83392643920481,0.8334,0.8334,0.8334,0.8324343919793964,0.8334,0.83392643920481,0.8387203,0.8359,0.8353557699804405,0.8359,0.8375539840255017,0.8359,0.8359,0.8359,0.8353557699804405,0.8359,0.8375539840255016
99,90,0,2113.7116724593766,0.0,0.72174007,0.8376,0.8377649062757888,0.8375999999999999,0.8382714296561036,0.8376,0.8376,0.8376,0.8377649062757886,0.8376,0.8382714296561037,0.93464315,0.8423,0.8422512714336878,0.8423,0.8424481976079077,0.8422999999999999,0.8423,0.8423,0.8422512714336877,0.8423,0.8424481976079078,0.7141252,0.8333,0.8327297323639209,0.8333,0.8340459985963236,0.8333,0.8333,0.8333,0.832729732363921,0.8333,0.8340459985963238,0.84212285,0.8368,0.8362315965889277,0.8368,0.8383138676442975,0.8368,0.8368,0.8368,0.8362315965889277,0.8368,0.8383138676442975
100,90,0,2113.7116724593825,0.0,0.7369665,0.8361,0.8360166337467637,0.8361000000000001,0.8367464313820377,0.8361,0.8361,0.8361,0.8360166337467637,0.8361,0.836746431382038,0.94064236,0.8409,0.8409205144054571,0.8409000000000001,0.8412130651093707,0.8409,0.8409,0.8409,0.8409205144054571,0.8409,0.8412130651093707,0.7319171,0.8322,0.831352716145943,0.8321999999999999,0.8334839950501026,0.8322,0.8322,0.8322,0.831352716145943,0.8322,0.8334839950501026,0.8558668,0.8355,0.8350694360558976,0.8355,0.8379714968545011,0.8355,0.8355,0.8355,0.8350694360558977,0.8355,0.8379714968545011
101,90,0,2113.71167245939,0.0,0.72905403,0.8351,0.8352524620098872,0.8351000000000001,0.8360895460479199,0.8351,0.8351,0.8351,0.8352524620098871,0.8351,0.8360895460479197,0.94714814,0.8421,0.8419517880606444,0.8421,0.8421097080041294,0.8421,0.8421,0.8421,0.8419517880606443,0.8421,0.8421097080041294,0.7233152,0.8319,0.8315426473876627,0.8319000000000001,0.8343211457290893,0.8319,0.8319,0.8319,0.8315426473876629,0.8319,0.8343211457290892,0.84617347,0.8343,0.8337750362594759,0.8343,0.8372831183090998,0.8343,0.8343,0.8343,0.8337750362594759,0.8343,0.8372831183090998
102,90,0,2113.7116724593984,0.0,0.7171822,0.8389,0.8386681983915653,0.8389000000000001,0.8389426641105697,0.8389000000000001,0.8389,0.8389,0.8386681983915653,0.8389,0.8389426641105696,0.93961096,0.841,0.8409258691393463,0.8409999999999999,0.8411358855063874,0.841,0.841,0.841,0.8409258691393463,0.841,0.8411358855063874,0.72158223,0.8354,0.8345649651008753,0.8353999999999999,0.8376658387359781,0.8354,0.8354,0.8354,0.8345649651008751,0.8354,0.8376658387359781,0.8503236,0.8345,0.8340027449013931,0.8345,0.8370741208083317,0.8345,0.8345,0.8345,0.834002744901393,0.8345,0.8370741208083317
103,90,0,2113.711672459406,0.0,0.7257956,0.8396,0.8394473082955098,0.8396000000000001,0.8396587712384056,0.8396,0.8396,0.8396,0.8394473082955101,0.8396,0.8396587712384055,0.9264037,0.8416,0.8415306583023204,0.8415999999999999,0.8417359892535783,0.8416,0.8416,0.8416,0.8415306583023204,0.8416,0.8417359892535784,0.73481697,0.8325,0.8317481386438876,0.8324999999999999,0.8345643951494592,0.8325,0.8325,0.8325,0.8317481386438877,0.8325,0.8345643951494595,0.84262776,0.8374,0.8368894073585414,0.8374,0.8397345442319291,0.8374,0.8374,0.8374,0.8368894073585414,0.8374,0.8397345442319288
104,90,0,2113.711672459417,0.0,0.7361717,0.8374,0.8373502584624554,0.8374,0.837897881975751,0.8374,0.8374,0.8374,0.8373502584624554,0.8374,0.8378978819757509,0.9425895,0.8407,0.8406695239139909,0.8407,0.8409375589055272,0.8407,0.8407,0.8407,0.840669523913991,0.8407,0.8409375589055273,0.7401157,0.8318,0.8314279599932914,0.8318,0.8341457366333694,0.8318,0.8318,0.8318,0.8314279599932916,0.8318,0.8341457366333692,0.8580211,0.8352,0.8348421036342263,0.8352,0.8377178574323176,0.8352,0.8352,0.8352,0.8348421036342263,0.8352,0.8377178574323175
105,90,0,2113.7116724594225,0.0,0.7300775,0.8393,0.8391908596024227,0.8393,0.8397002304278486,0.8393,0.8393,0.8393,0.8391908596024227,0.8393,0.8397002304278485,0.9346092,0.842,0.8418694386302935,0.842,0.8419577649981044,0.842,0.842,0.842,0.8418694386302934,0.842,0.8419577649981045,0.7521164,0.8311,0.8304142652631938,0.8311,0.8347043951408523,0.8311,0.8311,0.8311,0.8304142652631937,0.8311,0.8347043951408523,0.860429,0.8371,0.8366694955431011,0.8371000000000001,0.8401706236859049,0.8371000000000001,0.8371,0.8371,0.8366694955431012,0.8371,0.8401706236859049
106,90,0,2113.711672459429,0.0,0.7208338,0.8375,0.8370609109242471,0.8375,0.8370460083371881,0.8375,0.8375,0.8375,0.8370609109242471,0.8375,0.837046008337188,0.9472906,0.8405,0.8403602055725534,0.8404999999999999,0.8405385089465529,0.8404999999999999,0.8405,0.8405,0.8403602055725534,0.8405,0.8405385089465528,0.75008136,0.8303,0.8293095489174126,0.8302999999999999,0.8339212483137942,0.8303,0.8303,0.8303,0.8293095489174127,0.8303,0.8339212483137942,0.85263264,0.8363,0.8357862728695146,0.8362999999999999,0.8393538098458656,0.8363,0.8363,0.8363,0.8357862728695145,0.8363,0.8393538098458657
107,90,0,2113.7116724594393,0.0,0.73157823,0.8366,0.8366287371723804,0.8366,0.8370698539208552,0.8366,0.8366,0.8366,0.8366287371723804,0.8366,0.8370698539208552,0.95029724,0.8408,0.8406519733783077,0.8408,0.8407877147509625,0.8408,0.8408,0.8408,0.8406519733783075,0.8408,0.8407877147509626,0.73778987,0.8324,0.8318933088726972,0.8324,0.8348154198496024,0.8324,0.8324,0.8324,0.8318933088726973,0.8324,0.8348154198496024,0.8611011,0.835,0.8344638008297307,0.835,0.8375358447634913,0.835,0.835,0.835,0.8344638008297308,0.835,0.8375358447634913
108,90,0,2113.7116724594453,0.0,0.73208255,0.8368,0.8366779831671198,0.8368,0.8371607589957341,0.8368,0.8368,0.8368,0.8366779831671199,0.8368,0.8371607589957341,0.9416184,0.8402,0.8401025568165688,0.8402,0.8402345656171942,0.8402,0.8402,0.8402,0.8401025568165689,0.8402,0.8402345656171943,0.7333129,0.8319,0.8312227218332013,0.8318999999999999,0.8336574671788364,0.8319,0.8319,0.8319,0.8312227218332013,0.8319,0.8336574671788365,0.8436169,0.835,0.834653112709623,0.835,0.8371864565528094,0.835,0.835,0.835,0.8346531127096231,0.835,0.8371864565528094
109,90,0,2113.7116724594503,0.0,0.72676134,0.8379,0.8376882469564899,0.8379,0.8379791209531342,0.8379,0.8379,0.8379,0.8376882469564898,0.8379,0.8379791209531342,0.9383215,0.8416,0.8413976035910735,0.8416,0.841454740661461,0.8416,0.8416,0.8416,0.8413976035910736,0.8416,0.8414547406614609,0.73206544,0.8329,0.8324635163499522,0.8328999999999999,0.8352383606595041,0.8329000000000001,0.8329,0.8329,0.8324635163499523,0.8329,0.8352383606595042,0.8362501,0.837,0.8366934567220028,0.8370000000000001,0.8389208611550716,0.8370000000000001,0.837,0.837,0.8366934567220029,0.837,0.8389208611550717
110,90,0,2113.7116724594566,0.0,0.73687863,0.835,0.8353635617001561,0.835,0.8363729681696901,0.835,0.835,0.835,0.835363561700156,0.835,0.8363729681696901,0.933704,0.8418,0.8416425672665586,0.8418000000000001,0.8417398928330899,0.8418,0.8418,0.8418,0.8416425672665586,0.8418,0.8417398928330898,0.7263222,0.832,0.8323026452806699,0.8320000000000001,0.8343927897444405,0.832,0.832,0.832,0.8323026452806698,0.832,0.8343927897444404,0.8327412,0.8368,0.8364904064336434,0.8368,0.8390380089013693,0.8368,0.8368,0.8368,0.8364904064336435,0.8368,0.8390380089013694
111,90,0,2113.7116724594644,0.0,0.74277294,0.8371,0.8369376953948041,0.8371000000000001,0.8372622118576887,0.8371000000000001,0.8371,0.8371,0.836937695394804,0.8371,0.8372622118576887,0.9441487,0.8414,0.841238490895275,0.8413999999999999,0.8412979833604979,0.8414,0.8414,0.8414,0.841238490895275,0.8414,0.8412979833604979,0.7385898,0.8324,0.8319824210025019,0.8324,0.833906616828617,0.8324,0.8324,0.8324,0.8319824210025019,0.8324,0.833906616828617,0.84743845,0.8362,0.8359060861834576,0.8362,0.8391068538326099,0.8362,0.8362,0.8362,0.8359060861834576,0.8362,0.8391068538326101
112,90,0,2113.7116724594725,0.0,0.73844475,0.8354,0.835567486787442,0.8353999999999999,0.8359442443161461,0.8354,0.8354,0.8354,0.8355674867874419,0.8354,0.8359442443161459,0.93870676,0.8409,0.8408762469319064,0.8409000000000001,0.8410793496825958,0.8409,0.8409,0.8409,0.8408762469319067,0.8409,0.8410793496825956,0.7389728,0.833,0.8326570643828338,0.833,0.8341484255693148,0.833,0.833,0.833,0.8326570643828338,0.833,0.8341484255693151,0.85514903,0.8359,0.8355501114456254,0.8359,0.8384123559135299,0.8359,0.8359,0.8359,0.8355501114456254,0.8359,0.8384123559135298
113,90,0,2113.7116724594775,0.0,0.7402188,0.8347,0.8343619629989221,0.8347,0.8346750923869761,0.8347,0.8347,0.8347,0.834361962998922,0.8347,0.834675092386976,0.9436136,0.8409,0.8408967835230345,0.8409000000000001,0.8410477550329721,0.8409,0.8409,0.8409,0.8408967835230345,0.8409,0.841047755032972,0.7514639,0.8306,0.8297499491424996,0.8305999999999999,0.8327415181372316,0.8306,0.8306,0.8306,0.8297499491424997,0.8306,0.8327415181372316,0.8279026,0.8353,0.8349243258012246,0.8352999999999999,0.8379244544292369,0.8353,0.8353,0.8353,0.8349243258012246,0.8353,0.8379244544292371
114,90,0,2113.7116724594844,0.0,0.7318245,0.8361,0.8360365732380541,0.8360999999999998,0.8365317911905139,0.8361,0.8361,0.8361,0.8360365732380541,0.8361,0.8365317911905138,0.9339682,0.8408,0.8406778437891586,0.8408,0.8407569311441702,0.8408,0.8408,0.8408,0.8406778437891586,0.8408,0.84075693114417,0.7305679,0.8316,0.8312250259000493,0.8315999999999999,0.8334838283023622,0.8316,0.8316,0.8316,0.8312250259000491,0.8316,0.8334838283023622,0.84745896,0.8361,0.8357559344761798,0.8361000000000001,0.8391902540400574,0.8361,0.8361,0.8361,0.8357559344761799,0.8361,0.8391902540400575
115,90,0,2113.7116724594907,0.0,0.7299466,0.836,0.8359250063651604,0.836,0.8362879552590554,0.836,0.836,0.836,0.8359250063651605,0.836,0.8362879552590555,0.9281281,0.8412,0.8410967720507567,0.8412000000000001,0.8412396637255581,0.8412,0.8412,0.8412,0.841096772050757,0.8412,0.841239663725558,0.7350814,0.8333,0.8329911196754335,0.8333,0.8358664379166619,0.8333,0.8333,0.8333,0.8329911196754336,0.8333,0.8358664379166619,0.8372417,0.8373,0.8369383165680011,0.8373000000000002,0.8406040131253567,0.8373000000000002,0.8373,0.8373,0.8369383165680012,0.8373,0.8406040131253567
116,90,0,2113.7116724594985,0.0,0.7294653,0.8375,0.8375169042316124,0.8375,0.8379526404344009,0.8375,0.8375,0.8375,0.8375169042316124,0.8375,0.8379526404344009,0.9356877,0.8416,0.8414578649135734,0.8416,0.8416359471427011,0.8416,0.8416,0.8416,0.8414578649135734,0.8416,0.8416359471427011,0.73808837,0.8331,0.8325417302635169,0.8331,0.8353215623232868,0.8331,0.8331,0.8331,0.8325417302635167,0.8331,0.8353215623232867,0.8363631,0.8376,0.8370337420521755,0.8375999999999999,0.8404884255887645,0.8376,0.8376,0.8376,0.8370337420521755,0.8376,0.8404884255887644
117,90,0,2113.711672459504,0.0,0.7311113,0.8396,0.8390657346767307,0.8395999999999999,0.8390309381296319,0.8396,0.8396,0.8396,0.8390657346767307,0.8396,0.839030938129632,0.92708594,0.8437,0.843661713219063,0.8437000000000001,0.843871175427075,0.8436999999999999,0.8437,0.8437,0.8436617132190629,0.8437,0.8438711754270751,0.74133104,0.8337,0.8326282838691708,0.8337,0.8355223272957553,0.8337,0.8337,0.8337,0.8326282838691708,0.8337,0.8355223272957552,0.8334664,0.8366,0.8361892417450495,0.8366,0.8396978461053308,0.8366,0.8366,0.8366,0.8361892417450494,0.8366,0.8396978461053308
118,90,0,2113.711672459512,0.0,0.7349438,0.8381,0.8377959540899942,0.8381000000000001,0.8388243979344994,0.8381,0.8381,0.8381,0.8377959540899943,0.8381,0.8388243979344993,0.92472345,0.8427,0.8426146352964474,0.8427,0.8428446847783816,0.8427,0.8427,0.8427,0.8426146352964473,0.8427,0.8428446847783816,0.73611796,0.8346,0.8339119649238548,0.8346,0.8367780467103481,0.8346,0.8346,0.8346,0.8339119649238548,0.8346,0.8367780467103481,0.84186095,0.8359,0.8354688829272401,0.8359,0.8390937073835423,0.8359,0.8359,0.8359,0.8354688829272402,0.8359,0.8390937073835423
119,90,0,2113.7116724595203,0.0,0.72537833,0.8374,0.8373297046466748,0.8374,0.8378463296507471,0.8374,0.8374,0.8374,0.8373297046466749,0.8374,0.837846329650747,0.9321078,0.8413,0.8412626789143018,0.8413,0.8415121810177337,0.8413000000000002,0.8413,0.8413,0.841262678914302,0.8413,0.8415121810177337,0.74193937,0.8306,0.8298865003798683,0.8305999999999999,0.8334819804718843,0.8306,0.8306,0.8306,0.8298865003798682,0.8306,0.8334819804718844,0.8358168,0.8373,0.8367896458920633,0.8373000000000002,0.8399138496966774,0.8373000000000002,0.8373,0.8373,0.8367896458920634,0.8373,0.8399138496966774
120,90,0,2113.7116724595276,0.0,0.7527851,0.8344,0.8348465852376646,0.8343999999999999,0.8363747140067517,0.8344,0.8344,0.8344,0.8348465852376646,0.8344,0.8363747140067519,0.9332253,0.8418,0.8417641920033517,0.8417999999999999,0.8420318210004896,0.8418,0.8418,0.8418,0.8417641920033518,0.8418,0.8420318210004896,0.7398851,0.8312,0.8307974736395074,0.8312000000000002,0.8325634967173989,0.8312,0.8312,0.8312,0.8307974736395075,0.8312,0.8325634967173988,0.84305096,0.8365,0.8359252689016268,0.8364999999999998,0.8394704159351123,0.8365,0.8365,0.8365,0.8359252689016268,0.8365,0.8394704159351124
121,90,0,2113.7116724595344,0.0,0.73160666,0.8381,0.8378243280861273,0.8381000000000001,0.838146407709327,0.8381,0.8381,0.8381,0.8378243280861274,0.8381,0.8381464077093269,0.9425789,0.8423,0.8422436238141892,0.8423,0.8424841971817567,0.8422999999999999,0.8423,0.8423,0.8422436238141888,0.8423,0.8424841971817568,0.7373432,0.8344,0.8336529390808092,0.8344000000000001,0.8358242657144948,0.8344,0.8344,0.8344,0.8336529390808092,0.8344,0.8358242657144946,0.8397248,0.8359,0.8354598656006498,0.8359,0.8388870281819727,0.8359,0.8359,0.8359,0.8354598656006498,0.8359,0.8388870281819727
122,90,0,2113.711672459541,0.0,0.7350854,0.8374,0.8372196399614442,0.8374,0.8375207545846429,0.8374,0.8374,0.8374,0.8372196399614442,0.8374,0.8375207545846429,0.9496307,0.8422,0.8421394568563123,0.8422000000000001,0.8423063431685227,0.8422,0.8422,0.8422,0.8421394568563124,0.8422,0.8423063431685227,0.74126405,0.8346,0.8340301272496159,0.8346,0.8366759295704412,0.8346,0.8346,0.8346,0.8340301272496159,0.8346,0.8366759295704412,0.83904964,0.8349,0.8344996032473426,0.8349,0.8381707943366864,0.8349000000000001,0.8349,0.8349,0.8344996032473427,0.8349,0.8381707943366864
123,90,0,2113.7116724595494,0.0,0.7175932,0.8395,0.8391697776235378,0.8394999999999999,0.8392246926733351,0.8395000000000001,0.8395,0.8395,0.8391697776235378,0.8395,0.8392246926733351,0.93495166,0.8428,0.8427498375499874,0.8428000000000001,0.843034073163848,0.8428,0.8428,0.8428,0.8427498375499873,0.8428,0.8430340731638482,0.7390034,0.8332,0.8322701072096124,0.8332,0.8356588667307518,0.8332,0.8332,0.8332,0.8322701072096125,0.8332,0.8356588667307518,0.8421443,0.8353,0.834975732568471,0.8352999999999999,0.8383937660695133,0.8353,0.8353,0.8353,0.834975732568471,0.8353,0.8383937660695135
124,90,0,2113.711672459557,0.0,0.71406025,0.8416,0.8413103355544364,0.8416,0.8415191766252639,0.8416,0.8416,0.8416,0.8413103355544365,0.8416,0.8415191766252638,0.9511936,0.8426,0.8425564280587151,0.8426,0.8428037470833774,0.8426,0.8426,0.8426,0.842556428058715,0.8426,0.8428037470833774,0.73212665,0.8338,0.8328659659939488,0.8337999999999999,0.8363119737466933,0.8338,0.8338,0.8338,0.8328659659939487,0.8338,0.8363119737466932,0.83103544,0.8371,0.836717106383864,0.8371000000000001,0.8400853752888372,0.8371000000000001,0.8371,0.8371,0.836717106383864,0.8371,0.8400853752888372
125,90,0,2113.711672459563,0.0,0.7293236,0.8428,0.8427141800232787,0.8428000000000001,0.8431799652108518,0.8428,0.8428,0.8428,0.8427141800232787,0.8428,0.8431799652108517,0.95798856,0.843,0.8429960367999509,0.843,0.843349437993744,0.843,0.843,0.843,0.8429960367999509,0.843,0.8433494379937437,0.7509385,0.8312,0.8305066797571037,0.8311999999999999,0.8347193503810564,0.8312,0.8312,0.8312,0.8305066797571037,0.8312,0.8347193503810564,0.84275764,0.8356,0.835377305089961,0.8356,0.8384986948438151,0.8355999999999999,0.8356,0.8356,0.835377305089961,0.8356,0.8384986948438151
126,90,0,2113.7116724595703,0.0,0.7365252,0.8373,0.8375185862755018,0.8372999999999999,0.837998867538048,0.8373000000000002,0.8373,0.8373,0.8375185862755016,0.8373,0.8379988675380479,0.95340085,0.8423,0.8422475862902804,0.8423,0.8425344129272989,0.8422999999999999,0.8423,0.8423,0.8422475862902804,0.8423,0.8425344129272989,0.7565205,0.8332,0.8330408652207806,0.8332,0.8367289216528935,0.8332,0.8332,0.8332,0.8330408652207805,0.8332,0.8367289216528934,0.83217967,0.8366,0.8362888813937328,0.8366,0.8391199301978673,0.8366,0.8366,0.8366,0.8362888813937328,0.8366,0.8391199301978675
127,90,0,2113.711672459576,0.0,0.74053276,0.8388,0.8390840476379158,0.8388,0.8396702215878171,0.8388,0.8388,0.8388,0.8390840476379159,0.8388,0.8396702215878171,0.9460824,0.8417,0.8416370838650611,0.8417,0.8418739197750064,0.8416999999999999,0.8417,0.8417,0.8416370838650611,0.8417,0.8418739197750063,0.7597396,0.8308,0.8308576485794754,0.8308,0.8346190912286924,0.8308,0.8308,0.8308,0.8308576485794754,0.8308,0.8346190912286924,0.83483124,0.8354,0.8351602523072916,0.8353999999999999,0.8383817413896647,0.8354,0.8354,0.8354,0.8351602523072915,0.8354,0.8383817413896646
128,90,0,2113.711672459581,0.0,0.74016005,0.8395,0.8395499438015939,0.8394999999999999,0.8399427033923713,0.8395000000000001,0.8395,0.8395,0.8395499438015939,0.8395,0.8399427033923712,0.94372636,0.8429,0.8429673298409277,0.8429,0.8433794838248472,0.8429,0.8429,0.8429,0.8429673298409276,0.8429,0.8433794838248472,0.7486876,0.8322,0.8319988762577237,0.8321999999999999,0.8344541125526546,0.8322,0.8322,0.8322,0.8319988762577238,0.8322,0.8344541125526544,0.82298994,0.8353,0.8350777176119676,0.8352999999999999,0.8379380648451471,0.8353,0.8353,0.8353,0.8350777176119675,0.8353,0.8379380648451473
129,90,0,2113.71167245959,0.0,0.7378907,0.8417,0.8416451288315434,0.8417,0.8420493746334742,0.8416999999999999,0.8417,0.8417,0.8416451288315435,0.8417,0.8420493746334742,0.94153184,0.8433,0.8432772408024786,0.8432999999999999,0.8436168046651705,0.8433,0.8433,0.8433,0.8432772408024785,0.8433,0.8436168046651704,0.7663861,0.8327,0.8320975403355968,0.8327,0.8362871422986771,0.8327000000000001,0.8327,0.8327,0.8320975403355969,0.8327,0.8362871422986771,0.85070264,0.8339,0.8335363552744417,0.8339000000000001,0.8377280780473775,0.8339,0.8339,0.8339,0.8335363552744415,0.8339,0.8377280780473775
130,90,0,2113.7116724595953,0.0,0.73297346,0.8398,0.8399828764574249,0.8398,0.840368490504412,0.8398,0.8398,0.8398,0.8399828764574248,0.8398,0.840368490504412,0.9427634,0.8434,0.8433993794981489,0.8433999999999999,0.8436380591418479,0.8434,0.8434,0.8434,0.843399379498149,0.8434,0.8436380591418478,0.76467973,0.8316,0.8312593464078317,0.8316000000000001,0.8357406166821797,0.8316,0.8316,0.8316,0.8312593464078316,0.8316,0.8357406166821797,0.8409219,0.833,0.832774739399821,0.833,0.8368313140143206,0.833,0.833,0.833,0.832774739399821,0.833,0.8368313140143205
131,90,0,2113.7116724596035,0.0,0.7384675,0.8384,0.8384746590782912,0.8384,0.8389804311975071,0.8384,0.8384,0.8384,0.8384746590782913,0.8384,0.8389804311975071,0.9346211,0.8428,0.8427622166549256,0.8428000000000001,0.8429863183777491,0.8428,0.8428,0.8428,0.8427622166549256,0.8428,0.8429863183777492,0.76181346,0.8334,0.833053585453665,0.8333999999999999,0.8374175412776144,0.8334,0.8334,0.8334,0.8330535854536649,0.8334,0.8374175412776144,0.8427789,0.8365,0.8361993012355017,0.8365,0.8403909448628312,0.8365,0.8365,0.8365,0.8361993012355015,0.8365,0.8403909448628312
132,90,0,2113.7116724596117,0.0,0.7194249,0.8407,0.8408373065344934,0.8407,0.8410973756500926,0.8407,0.8407,0.8407,0.8408373065344935,0.8407,0.8410973756500926,0.9298732,0.8436,0.8435049903435194,0.8436,0.8437285878056894,0.8436,0.8436,0.8436,0.8435049903435196,0.8436,0.8437285878056893,0.7394426,0.8348,0.8343868414764364,0.8348000000000001,0.8374816340767172,0.8348,0.8348,0.8348,0.8343868414764365,0.8348,0.837481634076717,0.8411391,0.8378,0.8373365604806171,0.8378,0.8417421425115336,0.8378,0.8378,0.8378,0.8373365604806169,0.8378,0.8417421425115333
133,90,0,2113.7116724596162,0.0,0.72393876,0.8405,0.8406318883504416,0.8405000000000001,0.8411211754776013,0.8404999999999999,0.8405,0.8405,0.8406318883504414,0.8405,0.8411211754776013,0.93920976,0.8421,0.8421637739941227,0.8421000000000001,0.842500619984565,0.8421,0.8421,0.8421,0.8421637739941227,0.8421,0.8425006199845649,0.7532073,0.8314,0.831012650638035,0.8314,0.8353807636112928,0.8314,0.8314,0.8314,0.831012650638035,0.8314,0.8353807636112927,0.8196059,0.836,0.8356813922526773,0.836,0.8399577735760022,0.836,0.836,0.836,0.8356813922526773,0.836,0.8399577735760022
134,90,0,2113.711672459624,0.0,0.72945714,0.8384,0.8381518115792449,0.8384,0.8386924776542084,0.8384,0.8384,0.8384,0.8381518115792449,0.8384,0.8386924776542086,0.93504465,0.8433,0.8433522401246651,0.8432999999999999,0.8437227819306127,0.8433,0.8433,0.8433,0.8433522401246651,0.8433,0.8437227819306128,0.74008447,0.8341,0.8332886704912299,0.8341000000000001,0.8358148090972894,0.8341,0.8341,0.8341,0.8332886704912298,0.8341,0.8358148090972894,0.8281082,0.8358,0.8354453041723534,0.8358000000000001,0.8396082652322001,0.8358,0.8358,0.8358,0.8354453041723534,0.8358,0.8396082652322002
135,90,0,2113.7116724596303,0.0,0.73867714,0.8395,0.8390712221719763,0.8394999999999999,0.8391377131119503,0.8395000000000001,0.8395,0.8395,0.8390712221719765,0.8395,0.8391377131119503,0.9483624,0.8434,0.8433786924602469,0.8433999999999999,0.8435378699551933,0.8434,0.8434,0.8434,0.8433786924602469,0.8434,0.8435378699551933,0.753358,0.8309,0.8299867597928549,0.8309000000000001,0.83263034396024,0.8309,0.8309,0.8309,0.8299867597928547,0.8309,0.8326303439602399,0.8432497,0.8353,0.8349805516501713,0.8352999999999999,0.8387620940686705,0.8353,0.8353,0.8353,0.834980551650171,0.8353,0.8387620940686705
136,90,0,2113.7116724596367,0.0,0.73329276,0.8388,0.8385771829323018,0.8388,0.838766861480372,0.8388,0.8388,0.8388,0.8385771829323018,0.8388,0.838766861480372,0.9366371,0.8441,0.8440913869839977,0.8441000000000001,0.8443356656254674,0.8441000000000001,0.8441,0.8441,0.8440913869839977,0.8441,0.8443356656254672,0.74834806,0.8321,0.831343832176301,0.8321,0.8337779436944736,0.8321,0.8321,0.8321,0.8313438321763011,0.8321,0.8337779436944737,0.8391578,0.8347,0.8342787542968295,0.8347,0.838049987262148,0.8347,0.8347,0.8347,0.8342787542968295,0.8347,0.8380499872621479
137,90,0,2113.711672459645,0.0,0.73212916,0.8391,0.8391564464001785,0.8391,0.8394513335309405,0.8391,0.8391,0.8391,0.8391564464001785,0.8391,0.8394513335309406,0.9392119,0.8443,0.8443428951410752,0.8442999999999999,0.8446556182475511,0.8443,0.8443,0.8443,0.8443428951410751,0.8443,0.8446556182475511,0.7558098,0.8334,0.8329066463970161,0.8333999999999999,0.8363305813021276,0.8334,0.8334,0.8334,0.8329066463970161,0.8334,0.8363305813021276,0.83687854,0.8346,0.834341217328873,0.8346,0.8384912452526396,0.8346,0.8346,0.8346,0.834341217328873,0.8346,0.8384912452526396
138,90,0,2113.7116724596526,0.0,0.7425443,0.8386,0.8385814416372984,0.8385999999999999,0.8392192960704221,0.8386,0.8386,0.8386,0.8385814416372985,0.8386,0.839219296070422,0.94025105,0.8444,0.8444120810663611,0.8443999999999999,0.8446416668400651,0.8444,0.8444,0.8444,0.8444120810663609,0.8444,0.8446416668400653,0.763569,0.8324,0.8317368824775822,0.8324,0.8353442895288017,0.8324,0.8324,0.8324,0.831736882477582,0.8324,0.8353442895288016,0.8243944,0.8355,0.8351845347726364,0.8355,0.8387157088351789,0.8355,0.8355,0.8355,0.8351845347726364,0.8355,0.8387157088351789
139,90,0,2113.711672459659,0.0,0.7303377,0.8389,0.8387660631216857,0.8389,0.8391909374641531,0.8389000000000001,0.8389,0.8389,0.8387660631216857,0.8389,0.8391909374641531,0.9359908,0.8441,0.8440548258296404,0.8441000000000001,0.8442074373008415,0.8441000000000001,0.8441,0.8441,0.8440548258296405,0.8441,0.8442074373008416,0.7450001,0.8336,0.832910814427682,0.8336,0.8361158931123385,0.8336,0.8336,0.8336,0.8329108144276819,0.8336,0.8361158931123384,0.83999866,0.8366,0.8362028204785832,0.8366,0.8395714318882248,0.8366,0.8366,0.8366,0.8362028204785833,0.8366,0.8395714318882248
140,90,0,2113.7116724596663,0.0,0.72459257,0.8378,0.8376989681815747,0.8378,0.8378763156879752,0.8378,0.8378,0.8378,0.8376989681815746,0.8378,0.8378763156879752,0.9326507,0.8427,0.8425920498623635,0.8427000000000001,0.8427515285930918,0.8427,0.8427,0.8427,0.8425920498623635,0.8427,0.8427515285930918,0.7420373,0.8338,0.8331129362727179,0.8337999999999999,0.8359694368202367,0.8338,0.8338,0.8338,0.8331129362727181,0.8338,0.8359694368202368,0.82294834,0.8349,0.8344627813481088,0.8349,0.838148164018088,0.8349000000000001,0.8349,0.8349,0.8344627813481087,0.8349,0.8381481640180879
141,90,0,2113.7116724596713,0.0,0.7315262,0.8404,0.8400743100405694,0.8404,0.840562164859992,0.8404,0.8404,0.8404,0.8400743100405694,0.8404,0.8405621648599919,0.93514305,0.8426,0.8424532254415208,0.8426,0.842636640084031,0.8426,0.8426,0.8426,0.8424532254415208,0.8426,0.8426366400840308,0.7320769,0.8374,0.8366895274084829,0.8374,0.8385573928663028,0.8374,0.8374,0.8374,0.8366895274084829,0.8374,0.838557392866303,0.84044003,0.8364,0.835920922434702,0.8364,0.8391667026715617,0.8364,0.8364,0.8364,0.835920922434702,0.8364,0.8391667026715617
142,90,0,2113.711672459679,0.0,0.7339978,0.84,0.8393838688823669,0.8399999999999999,0.8397117388513179,0.8399999999999999,0.84,0.84,0.8393838688823669,0.84,0.8397117388513179,0.93767697,0.8443,0.8440626021087901,0.8442999999999999,0.8441634119526572,0.8443,0.8443,0.8443,0.8440626021087901,0.8443,0.8441634119526572,0.73579454,0.8352,0.8343778946038644,0.8352,0.836000834940782,0.8352,0.8352,0.8352,0.8343778946038642,0.8352,0.836000834940782,0.8224961,0.8362,0.8357306689157429,0.8362,0.8393263436326801,0.8362,0.8362,0.8362,0.8357306689157429,0.8362,0.8393263436326801
143,90,0,2113.7116724596863,0.0,0.73729503,0.8366,0.8365221524406399,0.8366,0.8368750583157786,0.8366,0.8366,0.8366,0.8365221524406399,0.8366,0.8368750583157784,0.93730164,0.8438,0.843518048870218,0.8437999999999999,0.8435789432089974,0.8438,0.8438,0.8438,0.8435180488702179,0.8438,0.8435789432089974,0.75933367,0.8297,0.8295752096320255,0.8296999999999999,0.8335880840869448,0.8297,0.8297,0.8297,0.8295752096320254,0.8297,0.833588084086945,0.8314905,0.8373,0.8369082525645316,0.8373000000000002,0.8408773796166493,0.8373000000000002,0.8373,0.8373,0.8369082525645317,0.8373,0.8408773796166493
144,90,0,2113.7116724596917,0.0,0.72455794,0.8395,0.8393400283440936,0.8394999999999999,0.8396248899778287,0.8395000000000001,0.8395,0.8395,0.8393400283440935,0.8395,0.8396248899778289,0.93313044,0.8446,0.8443204165730283,0.8446,0.8443308243441165,0.8446,0.8446,0.8446,0.8443204165730281,0.8446,0.8443308243441167,0.74649656,0.8319,0.8315571412980347,0.8319000000000001,0.8348663679770212,0.8319,0.8319,0.8319,0.8315571412980347,0.8319,0.8348663679770212,0.83030516,0.8367,0.8362134757881483,0.8367000000000001,0.8398638977311617,0.8367,0.8367,0.8367,0.8362134757881482,0.8367,0.8398638977311617
145,90,0,2113.7116724596963,0.0,0.7183802,0.8399,0.8394317587669227,0.8399000000000001,0.8392142226597332,0.8399,0.8399,0.8399,0.8394317587669226,0.8399,0.8392142226597332,0.9354299,0.8436,0.84337190939042,0.8436,0.8433629730783248,0.8436,0.8436,0.8436,0.84337190939042,0.8436,0.8433629730783246,0.74159735,0.8338,0.8330345394064873,0.8338000000000001,0.8360564344086212,0.8338,0.8338,0.8338,0.8330345394064872,0.8338,0.8360564344086211,0.8327239,0.8357,0.835099701476144,0.8356999999999999,0.8388575967583618,0.8357,0.8357,0.8357,0.835099701476144,0.8357,0.8388575967583618
146,90,0,2113.711672459706,0.0,0.7234783,0.8392,0.8391461709499609,0.8392,0.8394532376971661,0.8392,0.8392,0.8392,0.839146170949961,0.8392,0.8394532376971663,0.94758165,0.8428,0.8427185131017187,0.8428000000000001,0.842853295015168,0.8428,0.8428,0.8428,0.8427185131017187,0.8428,0.842853295015168,0.75656205,0.8316,0.8313233939405409,0.8315999999999999,0.835929774832406,0.8316,0.8316,0.8316,0.8313233939405409,0.8316,0.8359297748324062,0.8352121,0.8353,0.8349317320418457,0.8353000000000002,0.838798794347281,0.8353,0.8353,0.8353,0.8349317320418457,0.8353,0.838798794347281
147,90,0,2113.71167245971,0.0,0.72614366,0.8398,0.8395330681017483,0.8398,0.839505616201885,0.8398,0.8398,0.8398,0.8395330681017482,0.8398,0.8395056162018851,0.9334512,0.8435,0.8431786033118348,0.8435,0.8432680841916639,0.8435,0.8435,0.8435,0.8431786033118349,0.8435,0.8432680841916638,0.7523463,0.8316,0.8311125844579397,0.8315999999999999,0.8348465390381306,0.8316,0.8316,0.8316,0.8311125844579396,0.8316,0.8348465390381306,0.83688986,0.8349,0.8342813637060121,0.8349,0.8386585338577135,0.8349000000000001,0.8349,0.8349,0.8342813637060122,0.8349,0.8386585338577135
148,90,0,2113.7116724597167,0.0,0.7335311,0.839,0.8387551154608825,0.8390000000000001,0.8390939055970816,0.839,0.839,0.839,0.8387551154608823,0.839,0.8390939055970815,0.93034333,0.8433,0.843046779472157,0.8432999999999999,0.8430949427909026,0.8433,0.8433,0.8433,0.843046779472157,0.8433,0.8430949427909025,0.75032055,0.8324,0.8317605177084924,0.8324,0.8351973981268502,0.8324,0.8324,0.8324,0.8317605177084922,0.8324,0.8351973981268502,0.85792685,0.8345,0.8339317413815234,0.8345,0.838521427937331,0.8345,0.8345,0.8345,0.8339317413815234,0.8345,0.8385214279373311
149,90,0,2113.711672459726,0.0,0.7385017,0.8367,0.8369236434141575,0.8366999999999999,0.8376928995124011,0.8367,0.8367,0.8367,0.8369236434141574,0.8367,0.8376928995124011,0.92960936,0.8432,0.843101690652422,0.8432000000000001,0.8432034044375358,0.8432,0.8432,0.8432,0.8431016906524221,0.8432,0.8432034044375357,0.753491,0.831,0.8312328490355799,0.8310000000000001,0.8348874169142759,0.831,0.831,0.831,0.8312328490355798,0.831,0.8348874169142758,0.8291627,0.8341,0.8338689120632354,0.8341,0.8379106919218859,0.8341,0.8341,0.8341,0.8338689120632354,0.8341,0.837910691921886
150,90,0,2113.7116724597313,0.0,0.7385589,0.8383,0.838250974760179,0.8382999999999999,0.8388469441519362,0.8383000000000002,0.8383,0.8383,0.8382509747601787,0.8383,0.8388469441519361,0.93574494,0.8431,0.8430632452016716,0.8431000000000001,0.8432286167332986,0.8431000000000001,0.8431,0.8431,0.8430632452016716,0.8431,0.8432286167332986,0.7562303,0.831,0.8307617685161871,0.8310000000000001,0.8348057684923594,0.831,0.831,0.831,0.8307617685161871,0.831,0.8348057684923593,0.8357252,0.8346,0.8342065478762223,0.8346,0.8386373490985722,0.8346,0.8346,0.8346,0.8342065478762223,0.8346,0.8386373490985723
151,90,0,2113.7116724597395,0.0,0.7305361,0.8415,0.8412721951847273,0.8414999999999999,0.8412434385407626,0.8415,0.8415,0.8415,0.8412721951847271,0.8415,0.8412434385407626,0.9373749,0.8448,0.8447554168196152,0.8448,0.8448749595691677,0.8447999999999999,0.8448,0.8448,0.8447554168196151,0.8448,0.8448749595691677,0.75653017,0.8313,0.8307709449786745,0.8312999999999999,0.8346658041921688,0.8313000000000001,0.8313,0.8313,0.8307709449786745,0.8313,0.8346658041921688,0.8308387,0.8354,0.8351130445623424,0.8354000000000001,0.8394980704488401,0.8354,0.8354,0.8354,0.8351130445623425,0.8354,0.8394980704488401
152,90,0,2113.7116724597454,0.0,0.734037,0.8402,0.8399748927797226,0.8402000000000001,0.8400621277071505,0.8402,0.8402,0.8402,0.8399748927797226,0.8402,0.8400621277071503,0.9304063,0.8443,0.844216521652395,0.8443000000000002,0.8443246977994396,0.8443,0.8443,0.8443,0.8442165216523952,0.8443,0.8443246977994396,0.76712894,0.8307,0.8303435523449858,0.8306999999999999,0.8347812350869452,0.8307,0.8307,0.8307,0.8303435523449858,0.8307,0.834781235086945,0.8290569,0.8349,0.8346727121482027,0.8349,0.8385161620752495,0.8349000000000001,0.8349,0.8349,0.8346727121482027,0.8349,0.8385161620752495
153,90,0,2113.7116724597486,0.0,0.74051416,0.84,0.8393835705489204,0.8400000000000001,0.8392992890192448,0.8399999999999999,0.84,0.84,0.8393835705489204,0.84,0.8392992890192447,0.9416752,0.8453,0.8450429863699005,0.8452999999999999,0.844985080109938,0.8453,0.8453,0.8453,0.8450429863699004,0.8453,0.8449850801099379,0.7650156,0.8309,0.8301140775780219,0.8309,0.8337532197187295,0.8309,0.8309,0.8309,0.8301140775780219,0.8309,0.8337532197187296,0.83458066,0.8351,0.8346578076576151,0.8351000000000001,0.8388035964315597,0.8351,0.8351,0.8351,0.8346578076576152,0.8351,0.8388035964315596
154,90,0,2113.7116724597568,0.0,0.74036884,0.8402,0.8394380357471565,0.8402,0.8394790992284218,0.8402,0.8402,0.8402,0.8394380357471564,0.8402,0.8394790992284217,0.94073987,0.8457,0.8455134876641971,0.8457000000000001,0.8455624070210594,0.8457,0.8457,0.8457,0.8455134876641971,0.8457,0.8455624070210596,0.77918816,0.8302,0.8291094353379819,0.8301999999999999,0.834946256595574,0.8302,0.8302,0.8302,0.829109435337982,0.8302,0.8349462565955739,0.8325887,0.8351,0.8345709645004119,0.8351,0.8380791774065649,0.8351,0.8351,0.8351,0.8345709645004119,0.8351,0.8380791774065649
155,90,0,2113.711672459763,0.0,0.7370505,0.8397,0.8394906931653479,0.8397,0.8395336295788166,0.8396999999999999,0.8397,0.8397,0.8394906931653479,0.8397,0.8395336295788167,0.93421495,0.8445,0.8443291711462002,0.8444999999999998,0.8443605557191116,0.8445,0.8445,0.8445,0.8443291711462003,0.8445,0.8443605557191115,0.7656949,0.8314,0.8307901554811312,0.8314,0.8350789073101449,0.8314,0.8314,0.8314,0.8307901554811311,0.8314,0.835078907310145,0.8253613,0.8369,0.8363505303142345,0.8369,0.8398048340477533,0.8369,0.8369,0.8369,0.8363505303142347,0.8369,0.8398048340477533
156,90,0,2113.711672459769,0.0,0.73900723,0.842,0.8416771558180465,0.842,0.8416950260673722,0.842,0.842,0.842,0.8416771558180464,0.842,0.8416950260673725,0.94463557,0.8447,0.8446622960646957,0.8446999999999999,0.8447878413110435,0.8447,0.8447,0.8447,0.8446622960646957,0.8447,0.8447878413110433,0.7604471,0.8326,0.8318131444957221,0.8326,0.8360904743900411,0.8326,0.8326,0.8326,0.831813144495722,0.8326,0.8360904743900411,0.8394723,0.8339,0.8335614859636298,0.8339000000000001,0.837731781630081,0.8339,0.8339,0.8339,0.8335614859636298,0.8339,0.8377317816300809
157,90,0,2113.7116724597754,0.0,0.7383332,0.8424,0.8425022021888738,0.8423999999999999,0.8429110303224133,0.8424000000000001,0.8424,0.8424,0.8425022021888737,0.8424,0.8429110303224133,0.9400907,0.8449,0.8448809221273329,0.8449,0.8449763425627042,0.8449,0.8449,0.8449,0.8448809221273328,0.8449,0.8449763425627042,0.7824209,0.8268,0.8266425917943693,0.8268000000000001,0.8322940794769484,0.8267999999999999,0.8268,0.8268,0.8266425917943692,0.8268,0.8322940794769483,0.83483064,0.8347,0.8344035183752752,0.8347000000000001,0.8383137908733191,0.8347,0.8347,0.8347,0.834403518375275,0.8347,0.8383137908733191
158,90,0,2113.71167245978,0.0,0.73472774,0.8406,0.8408888828068461,0.8406,0.8416385694897054,0.8406,0.8406,0.8406,0.8408888828068463,0.8406,0.8416385694897053,0.9340793,0.8461,0.8460103022788366,0.8461000000000001,0.846067722206348,0.8461,0.8461,0.8461,0.8460103022788366,0.8461,0.846067722206348,0.7625108,0.8291,0.8292674994893773,0.8291000000000001,0.8338573837739707,0.8291,0.8291,0.8291,0.8292674994893772,0.8291,0.8338573837739707,0.8382123,0.8352,0.834885805168501,0.8352,0.838945517202162,0.8352,0.8352,0.8352,0.8348858051685009,0.8352,0.838945517202162
159,90,0,2113.7116724597877,0.0,0.73054665,0.8429,0.8427958332186636,0.8429,0.8432817672390629,0.8429,0.8429,0.8429,0.8427958332186636,0.8429,0.8432817672390629,0.9430793,0.8459,0.8458265944047174,0.8459,0.8459576903231498,0.8459,0.8459,0.8459,0.8458265944047173,0.8459,0.8459576903231498,0.7616392,0.8312,0.8308797572875493,0.8311999999999999,0.8356621702137191,0.8312,0.8312,0.8312,0.8308797572875491,0.8312,0.8356621702137192,0.8469191,0.8347,0.8342781287865249,0.8347,0.8389305031339305,0.8347,0.8347,0.8347,0.834278128786525,0.8347,0.8389305031339305
160,90,0,2113.7116724597913,0.0,0.7238571,0.8421,0.8419608690209743,0.8421000000000001,0.8421273661637919,0.8421,0.8421,0.8421,0.8419608690209744,0.8421,0.8421273661637919,0.946558,0.8446,0.8444940844623131,0.8446,0.8445626842606112,0.8446,0.8446,0.8446,0.8444940844623132,0.8446,0.8445626842606111,0.7733393,0.8328,0.8323626500811663,0.8328,0.8381773496266856,0.8327999999999999,0.8328,0.8328,0.8323626500811663,0.8328,0.8381773496266857,0.85760754,0.8373,0.8369183568831113,0.8373000000000002,0.8412019650110956,0.8373000000000002,0.8373,0.8373,0.8369183568831113,0.8373,0.8412019650110957
161,90,0,2113.7116724597986,0.0,0.7381247,0.841,0.8407434435893826,0.841,0.8410608090346481,0.841,0.841,0.841,0.8407434435893825,0.841,0.8410608090346481,0.9430092,0.8451,0.8452102756125102,0.8451000000000001,0.8455012025650473,0.8451,0.8451,0.8451,0.8452102756125102,0.8451,0.8455012025650472,0.7707533,0.8305,0.8299700812524632,0.8305,0.8346750500976562,0.8305,0.8305,0.8305,0.8299700812524634,0.8305,0.8346750500976561,0.85578376,0.834,0.8338579624009654,0.834,0.8388051986601237,0.834,0.834,0.834,0.8338579624009655,0.834,0.8388051986601236
162,90,0,2113.711672459804,0.0,0.7294702,0.8418,0.8420574224528412,0.8417999999999999,0.8425366840527682,0.8418,0.8418,0.8418,0.8420574224528413,0.8418,0.8425366840527682,0.9500719,0.8454,0.8454481470447947,0.8454,0.8456779688003018,0.8454,0.8454,0.8454,0.8454481470447947,0.8454,0.8456779688003018,0.7642832,0.8288,0.8286257965529739,0.8288,0.8339556996142559,0.8288,0.8288,0.8288,0.8286257965529737,0.8288,0.8339556996142559,0.84818786,0.8341,0.8337935668437172,0.8341000000000001,0.8391716473413989,0.8341,0.8341,0.8341,0.8337935668437172,0.8341,0.8391716473413989
163,90,0,2113.7116724598113,0.0,0.7296278,0.8409,0.8409141839601512,0.8408999999999999,0.8413783371394912,0.8409,0.8409,0.8409,0.8409141839601513,0.8409,0.8413783371394913,0.9526814,0.8446,0.8445507221091544,0.8446,0.8446868036432159,0.8446,0.8446,0.8446,0.8445507221091543,0.8446,0.8446868036432159,0.78377825,0.8285,0.8280924674691061,0.8285,0.834687226069647,0.8285,0.8285,0.8285,0.8280924674691063,0.8285,0.834687226069647,0.8705472,0.836,0.8356021880646669,0.836,0.8405095797595399,0.836,0.836,0.836,0.8356021880646666,0.836,0.8405095797595397
164,90,0,2113.711672459816,0.0,0.7287243,0.8401,0.8403625471776669,0.8401,0.8409421212238752,0.8401,0.8401,0.8401,0.840362547177667,0.8401,0.8409421212238755,0.9422017,0.8453,0.8452065835817569,0.8452999999999999,0.8452696307428876,0.8453,0.8453,0.8453,0.8452065835817568,0.8453,0.8452696307428876,0.7728489,0.8283,0.8283304906651644,0.8283000000000001,0.8338998412708214,0.8283,0.8283,0.8283,0.8283304906651642,0.8283,0.8338998412708215,0.84916747,0.8341,0.8337194502159487,0.8341000000000001,0.8387914790186889,0.8341,0.8341,0.8341,0.833719450215949,0.8341,0.8387914790186889
165,90,0,2113.711672459822,0.0,0.7356601,0.8423,0.8422475525664597,0.8423,0.8423619990401849,0.8422999999999999,0.8423,0.8423,0.8422475525664597,0.8423,0.842361999040185,0.93619746,0.8455,0.8454128531977272,0.8455,0.8454692872272247,0.8455,0.8455,0.8455,0.8454128531977272,0.8455,0.8454692872272248,0.7692455,0.8339,0.8334118495917446,0.8339000000000001,0.8378729103368354,0.8339,0.8339,0.8339,0.8334118495917447,0.8339,0.8378729103368352,0.86251307,0.8367,0.8363870319716584,0.8367000000000001,0.8408500666043516,0.8367,0.8367,0.8367,0.8363870319716583,0.8367,0.8408500666043514
166,90,0,2113.7116724598295,0.0,0.7369173,0.8399,0.8399245302807211,0.8399000000000001,0.8402059243454723,0.8399,0.8399,0.8399,0.8399245302807212,0.8399,0.8402059243454721,0.9422209,0.8459,0.8458212575297577,0.8459,0.8458984985746779,0.8459,0.8459,0.8459,0.8458212575297576,0.8459,0.8458984985746778,0.7930032,0.8282,0.8276641744071519,0.8282,0.8344246662711543,0.8282,0.8282,0.8282,0.8276641744071519,0.8282,0.8344246662711543,0.8541958,0.8349,0.8344069661401932,0.8349,0.8396344567012617,0.8349000000000001,0.8349,0.8349,0.834406966140193,0.8349,0.8396344567012617
167,90,0,2113.7116724598363,0.0,0.74917656,0.8397,0.8396252729154627,0.8397,0.8400477290004211,0.8396999999999999,0.8397,0.8397,0.8396252729154629,0.8397,0.840047729000421,0.9447496,0.8442,0.8441298343581073,0.8442000000000001,0.8442358662972106,0.8442,0.8442,0.8442,0.8441298343581073,0.8442,0.8442358662972107,0.80486965,0.8273,0.8267493848587588,0.8272999999999999,0.8336838002601736,0.8273,0.8273,0.8273,0.8267493848587588,0.8273,0.8336838002601736,0.8730288,0.8345,0.8341048143823894,0.8345,0.8402501668381218,0.8345,0.8345,0.8345,0.8341048143823895,0.8345,0.8402501668381217
168,90,0,2113.7116724598427,0.0,0.7435501,0.8408,0.8407618360459498,0.8408,0.8412021922827414,0.8408,0.8408,0.8408,0.8407618360459497,0.8408,0.8412021922827413,0.9488381,0.8438,0.8438722983037505,0.8438000000000001,0.8440743663514771,0.8438,0.8438,0.8438,0.8438722983037505,0.8438,0.8440743663514771,0.7970339,0.8302,0.8297982620372547,0.8301999999999999,0.8370627023984296,0.8302,0.8302,0.8302,0.8297982620372548,0.8302,0.8370627023984296,0.870423,0.8343,0.8340443535079988,0.8343,0.8397022099881166,0.8343,0.8343,0.8343,0.8340443535079989,0.8343,0.8397022099881167
169,90,0,2113.711672459849,0.0,0.73926455,0.8406,0.8407124637332263,0.8406,0.8409832935001755,0.8406,0.8406,0.8406,0.8407124637332263,0.8406,0.8409832935001755,0.9303251,0.8451,0.8451787289119288,0.8451000000000001,0.8453539319575331,0.8451,0.8451,0.8451,0.8451787289119286,0.8451,0.845353931957533,0.7947369,0.832,0.8315467507581251,0.8320000000000001,0.8390176305766266,0.832,0.832,0.832,0.8315467507581252,0.832,0.8390176305766267,0.87398714,0.8341,0.8336957042026677,0.8341,0.8399331033784796,0.8341,0.8341,0.8341,0.8336957042026677,0.8341,0.8399331033784798
170,90,0,2113.711672459857,0.0,0.74008656,0.8409,0.8410280620043915,0.8409000000000001,0.8414477967053171,0.8409,0.8409,0.8409,0.8410280620043915,0.8409,0.841447796705317,0.946764,0.8449,0.8449725224672046,0.8449,0.8451986910214938,0.8449,0.8449,0.8449,0.8449725224672046,0.8449,0.8451986910214939,0.78894556,0.8315,0.83127383306613,0.8314999999999999,0.8375985479879912,0.8315,0.8315,0.8315,0.8312738330661299,0.8315,0.8375985479879914,0.873974,0.8353,0.8350245669828459,0.8353000000000002,0.8411101894266387,0.8353,0.8353,0.8353,0.8350245669828459,0.8353,0.8411101894266385
171,90,0,2113.711672459864,0.0,0.7328077,0.8441,0.8439458608947057,0.8441000000000001,0.8439750130181544,0.8441000000000001,0.8441,0.8441,0.8439458608947056,0.8441,0.8439750130181543,0.9338255,0.847,0.846985872206935,0.8470000000000001,0.8472123755118959,0.847,0.847,0.847,0.8469858722069348,0.847,0.8472123755118961,0.78381103,0.8326,0.8319926679189267,0.8326,0.8386207559856821,0.8326,0.8326,0.8326,0.8319926679189266,0.8326,0.8386207559856823,0.8435225,0.8359,0.8354154985510462,0.8359,0.8410321451302227,0.8359,0.8359,0.8359,0.835415498551046,0.8359,0.8410321451302226
172,90,0,2113.7116724598704,0.0,0.7349362,0.8427,0.8428008497645083,0.8427,0.8432357364327947,0.8427,0.8427,0.8427,0.8428008497645082,0.8427,0.8432357364327947,0.93578357,0.8457,0.845624312380205,0.8457000000000001,0.8458102884215417,0.8457,0.8457,0.8457,0.8456243123802049,0.8457,0.8458102884215417,0.78420764,0.831,0.8310258667797139,0.8310000000000001,0.8374840272070433,0.831,0.831,0.831,0.8310258667797139,0.831,0.8374840272070433,0.84045213,0.8367,0.8363328801970944,0.8366999999999999,0.8415915145234901,0.8367,0.8367,0.8367,0.8363328801970944,0.8367,0.8415915145234901
173,90,0,2113.7116724598764,0.0,0.74143434,0.8411,0.8414606504317133,0.8411,0.8422680156295334,0.8411,0.8411,0.8411,0.8414606504317133,0.8411,0.8422680156295334,0.9394562,0.8455,0.8455020218724043,0.8455,0.8457060216734421,0.8455,0.8455,0.8455,0.8455020218724043,0.8455,0.8457060216734422,0.7830035,0.8288,0.8290883132307819,0.8288,0.8349030995165234,0.8288,0.8288,0.8288,0.8290883132307821,0.8288,0.8349030995165234,0.85037833,0.8354,0.834977495118466,0.8353999999999999,0.8404839725310781,0.8354,0.8354,0.8354,0.8349774951184662,0.8354,0.8404839725310781
174,90,0,2113.7116724598827,0.0,0.73677665,0.8425,0.8423086985444341,0.8425,0.8427275650679558,0.8425,0.8425,0.8425,0.8423086985444341,0.8425,0.8427275650679558,0.94089365,0.8452,0.8450914394724576,0.8452,0.8451455586011811,0.8452,0.8452,0.8452,0.8450914394724576,0.8452,0.8451455586011811,0.78446066,0.8316,0.8312691970654205,0.8315999999999999,0.8379392475953594,0.8316,0.8316,0.8316,0.8312691970654207,0.8316,0.8379392475953593,0.84324485,0.8364,0.8359728951741449,0.8364,0.8409662502893859,0.8364,0.8364,0.8364,0.835972895174145,0.8364,0.840966250289386
175,90,0,2113.7116724598923,0.0,0.7360672,0.843,0.8429112948109558,0.843,0.8431596640257715,0.843,0.843,0.843,0.842911294810956,0.843,0.8431596640257715,0.9408754,0.8456,0.8455972667106844,0.8455999999999999,0.8458361117322317,0.8456,0.8456,0.8456,0.8455972667106844,0.8456,0.8458361117322316,0.7645735,0.8338,0.8333422689202055,0.8337999999999999,0.8373842246056755,0.8338,0.8338,0.8338,0.8333422689202055,0.8338,0.8373842246056756,0.845613,0.8346,0.8342221890426904,0.8346,0.8392147346274145,0.8346,0.8346,0.8346,0.8342221890426905,0.8346,0.8392147346274144
176,90,0,2113.7116724598977,0.0,0.7462339,0.8423,0.8423412052251285,0.8423,0.8425485851663908,0.8422999999999999,0.8423,0.8423,0.8423412052251286,0.8423,0.8425485851663906,0.9547471,0.8461,0.8461242957666129,0.8461000000000001,0.84634835689455,0.8461,0.8461,0.8461,0.8461242957666127,0.8461,0.8463483568945501,0.77545416,0.8351,0.834941145825951,0.8351,0.8390767905135563,0.8351,0.8351,0.8351,0.834941145825951,0.8351,0.8390767905135564,0.8461818,0.8351,0.8346667391702451,0.8351,0.8392771537457173,0.8351,0.8351,0.8351,0.8346667391702451,0.8351,0.8392771537457174
177,90,0,2113.7116724599036,0.0,0.76112753,0.8402,0.8406708068294307,0.8402,0.8419542666858858,0.8402,0.8402,0.8402,0.8406708068294307,0.8402,0.8419542666858857,0.9468939,0.8449,0.8449536659357875,0.8449,0.845201571060473,0.8449,0.8449,0.8449,0.8449536659357877,0.8449,0.845201571060473,0.816039,0.8271,0.8278643098776094,0.8271,0.8356200021854004,0.8271,0.8271,0.8271,0.8278643098776094,0.8271,0.8356200021854006,0.84993595,0.8356,0.8353071079258981,0.8356,0.8401307195207822,0.8355999999999999,0.8356,0.8356,0.8353071079258981,0.8356,0.8401307195207821
178,90,0,2113.71167245991,0.0,0.8012517,0.8324,0.8331816616472164,0.8324,0.8361473919600406,0.8324,0.8324,0.8324,0.8331816616472164,0.8324,0.8361473919600405,0.9489445,0.8449,0.8448825378832872,0.8449,0.8450467361372318,0.8449,0.8449,0.8449,0.8448825378832872,0.8449,0.8450467361372319,0.845249,0.8229,0.8245137820418387,0.8229000000000001,0.8349493919526347,0.8229,0.8229,0.8229,0.8245137820418389,0.8229,0.8349493919526347,0.84820604,0.8361,0.8359560219751305,0.8361000000000001,0.8409402614189588,0.8361,0.8361,0.8361,0.8359560219751303,0.8361,0.8409402614189588
179,90,0,2113.7116724599155,0.0,0.73711413,0.8417,0.8417688724284724,0.8417,0.8421941843874061,0.8416999999999999,0.8417,0.8417,0.8417688724284722,0.8417,0.8421941843874059,0.94866943,0.8458,0.8457094503157452,0.8458,0.8458378571208194,0.8458,0.8458,0.8458,0.8457094503157452,0.8458,0.8458378571208195,0.77198416,0.832,0.8320919370750485,0.8320000000000001,0.8370557945391075,0.832,0.832,0.832,0.8320919370750486,0.832,0.8370557945391076,0.8432871,0.8367,0.8362669828600591,0.8366999999999999,0.8409389236899377,0.8367,0.8367,0.8367,0.8362669828600592,0.8367,0.8409389236899378
180,90,0,2113.7116724599223,0.0,0.74164903,0.8427,0.8426249824256795,0.8427000000000001,0.8430130311963602,0.8427,0.8427,0.8427,0.8426249824256796,0.8427,0.84301303119636,0.9477092,0.8453,0.8452415927079574,0.8452999999999999,0.8454510429047535,0.8453,0.8453,0.8453,0.8452415927079574,0.8453,0.8454510429047534,0.76869035,0.8332,0.832963492056425,0.8331999999999999,0.8371395814081627,0.8332,0.8332,0.8332,0.8329634920564251,0.8332,0.8371395814081625,0.850226,0.8352,0.8348379045404416,0.8352,0.8398019617594116,0.8352,0.8352,0.8352,0.8348379045404416,0.8352,0.8398019617594117
181,90,0,2113.711672459929,0.0,0.75169325,0.8434,0.8435257295815634,0.8433999999999999,0.8439481869282297,0.8434,0.8434,0.8434,0.8435257295815632,0.8434,0.8439481869282297,0.9583207,0.8447,0.8447728185917927,0.8446999999999999,0.8451637399094494,0.8447,0.8447,0.8447,0.8447728185917928,0.8447,0.8451637399094494,0.7823005,0.8299,0.8297971078821342,0.8299,0.8341421868389872,0.8298999999999999,0.8299,0.8299,0.8297971078821341,0.8299,0.8341421868389872,0.8540291,0.8336,0.8333510870609002,0.8336,0.8386914711167366,0.8336,0.8336,0.8336,0.8333510870609003,0.8336,0.8386914711167365
182,90,0,2113.711672459934,0.0,0.7513081,0.8395,0.8396886833967164,0.8394999999999999,0.8403926660628315,0.8395000000000001,0.8395,0.8395,0.8396886833967164,0.8395,0.8403926660628315,0.9534756,0.8458,0.8457625651932797,0.8458,0.8461122720675114,0.8458,0.8458,0.8458,0.8457625651932799,0.8458,0.8461122720675114,0.77691966,0.8308,0.8306880370956888,0.8308,0.8346459195858318,0.8308,0.8308,0.8308,0.8306880370956887,0.8308,0.8346459195858319,0.8552543,0.8343,0.8337481407038689,0.8343,0.8390359914065891,0.8343,0.8343,0.8343,0.8337481407038689,0.8343,0.8390359914065891
183,90,0,2113.711672459939,0.0,0.74922365,0.8427,0.8422898848291865,0.8427,0.8422993007729653,0.8427,0.8427,0.8427,0.8422898848291864,0.8427,0.8422993007729654,0.9533869,0.8451,0.8450384150072354,0.8451000000000001,0.8453077437035178,0.8451,0.8451,0.8451,0.8450384150072354,0.8451,0.8453077437035177,0.7968537,0.8288,0.8282219421145076,0.8288,0.8337216542990442,0.8288,0.8288,0.8288,0.8282219421145075,0.8288,0.833721654299044,0.8582913,0.8339,0.8334308533946331,0.8338999999999999,0.8392167846659657,0.8339,0.8339,0.8339,0.8334308533946331,0.8339,0.8392167846659658
184,90,0,2113.7116724599455,0.0,0.7513113,0.8418,0.8412058213944187,0.8418000000000001,0.841255247530188,0.8418,0.8418,0.8418,0.8412058213944187,0.8418,0.8412552475301878,0.96180457,0.8444,0.844387169671154,0.8443999999999999,0.8446772833735713,0.8444,0.8444,0.8444,0.8443871696711541,0.8444,0.8446772833735715,0.79492813,0.8316,0.8306537844542252,0.8315999999999999,0.8360287813852709,0.8316,0.8316,0.8316,0.8306537844542252,0.8316,0.836028781385271,0.8453149,0.8337,0.8332444442111709,0.8337,0.838445117152881,0.8337,0.8337,0.8337,0.8332444442111707,0.8337,0.838445117152881
185,90,0,2113.7116724599514,0.0,0.7497539,0.843,0.8428438741216994,0.843,0.8430685382103705,0.843,0.843,0.843,0.8428438741216993,0.843,0.8430685382103705,0.957315,0.8464,0.846391057205248,0.8464,0.8465729982795809,0.8464,0.8464,0.8464,0.846391057205248,0.8464,0.8465729982795809,0.79355466,0.8334,0.8330735508069852,0.8333999999999999,0.8381414261047528,0.8334,0.8334,0.8334,0.8330735508069851,0.8334,0.8381414261047528,0.8649866,0.8341,0.833660131515013,0.8341000000000001,0.8385476709397803,0.8341,0.8341,0.8341,0.8336601315150131,0.8341,0.8385476709397802
186,90,0,2113.711672459959,0.0,0.7646029,0.8423,0.842448995529106,0.8423,0.8433399510222355,0.8422999999999999,0.8423,0.8423,0.8424489955291061,0.8423,0.8433399510222355,0.9575685,0.8475,0.847526322161119,0.8474999999999999,0.8477726828775843,0.8475,0.8475,0.8475,0.847526322161119,0.8475,0.8477726828775843,0.81664306,0.8276,0.8277092378630744,0.8276,0.8340820957405899,0.8276,0.8276,0.8276,0.8277092378630745,0.8276,0.8340820957405898,0.86803406,0.8338,0.8334916113844819,0.8338000000000001,0.8395217163472382,0.8338,0.8338,0.8338,0.8334916113844818,0.8338,0.8395217163472382
187,90,0,2113.7116724599655,0.0,0.74556434,0.8419,0.8418556188174204,0.8419000000000001,0.842167544122512,0.8419000000000001,0.8419,0.8419,0.8418556188174205,0.8419,0.8421675441225122,0.9507324,0.8473,0.847253359281179,0.8472999999999999,0.8474350114146715,0.8472999999999999,0.8473,0.8473,0.8472533592811787,0.8473,0.8474350114146715,0.792459,0.8307,0.8305848468369976,0.8307,0.8363550545226583,0.8307,0.8307,0.8307,0.8305848468369978,0.8307,0.8363550545226582,0.8522865,0.8348,0.8345291911843786,0.8347999999999999,0.8397678711059212,0.8348,0.8348,0.8348,0.8345291911843786,0.8348,0.8397678711059212
188,90,0,2113.7116724599714,0.0,0.75055754,0.8415,0.8415578467461534,0.8414999999999999,0.8419600120352516,0.8415,0.8415,0.8415,0.8415578467461533,0.8415,0.8419600120352516,0.95319396,0.8478,0.8477115412639465,0.8478,0.8478565292189666,0.8478,0.8478,0.8478,0.8477115412639467,0.8478,0.8478565292189665,0.7831244,0.8337,0.8336199197704655,0.8337,0.838224383049902,0.8337,0.8337,0.8337,0.8336199197704652,0.8337,0.8382243830499019,0.8427377,0.8367,0.8362581877540272,0.8367000000000001,0.8417644113699445,0.8367,0.8367,0.8367,0.8362581877540273,0.8367,0.8417644113699444
189,90,0,2113.711672459977,0.0,0.7517756,0.8436,0.8433411729033731,0.8436,0.8435447421975543,0.8436,0.8436,0.8436,0.8433411729033731,0.8436,0.8435447421975543,0.94209236,0.846,0.8459290576586866,0.8459999999999999,0.8460777932956157,0.8459999999999999,0.846,0.846,0.8459290576586868,0.846,0.8460777932956156,0.77841353,0.8357,0.8353149716196239,0.8357000000000001,0.8390595774221156,0.8357,0.8357,0.8357,0.835314971619624,0.8357,0.8390595774221153,0.8435133,0.8365,0.8360377146039392,0.8365,0.8412696702947647,0.8365,0.8365,0.8365,0.836037714603939,0.8365,0.8412696702947647
190,90,0,2113.7116724599828,0.0,0.7460912,0.8422,0.8423148487185659,0.8422000000000001,0.8425374261902883,0.8422,0.8422,0.8422,0.8423148487185658,0.8422,0.8425374261902884,0.94770205,0.847,0.8469091711095373,0.8470000000000001,0.8469986785771052,0.847,0.847,0.847,0.8469091711095375,0.847,0.8469986785771054,0.7982822,0.8314,0.8312604309986344,0.8314,0.8375436326889106,0.8314,0.8314,0.8314,0.8312604309986346,0.8314,0.8375436326889106,0.8440214,0.8352,0.8348489236910547,0.8352,0.84106597538107,0.8352,0.8352,0.8352,0.8348489236910547,0.8352,0.84106597538107
191,90,0,2113.711672459989,0.0,0.7386456,0.8418,0.8416630672408051,0.8417999999999999,0.8417931122889147,0.8418,0.8418,0.8418,0.8416630672408051,0.8418,0.8417931122889147,0.9505414,0.8469,0.8466638871775454,0.8469,0.8466451380501463,0.8469000000000001,0.8469,0.8469,0.8466638871775453,0.8469,0.8466451380501463,0.79446125,0.8333,0.8332952691971107,0.8333,0.8398091496453606,0.8333,0.8333,0.8333,0.8332952691971108,0.8333,0.8398091496453606,0.8678082,0.8341,0.8338000859829868,0.8341,0.8402236000940715,0.8341,0.8341,0.8341,0.8338000859829868,0.8341,0.8402236000940715
192,90,0,2113.7116724599978,0.0,0.7351167,0.8441,0.8440356942564897,0.8441000000000001,0.8441209257056876,0.8441000000000001,0.8441,0.8441,0.8440356942564896,0.8441,0.8441209257056875,0.9481891,0.8458,0.8456600625829058,0.8458,0.8457731401720826,0.8458,0.8458,0.8458,0.8456600625829056,0.8458,0.8457731401720825,0.7912771,0.8337,0.8337267882483591,0.8337,0.8399267630704053,0.8337,0.8337,0.8337,0.8337267882483591,0.8337,0.8399267630704051,0.85425,0.8355,0.8352545128033502,0.8355,0.8412744843722301,0.8355,0.8355,0.8355,0.8352545128033504,0.8355,0.8412744843722301
193,90,0,2113.7116724600032,0.0,0.7461548,0.8421,0.8420141999251834,0.8421,0.8424741387182741,0.8421,0.8421,0.8421,0.8420141999251834,0.8421,0.8424741387182743,0.9544344,0.8453,0.8451710210863437,0.8453000000000002,0.8452621019379777,0.8453,0.8453,0.8453,0.8451710210863437,0.8453,0.8452621019379775,0.79935336,0.83,0.82988455030246,0.8300000000000001,0.8367938761561348,0.83,0.83,0.83,0.82988455030246,0.83,0.8367938761561349,0.86676604,0.8342,0.8339261220071169,0.8342,0.840424846925595,0.8342,0.8342,0.8342,0.8339261220071168,0.8342,0.840424846925595
194,90,0,2113.7116724600105,0.0,0.74596155,0.8416,0.8414333403319038,0.8416,0.8420662885497648,0.8416,0.8416,0.8416,0.8414333403319039,0.8416,0.8420662885497648,0.9514915,0.8448,0.8446689144498283,0.8448,0.8448071111879566,0.8447999999999999,0.8448,0.8448,0.8446689144498283,0.8448,0.8448071111879565,0.8102106,0.828,0.8275462252991787,0.828,0.835301924260542,0.828,0.828,0.828,0.8275462252991787,0.828,0.8353019242605422,0.8726638,0.8328,0.8323333062361622,0.8328000000000001,0.8387401489166942,0.8327999999999999,0.8328,0.8328,0.8323333062361622,0.8328,0.8387401489166944
195,90,0,2113.711672460016,0.0,0.73195976,0.8429,0.8429561779530648,0.8429,0.8431547821304622,0.8429,0.8429,0.8429,0.8429561779530648,0.8429,0.8431547821304622,0.9461912,0.8449,0.8448380306636999,0.8449,0.8449472977658414,0.8449,0.8449,0.8449,0.8448380306637,0.8449,0.8449472977658413,0.7908672,0.8299,0.8298160303920298,0.8299000000000001,0.8369337823757975,0.8298999999999999,0.8299,0.8299,0.8298160303920298,0.8299,0.8369337823757974,0.8609039,0.8349,0.8347817151162982,0.8349,0.841148516553611,0.8349000000000001,0.8349,0.8349,0.8347817151162983,0.8349,0.8411485165536111
196,90,0,2113.711672460023,0.0,0.7333581,0.8439,0.8437522376948197,0.8439,0.8439301319270918,0.8439,0.8439,0.8439,0.8437522376948197,0.8439,0.8439301319270917,0.9559063,0.8455,0.8453075289698626,0.8455,0.845345024130995,0.8455,0.8455,0.8455,0.8453075289698627,0.8455,0.8453450241309951,0.7846209,0.834,0.8335888533217595,0.834,0.8401434066868461,0.834,0.834,0.834,0.8335888533217596,0.834,0.8401434066868462,0.87314934,0.8345,0.8342698165937948,0.8345,0.8411148786556965,0.8345,0.8345,0.8345,0.8342698165937948,0.8345,0.8411148786556963
197,90,0,2113.711672460029,0.0,0.73824465,0.8409,0.8410723087974208,0.8408999999999999,0.8415195495611558,0.8409,0.8409,0.8409,0.8410723087974208,0.8409,0.8415195495611557,0.95424765,0.8451,0.8449923774637742,0.8450999999999999,0.8450264130998331,0.8451,0.8451,0.8451,0.8449923774637744,0.8451,0.8450264130998332,0.78207105,0.8324,0.8324590716653928,0.8324,0.8380072325485688,0.8324,0.8324,0.8324,0.8324590716653926,0.8324,0.8380072325485689,0.8661331,0.8349,0.8345564664892194,0.8349,0.8405556325280814,0.8349000000000001,0.8349,0.8349,0.8345564664892193,0.8349,0.8405556325280815
198,90,0,2113.7116724600332,0.0,0.7404781,0.8412,0.8412377140265759,0.8412000000000001,0.8414636638030645,0.8412,0.8412,0.8412,0.841237714026576,0.8412,0.8414636638030646,0.9456195,0.8444,0.8442857772123954,0.8444,0.8443386859032429,0.8444,0.8444,0.8444,0.8442857772123954,0.8444,0.8443386859032429,0.791726,0.8304,0.8303158952469015,0.8304,0.8371317643402072,0.8304000000000001,0.8304,0.8304,0.8303158952469015,0.8304,0.8371317643402072,0.851017,0.8349,0.8346573736527985,0.8349,0.8402953680336063,0.8349000000000001,0.8349,0.8349,0.8346573736527986,0.8349,0.840295368033606
199,90,0,2113.7116724600396,0.0,0.74599916,0.8415,0.8414850726471832,0.8414999999999999,0.8418500385274884,0.8415,0.8415,0.8415,0.8414850726471832,0.8415,0.8418500385274883,0.9502704,0.8452,0.8451890971054029,0.8452,0.8455598628134645,0.8452,0.8452,0.8452,0.845189097105403,0.8452,0.8455598628134645,0.79739046,0.8311,0.8308656600411517,0.8311,0.8366491844013039,0.8311,0.8311,0.8311,0.8308656600411516,0.8311,0.8366491844013036,0.864042,0.8343,0.8339402410772181,0.8343,0.8401469623799249,0.8343,0.8343,0.8343,0.833940241077218,0.8343,0.840146962379925
200,90,0,2113.711672460045,0.0,0.75074786,0.8413,0.8411106664359573,0.8412999999999998,0.8412897445297569,0.8413000000000002,0.8413,0.8413,0.8411106664359576,0.8413,0.8412897445297569,0.9514691,0.8438,0.8437324148904912,0.8438000000000001,0.8440433163120149,0.8438,0.8438,0.8438,0.843732414890491,0.8438,0.8440433163120148,0.78707004,0.8343,0.8339451794145578,0.8343,0.8385488989484043,0.8343,0.8343,0.8343,0.8339451794145578,0.8343,0.8385488989484043,0.86283904,0.834,0.8337188495980117,0.834,0.8392755090210752,0.834,0.834,0.834,0.8337188495980117,0.834,0.8392755090210751
