round,active_ordinary_count,active_anomaly_count,avg_ordinary_tokens,avg_anomaly_tokens,test_loss_offline,test_acc_offline,test_macro_f1_offline,test_macro_recall_offline,test_macro_precision_offline,test_micro_f1_offline,test_micro_recall_offline,test_micro_precision_offline,test_weighted_f1_offline,test_weighted_recall_offline,test_weighted_precision_offline,test_loss_online,test_acc_online,test_macro_f1_online,test_macro_recall_online,test_macro_precision_online,test_micro_f1_online,test_micro_recall_online,test_micro_precision_online,test_weighted_f1_online,test_weighted_recall_online,test_weighted_precision_online,test_loss_offline_backdoor,test_acc_offline_backdoor,test_macro_f1_offline_backdoor,test_macro_recall_offline_backdoor,test_macro_precision_offline_backdoor,test_micro_f1_offline_backdoor,test_micro_recall_offline_backdoor,test_micro_precision_offline_backdoor,test_weighted_f1_offline_backdoor,test_weighted_recall_offline_backdoor,test_weighted_precision_offline_backdoor,test_loss_online_backdoor,test_acc_online_backdoor,test_macro_f1_online_backdoor,test_macro_recall_online_backdoor,test_macro_precision_online_backdoor,test_micro_f1_online_backdoor,test_micro_recall_online_backdoor,test_micro_precision_online_backdoor,test_weighted_f1_online_backdoor,test_weighted_recall_online_backdoor,test_weighted_precision_online_backdoor
0,75,25,2000.0,2000.0,2.4677203,0.1019,0.06524517973849825,0.10189999999999999,0.06347498810739874,0.1019,0.1019,0.1019,0.06524517973849825,0.1019,0.06347498810739874,2.220142,0.1725,0.14088914671981953,0.1725,0.2044804978829678,0.1725,0.1725,0.1725,0.14088914671981953,0.1725,0.20448049788296777,2.5210805,0.0924,0.041020006606798456,0.09240000000000001,0.0595898779698561,0.09239999999999998,0.0924,0.0924,0.04102000660679845,0.0924,0.05958987796985609,2.2104034,0.1993,0.1707916822681327,0.19929999999999998,0.23953613821309672,0.1993,0.1993,0.1993,0.1707916822681327,0.1993,0.23953613821309672
1,75,25,2000.0929418776605,1999.7211743670161,2.2141345,0.2075,0.19168816378253722,0.20749999999999996,0.21635719812382564,0.2075,0.2075,0.2075,0.19168816378253722,0.2075,0.21635719812382567,1.0021633,0.7602,0.7628030921931436,0.7602,0.7768958592574247,0.7602,0.7602,0.7602,0.7628030921931438,0.7602,0.7768958592574247,2.2172186,0.1912,0.13709621815540998,0.19119999999999998,0.2170322910782049,0.1912,0.1912,0.1912,0.13709621815540995,0.1912,0.21703229107820493,1.5579355,0.6622,0.6410342213863205,0.6622,0.6999521299162857,0.6622,0.6622,0.6622,0.6410342213863206,0.6622,0.6999521299162857
2,75,25,2002.8510591788738,1991.446822463377,0.9516963,0.6717,0.6782532203733623,0.6717000000000001,0.708114225498538,0.6717,0.6717,0.6717,0.6782532203733622,0.6717,0.7081142254985382,0.8871122,0.7732,0.7749904914962202,0.7732,0.7862831263851426,0.7732,0.7732,0.7732,0.7749904914962202,0.7732,0.7862831263851426,1.1370181,0.6534,0.6205456268442651,0.6534,0.5963215057277873,0.6534,0.6534,0.6534,0.6205456268442652,0.6534,0.5963215057277874,1.3322937,0.736,0.7178852870699559,0.736,0.7589498551952167,0.736,0.736,0.736,0.7178852870699558,0.736,0.7589498551952167
3,75,25,2003.667861840059,1988.9964144798207,0.8210463,0.7176,0.7200759768290979,0.7176,0.7378633636765718,0.7176,0.7176,0.7176,0.720075976829098,0.7176,0.7378633636765718,0.8037924,0.7845,0.7858207940520792,0.7845000000000001,0.7935162620759645,0.7844999999999999,0.7845,0.7845,0.7858207940520792,0.7845,0.7935162620759645,0.977102,0.6816,0.6457028869382793,0.6816000000000001,0.7136958700444533,0.6816,0.6816,0.6816,0.6457028869382794,0.6816,0.7136958700444533,1.2617787,0.7547,0.7401775950711367,0.7547,0.7761668078185879,0.7547,0.7547,0.7547,0.7401775950711366,0.7547,0.7761668078185878
4,75,25,2004.7725793445386,1985.6822619663892,0.7793914,0.7275,0.7294504626265548,0.7275,0.7425609036216946,0.7275000000000001,0.7275,0.7275,0.7294504626265547,0.7275,0.7425609036216946,0.8086672,0.799,0.8002817693486932,0.799,0.8048500789512663,0.799,0.799,0.799,0.800281769348693,0.799,0.8048500789512661,0.92500156,0.6872,0.6656536813917157,0.6872,0.7280632061242064,0.6872,0.6872,0.6872,0.6656536813917155,0.6872,0.7280632061242063,1.1775471,0.761,0.7501907287882872,0.761,0.7822135780012274,0.761,0.761,0.761,0.7501907287882873,0.761,0.7822135780012274
5,75,25,2006.05856572012,1981.8243028396485,0.74393475,0.7432,0.744547504736816,0.7432,0.7496610863362771,0.7432,0.7432,0.7432,0.744547504736816,0.7432,0.7496610863362771,0.80063456,0.7996,0.8006165757327892,0.7996000000000001,0.804741693026106,0.7996,0.7996,0.7996,0.8006165757327892,0.7996,0.8047416930261061,0.85372645,0.708,0.6904450885547397,0.7080000000000001,0.7327885756025854,0.708,0.708,0.708,0.6904450885547397,0.708,0.7327885756025854,1.1762702,0.7604,0.7501584705168968,0.7604,0.7767394091088001,0.7604,0.7604,0.7604,0.7501584705168968,0.7604,0.7767394091088001
6,75,25,2007.1972804740435,1978.4081585778813,0.7343333,0.7463,0.7480808632092415,0.7463,0.7527942264520846,0.7462999999999999,0.7463,0.7463,0.7480808632092416,0.7463,0.7527942264520844,0.79632396,0.8027,0.8034821204770335,0.8027,0.808882804776401,0.8027000000000001,0.8027,0.8027,0.8034821204770336,0.8027,0.808882804776401,0.8391166,0.7107,0.6941421059484849,0.7107,0.737829205713057,0.7106999999999999,0.7107,0.7107,0.6941421059484849,0.7107,0.7378292057130569,1.1480454,0.7705,0.7614301067461224,0.7705000000000001,0.7857548760717963,0.7705,0.7705,0.7705,0.7614301067461224,0.7705,0.7857548760717963
7,75,25,2007.8638190252752,1976.4085429241925,0.72680694,0.7453,0.7479277788059597,0.7453000000000001,0.7581173054939325,0.7453,0.7453,0.7453,0.7479277788059597,0.7453,0.7581173054939326,0.7760502,0.8031,0.8040158233012533,0.8031,0.8088805893182721,0.8031,0.8031,0.8031,0.8040158233012534,0.8031,0.8088805893182722,0.8568184,0.7101,0.69402304758354,0.7101,0.745384945848326,0.7101,0.7101,0.7101,0.69402304758354,0.7101,0.7453849458483259,1.1195375,0.7646,0.7547207675490106,0.7646,0.7785721194774465,0.7646000000000001,0.7646,0.7646,0.7547207675490106,0.7646,0.7785721194774464
8,75,25,2008.5024772879458,1974.4925681361842,0.69414866,0.7586,0.7599994679829383,0.7585999999999999,0.763597309384813,0.7586,0.7586,0.7586,0.7599994679829382,0.7586,0.763597309384813,0.7733353,0.8023,0.803579699495684,0.8023,0.8103250667370443,0.8023000000000001,0.8023,0.8023,0.8035796994956841,0.8023,0.8103250667370443,0.79090196,0.7299,0.7195394093522893,0.7299,0.7463116512846079,0.7299,0.7299,0.7299,0.7195394093522894,0.7299,0.7463116512846077,1.0642161,0.7721,0.7638461867442639,0.7721,0.7860850890869749,0.7721,0.7721,0.7721,0.7638461867442639,0.7721,0.7860850890869749
9,75,25,2009.290882665851,1972.1273520024708,0.7001077,0.7593,0.7603042217735576,0.7593,0.7675820615863962,0.7593,0.7593,0.7593,0.7603042217735576,0.7593,0.7675820615863962,0.7689119,0.8067,0.807897503252635,0.8067,0.8136261087280465,0.8067,0.8067,0.8067,0.807897503252635,0.8067,0.8136261087280465,0.7751668,0.7344,0.7248721733817808,0.7344,0.748553030251266,0.7344,0.7344,0.7344,0.7248721733817809,0.7344,0.7485530302512658,1.0108348,0.7833,0.7776374204996992,0.7833,0.7935373555121549,0.7833,0.7833,0.7833,0.7776374204996992,0.7833,0.793537355512155
10,75,25,2010.406969426693,1968.7790917199482,0.6980607,0.758,0.7604228254226146,0.758,0.7689084293808495,0.7579999999999999,0.758,0.758,0.7604228254226149,0.758,0.7689084293808496,0.7583938,0.805,0.8066264244900321,0.805,0.8130000946843741,0.805,0.805,0.805,0.8066264244900321,0.805,0.8130000946843741,0.7774355,0.7391,0.7283928919370403,0.7391,0.754623853065508,0.7391,0.7391,0.7391,0.7283928919370404,0.7391,0.7546238530655082,0.9610327,0.7917,0.7881708289119934,0.7917000000000001,0.7973871533671388,0.7917,0.7917,0.7917,0.7881708289119934,0.7917,0.7973871533671387
11,75,25,2010.8480814477723,1967.455755656712,0.6674601,0.7666,0.7678986978833203,0.7666000000000002,0.7745569773707639,0.7665999999999998,0.7666,0.7666,0.7678986978833202,0.7666,0.7745569773707639,0.7482024,0.8149,0.8160208683041101,0.8149,0.8209209521040434,0.8149000000000001,0.8149,0.8149,0.8160208683041101,0.8149,0.8209209521040435,0.7478729,0.7462,0.7404273395241024,0.7461999999999999,0.7626148206053507,0.7461999999999999,0.7462,0.7462,0.7404273395241023,0.7462,0.7626148206053507,0.89134514,0.7999,0.7962044576164916,0.7999,0.805602658517062,0.7999,0.7999,0.7999,0.7962044576164917,0.7999,0.805602658517062
12,75,25,2011.8591503955283,1964.422548813448,0.68708163,0.7617,0.7639182019858054,0.7616999999999999,0.7732050420676717,0.7617000000000002,0.7617,0.7617,0.7639182019858054,0.7617,0.7732050420676716,0.7497972,0.815,0.8159380181395559,0.8150000000000001,0.8201274275906506,0.815,0.815,0.815,0.8159380181395558,0.815,0.8201274275906507,0.7307063,0.7444,0.7386794503193307,0.7444,0.7574718536700993,0.7444,0.7444,0.7444,0.7386794503193307,0.7444,0.7574718536700993,0.9628241,0.7967,0.7928941610860395,0.7967000000000001,0.804998826600551,0.7967,0.7967,0.7967,0.7928941610860395,0.7967,0.804998826600551
13,75,25,2012.630596490138,1962.1082105296205,0.6890901,0.761,0.7639986989074738,0.761,0.7732802506922642,0.761,0.761,0.761,0.7639986989074737,0.761,0.7732802506922642,0.7559862,0.8127,0.8144017636578736,0.8127000000000001,0.8211583563376396,0.8127,0.8127,0.8127,0.8144017636578734,0.8127,0.8211583563376397,0.71914685,0.7509,0.7487261306367422,0.7509,0.767426041088927,0.7509,0.7509,0.7509,0.7487261306367423,0.7509,0.7674260410889269,0.9096709,0.8036,0.798834989913112,0.8036,0.8106123312317394,0.8036,0.8036,0.8036,0.798834989913112,0.8036,0.8106123312317394
14,75,25,2013.4991266098211,1959.502620170576,0.68242395,0.7645,0.7667635462807186,0.7645000000000001,0.7749776004573097,0.7645,0.7645,0.7645,0.7667635462807186,0.7645,0.7749776004573097,0.74614924,0.8093,0.8107960611640248,0.8093,0.817751380678294,0.8093,0.8093,0.8093,0.8107960611640247,0.8093,0.8177513806782941,0.70388377,0.7578,0.7513781813733227,0.7578,0.7664546289864729,0.7577999999999999,0.7578,0.7578,0.7513781813733227,0.7578,0.766454628986473,0.92777383,0.8033,0.7999159940143056,0.8032999999999999,0.8074860411822415,0.8033,0.8033,0.8033,0.7999159940143056,0.8033,0.8074860411822417
15,75,25,2014.2045874410865,1957.3862376767836,0.68191874,0.7649,0.767190920017578,0.7648999999999999,0.7778291208629627,0.7649000000000001,0.7649,0.7649,0.7671909200175779,0.7649,0.7778291208629629,0.75175,0.8123,0.8133053206160001,0.8122999999999999,0.8190025186936328,0.8123,0.8123,0.8123,0.813305320616,0.8123,0.8190025186936328,0.7962794,0.7309,0.7195462079840277,0.7309000000000001,0.7567508573547698,0.7309000000000001,0.7309,0.7309,0.7195462079840278,0.7309,0.7567508573547697,0.96914375,0.7982,0.7960616750817191,0.7982,0.8078348885323743,0.7981999999999999,0.7982,0.7982,0.7960616750817191,0.7982,0.8078348885323742
16,75,25,2014.6812596205757,1955.9562211383186,0.68178856,0.762,0.7643227573325511,0.7620000000000001,0.7752743027036346,0.762,0.762,0.762,0.7643227573325512,0.762,0.7752743027036346,0.73930144,0.8161,0.8173745098129116,0.8160999999999999,0.8224293625974688,0.8161,0.8161,0.8161,0.8173745098129117,0.8161,0.8224293625974689,0.72192097,0.7522,0.7498234675720482,0.7522,0.7705578119944911,0.7522,0.7522,0.7522,0.7498234675720482,0.7522,0.7705578119944911,1.0062464,0.7904,0.78666511768822,0.7904000000000001,0.8060363602211241,0.7904,0.7904,0.7904,0.78666511768822,0.7904,0.806036360221124
17,75,25,2015.2520093885482,1954.243971834408,0.6533884,0.772,0.774810027554027,0.772,0.783200575140722,0.772,0.772,0.772,0.774810027554027,0.772,0.7832005751407219,0.74184585,0.8178,0.8188665478624104,0.8178000000000001,0.8234978711419949,0.8178,0.8178,0.8178,0.8188665478624105,0.8178,0.823497871141995,0.7658066,0.7408,0.7352090154463233,0.7408,0.7707331818292702,0.7408,0.7408,0.7408,0.7352090154463233,0.7408,0.7707331818292702,1.0020041,0.791,0.7877783011762631,0.791,0.8043648873479731,0.791,0.791,0.791,0.7877783011762631,0.791,0.8043648873479731
18,75,25,2015.9909673465663,1952.0270979603563,0.66873634,0.766,0.767832216319247,0.7659999999999999,0.7734870632371076,0.766,0.766,0.766,0.767832216319247,0.766,0.7734870632371077,0.7421493,0.8204,0.8214965313257293,0.8204,0.8252531171983065,0.8204,0.8204,0.8204,0.8214965313257293,0.8204,0.8252531171983064,0.73035175,0.7428,0.7393852318372653,0.7428,0.7615204164667851,0.7428,0.7428,0.7428,0.7393852318372653,0.7428,0.7615204164667853,0.9920861,0.7929,0.7884604816619152,0.7929,0.8064821604716721,0.7928999999999999,0.7929,0.7929,0.7884604816619152,0.7929,0.8064821604716722
19,75,25,2016.9206313102964,1949.2381060691707,0.6592787,0.7729,0.7741241392664568,0.7729,0.7795826647364732,0.7729,0.7729,0.7729,0.774124139266457,0.7729,0.7795826647364731,0.74971086,0.8113,0.8128559248751859,0.8112999999999999,0.8194945172664647,0.8113,0.8113,0.8113,0.8128559248751861,0.8113,0.8194945172664647,0.7433203,0.7435,0.7368377174463493,0.7434999999999998,0.763482097337988,0.7435,0.7435,0.7435,0.7368377174463492,0.7435,0.763482097337988,0.9312535,0.8003,0.7993218400497016,0.8003,0.8091984061336964,0.8003,0.8003,0.8003,0.7993218400497017,0.8003,0.8091984061336963
20,75,25,2017.9497201665697,1946.1508395003527,0.6710616,0.766,0.7686765054711494,0.7659999999999999,0.7825321568334478,0.766,0.766,0.766,0.7686765054711495,0.766,0.7825321568334478,0.7490043,0.8126,0.8142970732894834,0.8126,0.8209797989376005,0.8126,0.8126,0.8126,0.8142970732894834,0.8126,0.8209797989376005,0.686491,0.7698,0.7685356665314271,0.7697999999999999,0.7835212762870694,0.7698,0.7698,0.7698,0.7685356665314272,0.7698,0.7835212762870694,0.8504371,0.8063,0.8048648938613028,0.8062999999999999,0.8101737329429717,0.8063,0.8063,0.8063,0.8048648938613027,0.8063,0.8101737329429718
21,75,25,2018.692043484954,1943.9238695452027,0.6515539,0.7765,0.7783620967802646,0.7765,0.7839242932195406,0.7765,0.7765,0.7765,0.7783620967802646,0.7765,0.7839242932195406,0.7422371,0.8111,0.8124521120022561,0.8110999999999999,0.8186624150839334,0.8111,0.8111,0.8111,0.8124521120022561,0.8111,0.8186624150839333,0.6771336,0.7661,0.7635781350659238,0.7661,0.7740782201776423,0.7660999999999999,0.7661,0.7661,0.7635781350659236,0.7661,0.7740782201776423,0.95414853,0.8007,0.7984027674231305,0.8007,0.8082709149462708,0.8007,0.8007,0.8007,0.7984027674231305,0.8007,0.8082709149462709
22,75,25,2019.3792494478644,1941.8622516564733,0.6576842,0.767,0.7691591240373793,0.7669999999999999,0.7779314884461497,0.767,0.767,0.767,0.7691591240373792,0.767,0.7779314884461498,0.7363254,0.8182,0.8196365930268165,0.8182,0.8251414843085364,0.8182000000000001,0.8182,0.8182,0.8196365930268165,0.8182,0.8251414843085364,0.67227644,0.7657,0.7644847019396883,0.7657,0.7820289672124485,0.7657,0.7657,0.7657,0.7644847019396882,0.7657,0.7820289672124485,0.85105956,0.807,0.8047372223532779,0.807,0.814091067223176,0.807,0.807,0.807,0.8047372223532778,0.807,0.814091067223176
23,75,25,2020.293622916992,1939.1191312490948,0.66335446,0.7689,0.7708158849888973,0.7688999999999999,0.7769481139068974,0.7689000000000001,0.7689,0.7689,0.7708158849888973,0.7689,0.7769481139068973,0.7367083,0.8186,0.819705657100101,0.8186,0.8237634349457797,0.8186,0.8186,0.8186,0.8197056571001009,0.8186,0.8237634349457797,0.74831563,0.7407,0.7321528272454665,0.7407000000000001,0.7668535439851957,0.7407,0.7407,0.7407,0.7321528272454664,0.7407,0.7668535439851957,0.93722737,0.7976,0.7954511691425838,0.7976,0.8131486220926247,0.7975999999999999,0.7976,0.7976,0.795451169142584,0.7976,0.8131486220926246
24,75,25,2021.3058029565161,1936.0825911305271,0.66844845,0.769,0.7714687012656136,0.769,0.7801844945226329,0.769,0.769,0.769,0.7714687012656136,0.769,0.7801844945226328,0.7454057,0.8136,0.8151586012134532,0.8136000000000001,0.8210461153490431,0.8136,0.8136,0.8136,0.8151586012134532,0.8136,0.8210461153490433,0.6994252,0.7568,0.7550340763977897,0.7568000000000001,0.7722447725181893,0.7568,0.7568,0.7568,0.7550340763977897,0.7568,0.7722447725181891,0.9368454,0.7923,0.7907681364938932,0.7923,0.8098509798049982,0.7923000000000001,0.7923,0.7923,0.7907681364938933,0.7923,0.809850979804998
25,75,25,2022.2669412264072,1933.199176320857,0.6661795,0.764,0.7662550448033886,0.764,0.7788239224194786,0.764,0.764,0.764,0.7662550448033886,0.764,0.7788239224194785,0.7353842,0.8182,0.8194902211014888,0.8182,0.8240807512890773,0.8182000000000001,0.8182,0.8182,0.819490221101489,0.8182,0.8240807512890773,0.7330941,0.7499,0.7456410209410229,0.7499,0.7748017977051982,0.7499000000000001,0.7499,0.7499,0.7456410209410229,0.7499,0.7748017977051982,0.99722433,0.791,0.7871180730963697,0.791,0.8056094302540906,0.791,0.791,0.791,0.7871180730963698,0.791,0.8056094302540907
26,75,25,2022.8674914305584,1931.397525708408,0.64710724,0.7698,0.773182409719669,0.7697999999999999,0.7816630789706097,0.7698,0.7698,0.7698,0.773182409719669,0.7698,0.7816630789706096,0.71141213,0.8204,0.8216791960000209,0.8203999999999999,0.8256892356121398,0.8204,0.8204,0.8204,0.8216791960000208,0.8204,0.8256892356121398,0.71833265,0.7515,0.7456151711988737,0.7514999999999998,0.773036824917278,0.7515,0.7515,0.7515,0.7456151711988735,0.7515,0.7730368249172781,1.0423746,0.7964,0.790941962090442,0.7964,0.8092066396473567,0.7964,0.7964,0.7964,0.7909419620904421,0.7964,0.8092066396473567
27,75,25,2023.2372981586159,1930.2881055242342,0.6689622,0.7671,0.7693490124377595,0.7670999999999999,0.7815032648294329,0.7671,0.7671,0.7671,0.7693490124377597,0.7671,0.7815032648294329,0.7150494,0.8201,0.8213916149846672,0.8201,0.8264456561056717,0.8201,0.8201,0.8201,0.8213916149846673,0.8201,0.8264456561056717,0.70053154,0.7586,0.7556891444903634,0.7586,0.7749381082815795,0.7586,0.7586,0.7586,0.7556891444903635,0.7586,0.7749381082815796,0.8489351,0.8152,0.8141022287101943,0.8152000000000001,0.8203540251634054,0.8152,0.8152,0.8152,0.8141022287101943,0.8152,0.8203540251634055
28,75,25,2023.7754695177339,1928.6735914468848,0.6304375,0.7765,0.7777859950507465,0.7765,0.7810003499520164,0.7765,0.7765,0.7765,0.7777859950507466,0.7765,0.7810003499520163,0.71559376,0.8222,0.8232999969606389,0.8221999999999999,0.8274802566849285,0.8222,0.8222,0.8222,0.8232999969606389,0.8222,0.8274802566849286,0.69503456,0.7655,0.7601914774983126,0.7655000000000001,0.7767094004552474,0.7655,0.7655,0.7655,0.7601914774983127,0.7655,0.7767094004552474,0.9888787,0.805,0.8019224598493626,0.805,0.8133601955009144,0.805,0.805,0.805,0.8019224598493624,0.805,0.8133601955009145
29,75,25,2024.2904791373655,1927.128562587997,0.6324714,0.7751,0.7764157416761859,0.7750999999999999,0.7817351400712946,0.7751,0.7751,0.7751,0.7764157416761859,0.7751,0.7817351400712947,0.7389436,0.8183,0.8199150989183532,0.8183,0.8259990791573569,0.8183,0.8183,0.8183,0.8199150989183532,0.8183,0.8259990791573569,0.7358138,0.7482,0.7397618507589625,0.7482,0.7687405621942371,0.7482,0.7482,0.7482,0.7397618507589626,0.7482,0.7687405621942371,0.91912705,0.8029,0.800342733328516,0.8029,0.8118269372649518,0.8029,0.8029,0.8029,0.800342733328516,0.8029,0.8118269372649518
30,75,25,2024.6532504114152,1926.0402487658448,0.64991224,0.7745,0.7764511477498062,0.7745,0.7850237753947206,0.7745,0.7745,0.7745,0.7764511477498062,0.7745,0.7850237753947207,0.72773415,0.8243,0.8250792546582044,0.8243,0.8281778992940128,0.8243,0.8243,0.8243,0.8250792546582046,0.8243,0.8281778992940128,0.6884744,0.7583,0.7537832162014351,0.7583,0.7773941124972825,0.7583,0.7583,0.7583,0.7537832162014352,0.7583,0.7773941124972825,0.94936574,0.804,0.800059854256873,0.8039999999999999,0.815208501678965,0.804,0.804,0.804,0.800059854256873,0.804,0.8152085016789652
31,75,25,2025.417947826991,1923.7461565191215,0.6377219,0.7759,0.7782685560063678,0.7758999999999999,0.787397018516557,0.7759,0.7759,0.7759,0.7782685560063677,0.7759,0.787397018516557,0.7051604,0.8226,0.8234145448376886,0.8225999999999999,0.8264548379920585,0.8226,0.8226,0.8226,0.8234145448376886,0.8226,0.8264548379920585,0.67495495,0.77,0.766798342283096,0.7699999999999999,0.7840646580904169,0.7699999999999999,0.77,0.77,0.766798342283096,0.77,0.7840646580904169,0.9069835,0.8122,0.8081502891548359,0.8122,0.8178802475451334,0.8122,0.8122,0.8122,0.8081502891548359,0.8122,0.8178802475451334
32,75,23,2025.9755240368947,2003.3562728629533,0.62639976,0.7805,0.7817663979584157,0.7805,0.7884570519884686,0.7805,0.7805,0.7805,0.7817663979584157,0.7805,0.7884570519884687,0.70835716,0.8298,0.8308128825940475,0.8298,0.8336639710382073,0.8298,0.8298,0.8298,0.8308128825940475,0.8298,0.8336639710382072,0.6507454,0.7747,0.7710891878220053,0.7747,0.7830376315435154,0.7746999999999999,0.7747,0.7747,0.7710891878220053,0.7747,0.7830376315435155,0.7889111,0.8227,0.8210444795218217,0.8227,0.8253970422866894,0.8227,0.8227,0.8227,0.8210444795218218,0.8227,0.8253970422866892
33,75,23,2026.0413355733228,2003.1416700267807,0.62108874,0.7831,0.7837993154755912,0.7831,0.7898290174500394,0.7831,0.7831,0.7831,0.7837993154755912,0.7831,0.7898290174500394,0.6939135,0.828,0.8286880025892944,0.828,0.8307437519983747,0.828,0.828,0.828,0.8286880025892944,0.828,0.8307437519983747,0.67971855,0.7653,0.7599104641236005,0.7653000000000001,0.7773641637161997,0.7653,0.7653,0.7653,0.7599104641236004,0.7653,0.7773641637161998,0.8726657,0.8105,0.806852344998451,0.8105,0.8202660380383502,0.8105,0.8105,0.8105,0.8068523449984512,0.8105,0.8202660380383502
34,75,23,2026.322717002844,2002.2241218870379,0.6270206,0.7826,0.7835614227486891,0.7826,0.7856041919146401,0.7826000000000001,0.7826,0.7826,0.7835614227486891,0.7826,0.7856041919146403,0.7082272,0.8249,0.8260194290404256,0.8249000000000001,0.8297742532041191,0.8248999999999999,0.8249,0.8249,0.8260194290404256,0.8249,0.8297742532041191,0.73628706,0.7493,0.7418180065515089,0.7493000000000001,0.7680714009797602,0.7493,0.7493,0.7493,0.741818006551509,0.7493,0.7680714009797602,0.9271023,0.8054,0.8017064426287728,0.8054,0.8131562941452879,0.8054,0.8054,0.8054,0.8017064426287729,0.8054,0.8131562941452879
35,75,23,2026.3986450104067,2001.9765305580368,0.62394214,0.7852,0.7874506818050708,0.7852,0.7918753101430781,0.7852,0.7852,0.7852,0.7874506818050708,0.7852,0.7918753101430781,0.7126203,0.8268,0.828076652829135,0.8267999999999999,0.8317959588058823,0.8267999999999999,0.8268,0.8268,0.8280766528291351,0.8268,0.8317959588058824,0.7304922,0.7549,0.7469220481133491,0.7548999999999999,0.7728102459085157,0.7549,0.7549,0.7549,0.7469220481133491,0.7549,0.7728102459085155,0.9571588,0.801,0.7944867786612023,0.8009999999999999,0.8134576180926872,0.801,0.801,0.801,0.7944867786612022,0.801,0.8134576180926874
36,75,23,2026.2488246108103,2002.4650753393353,0.62614554,0.7801,0.7822166136188815,0.7801,0.7873246066067783,0.7801,0.7801,0.7801,0.7822166136188816,0.7801,0.7873246066067783,0.7015701,0.8257,0.8272091333074194,0.8257,0.8314190713988354,0.8257,0.8257,0.8257,0.8272091333074193,0.8257,0.8314190713988355,0.8395789,0.7294,0.7079133576559722,0.7294,0.7633208081613777,0.7294,0.7294,0.7294,0.7079133576559722,0.7294,0.7633208081613778,0.9535633,0.8026,0.7979571886799517,0.8026,0.8109989498098982,0.8026,0.8026,0.8026,0.7979571886799517,0.8026,0.8109989498098982
37,75,23,2026.1309069672436,2002.8495893944435,0.6258086,0.7842,0.7856078437651919,0.7841999999999999,0.7893258826815484,0.7842,0.7842,0.7842,0.7856078437651918,0.7842,0.7893258826815485,0.71467054,0.8281,0.8292796949646692,0.8280999999999998,0.8323545658032467,0.8281,0.8281,0.8281,0.8292796949646692,0.8281,0.8323545658032466,0.8350662,0.734,0.718048572771607,0.734,0.7677442713801966,0.734,0.734,0.734,0.7180485727716069,0.734,0.7677442713801966,1.0580987,0.7892,0.7831949093358981,0.7891999999999999,0.8004503044613778,0.7892,0.7892,0.7892,0.7831949093358981,0.7892,0.8004503044613778
38,75,23,2026.1630343833178,2002.7448260811598,0.62151235,0.7816,0.7834347325308423,0.7816000000000001,0.7876447591961554,0.7816,0.7816,0.7816,0.7834347325308423,0.7816,0.7876447591961554,0.724791,0.828,0.8290085993251243,0.828,0.8319005591625613,0.828,0.828,0.828,0.8290085993251243,0.828,0.8319005591625613,0.81177515,0.7351,0.7183723852471847,0.7350999999999999,0.7621421059540839,0.7351000000000001,0.7351,0.7351,0.7183723852471847,0.7351,0.7621421059540842,1.0178049,0.79,0.7841427297572195,0.7899999999999999,0.8006039880079676,0.79,0.79,0.79,0.7841427297572195,0.79,0.8006039880079676
39,75,23,2026.28161457123,2002.358151555363,0.6267434,0.7821,0.7830563256865869,0.7821,0.7867985348906538,0.7821,0.7821,0.7821,0.7830563256865869,0.7821,0.7867985348906539,0.7136066,0.8285,0.8298585580004266,0.8285,0.8343588634279039,0.8285,0.8285,0.8285,0.8298585580004266,0.8285,0.8343588634279038,0.7941671,0.7367,0.7207128629027995,0.7367,0.7586099950016096,0.7367000000000001,0.7367,0.7367,0.7207128629027995,0.7367,0.7586099950016095,1.059707,0.7934,0.7877551284035768,0.7934,0.804353298551451,0.7933999999999999,0.7934,0.7934,0.7877551284035768,0.7934,0.8043532985514511
40,75,23,2026.3142958477729,2002.251582175335,0.650693,0.7724,0.774652219739639,0.7724,0.7831510213764639,0.7724,0.7724,0.7724,0.774652219739639,0.7724,0.7831510213764639,0.7130635,0.8288,0.8298005866020652,0.8288,0.8333145816635976,0.8288,0.8288,0.8288,0.8298005866020652,0.8288,0.8333145816635977,0.87419885,0.7256,0.6991417710821339,0.7256,0.7576956337194934,0.7256000000000001,0.7256,0.7256,0.6991417710821338,0.7256,0.7576956337194934,1.1275984,0.7827,0.7730481074565285,0.7827000000000001,0.7990870469663103,0.7827,0.7827,0.7827,0.7730481074565286,0.7827,0.7990870469663103
41,75,23,2026.3149699905841,2002.2493838835646,0.60510284,0.7894,0.7900013883270086,0.7894,0.7939380429250339,0.7894,0.7894,0.7894,0.7900013883270086,0.7894,0.7939380429250339,0.72260666,0.8251,0.826074565224703,0.8251000000000002,0.828588274213101,0.8251,0.8251,0.8251,0.8260745652247029,0.8251,0.8285882742131011,0.76133573,0.7505,0.7401786301627691,0.7505000000000001,0.7734090873030958,0.7505,0.7505,0.7505,0.7401786301627692,0.7505,0.7734090873030959,1.1358083,0.7885,0.7796164425027872,0.7885,0.8046919346824625,0.7885,0.7885,0.7885,0.7796164425027872,0.7885,0.8046919346824625
42,75,23,2026.3411540604616,2002.1640010470114,0.6128288,0.7884,0.7902610015137963,0.7884,0.7956881128265898,0.7884,0.7884,0.7884,0.7902610015137963,0.7884,0.7956881128265898,0.7143414,0.8269,0.8280691419292803,0.8269,0.8317651981770344,0.8269,0.8269,0.8269,0.8280691419292804,0.8269,0.8317651981770344,0.79285395,0.7453,0.7316563677313566,0.7453000000000001,0.772743507517857,0.7453,0.7453,0.7453,0.7316563677313564,0.7453,0.7727435075178569,1.1222988,0.785,0.7762167720807708,0.7849999999999999,0.8033428521691812,0.785,0.785,0.785,0.7762167720807707,0.785,0.8033428521691811
43,75,23,2026.3928351475856,2001.995475762914,0.62354827,0.7824,0.7859035239027227,0.7824,0.7950080431321828,0.7824,0.7824,0.7824,0.7859035239027228,0.7824,0.7950080431321828,0.7098313,0.8238,0.8252590051271798,0.8238,0.829696953966365,0.8238,0.8238,0.8238,0.8252590051271796,0.8238,0.8296969539663649,0.7906129,0.7477,0.7329131605992328,0.7477,0.772230469260733,0.7477000000000001,0.7477,0.7477,0.732913160599233,0.7477,0.772230469260733,1.1497325,0.7835,0.7750034954759165,0.7834999999999999,0.7996146724765874,0.7835000000000001,0.7835,0.7835,0.7750034954759166,0.7835,0.7996146724765872
44,75,23,2026.486359111839,2001.6905063142608,0.62384397,0.7837,0.7855222002656207,0.7837,0.7925959010291366,0.7837,0.7837,0.7837,0.7855222002656207,0.7837,0.7925959010291366,0.70375705,0.8246,0.8257363900688753,0.8245999999999999,0.8295447512913476,0.8246,0.8246,0.8246,0.8257363900688753,0.8246,0.8295447512913475,0.7697455,0.743,0.7332093490573962,0.743,0.7652185893151919,0.743,0.743,0.743,0.7332093490573962,0.743,0.7652185893151919,1.1440678,0.7918,0.7824326589405615,0.7918000000000001,0.8024565591960025,0.7918,0.7918,0.7918,0.7824326589405614,0.7918,0.8024565591960025
45,75,23,2026.5122139262867,2001.6061971367203,0.6052668,0.7895,0.7913890194120738,0.7895000000000001,0.794819774576545,0.7895,0.7895,0.7895,0.7913890194120738,0.7895,0.794819774576545,0.7133988,0.8278,0.8287508154892388,0.8277999999999999,0.8318815632951788,0.8278,0.8278,0.8278,0.8287508154892387,0.8278,0.8318815632951788,0.7789475,0.7453,0.732359044549162,0.7453000000000001,0.7702236526631666,0.7453,0.7453,0.7453,0.7323590445491621,0.7453,0.7702236526631666,1.1131711,0.7879,0.7789174544577746,0.7878999999999999,0.7992306998668225,0.7879000000000002,0.7879,0.7879,0.7789174544577747,0.7879,0.7992306998668226
46,75,23,2026.6178246753736,2001.2618142592644,0.6128349,0.7858,0.7878937154091888,0.7857999999999999,0.7921270869439871,0.7858,0.7858,0.7858,0.7878937154091888,0.7858,0.792127086943987,0.7215327,0.8285,0.8293672362645994,0.8285,0.8323377972511778,0.8285,0.8285,0.8285,0.8293672362645993,0.8285,0.8323377972511776,0.80208683,0.7401,0.7239971375308251,0.7401000000000001,0.7618786056600308,0.7401,0.7401,0.7401,0.7239971375308251,0.7401,0.761878605660031,1.1508752,0.7869,0.7750966614567718,0.7869,0.8004885838150544,0.7868999999999999,0.7869,0.7869,0.7750966614567717,0.7869,0.8004885838150544
47,75,23,2026.7581595108422,2000.804200665347,0.61466897,0.7857,0.7868106711679921,0.7857000000000001,0.789845082541393,0.7857,0.7857,0.7857,0.7868106711679921,0.7857,0.7898450825413929,0.7000826,0.8317,0.8323787165482246,0.8317,0.8351832082440209,0.8317,0.8317,0.8317,0.8323787165482247,0.8317,0.8351832082440209,0.83132243,0.7385,0.7180736996366173,0.7384999999999999,0.7629708991424834,0.7385,0.7385,0.7385,0.7180736996366173,0.7385,0.7629708991424834,1.1064241,0.7946,0.7866015048011551,0.7946,0.8051320071362191,0.7946000000000001,0.7946,0.7946,0.786601504801155,0.7946,0.805132007136219
48,75,23,2026.744539481673,2000.8486138039473,0.6026956,0.7913,0.7928376794104238,0.7913,0.7959629330218462,0.7913,0.7913,0.7913,0.7928376794104238,0.7913,0.7959629330218462,0.7121159,0.826,0.8271823894203013,0.826,0.830716782262934,0.826,0.826,0.826,0.8271823894203013,0.826,0.8307167822629341,0.7781133,0.7464,0.7314308083029305,0.7464000000000001,0.7705078911921575,0.7463999999999998,0.7464,0.7464,0.7314308083029305,0.7464,0.7705078911921576,1.0012542,0.7996,0.7944925625319957,0.7996,0.8072010323539839,0.7996,0.7996,0.7996,0.7944925625319958,0.7996,0.807201032353984
49,75,23,2026.828485860331,2000.574875612676,0.6076362,0.7897,0.7910313656442128,0.7897,0.7943439438239788,0.7897,0.7897,0.7897,0.791031365644213,0.7897,0.7943439438239787,0.7248088,0.8265,0.827474163227657,0.8265,0.8309427542366261,0.8265,0.8265,0.8265,0.827474163227657,0.8265,0.830942754236626,0.7991435,0.7439,0.7281203756481752,0.7439,0.7636702249681778,0.7439,0.7439,0.7439,0.7281203756481753,0.7439,0.7636702249681778,1.0616193,0.7934,0.7860643166655186,0.7934000000000001,0.8045869904853415,0.7933999999999999,0.7934,0.7934,0.7860643166655185,0.7934,0.8045869904853417
50,75,23,2026.7394722835588,2000.8651372760642,0.6221704,0.7817,0.7825454734594869,0.7817,0.7862935646341181,0.7817,0.7817,0.7817,0.7825454734594869,0.7817,0.7862935646341181,0.7026736,0.8283,0.8294146639683779,0.8283000000000001,0.832624807148574,0.8283,0.8283,0.8283,0.829414663968378,0.8283,0.8326248071485739,0.84072345,0.7299,0.7125940612082656,0.7299,0.762601620547827,0.7299,0.7299,0.7299,0.7125940612082657,0.7299,0.762601620547827,1.0012745,0.798,0.7937227900923823,0.7979999999999999,0.8090248306716994,0.798,0.798,0.798,0.7937227900923822,0.798,0.8090248306716994
51,75,23,2026.8991957555666,2000.3442998673452,0.6081728,0.7882,0.790278750687132,0.7882,0.7951199700767144,0.7882,0.7882,0.7882,0.7902787506871322,0.7882,0.7951199700767144,0.71708274,0.8304,0.8313403630321489,0.8304,0.8346056035939411,0.8304000000000001,0.8304,0.8304,0.8313403630321491,0.8304,0.834605603593941,0.81706125,0.7399,0.720540537932554,0.7399,0.7660073796896365,0.7399,0.7399,0.7399,0.7205405379325541,0.7399,0.7660073796896364,1.0331814,0.7996,0.7938626025963799,0.7996,0.810101581130415,0.7996,0.7996,0.7996,0.79386260259638,0.7996,0.810101581130415
52,75,23,2027.061148557744,1999.8161929037233,0.6206544,0.787,0.7883457049131579,0.7869999999999999,0.7914308768514224,0.787,0.787,0.787,0.7883457049131579,0.787,0.7914308768514225,0.722665,0.8229,0.8244366622988423,0.8229,0.8296136319955517,0.8229,0.8229,0.8229,0.8244366622988422,0.8229,0.8296136319955518,0.78594047,0.7428,0.7259755243567909,0.7428000000000001,0.7706658102972439,0.7428,0.7428,0.7428,0.725975524356791,0.7428,0.770665810297244,1.0733116,0.7936,0.7862619513252868,0.7936,0.807981780304946,0.7936,0.7936,0.7936,0.7862619513252868,0.7936,0.8079817803049459
53,75,23,2027.1356541457492,1999.5732398993623,0.6275733,0.7816,0.7830694718185821,0.7816,0.7891889678589663,0.7816,0.7816,0.7816,0.7830694718185822,0.7816,0.7891889678589663,0.7020928,0.8327,0.8338944255387167,0.8327,0.837737957193254,0.8327000000000001,0.8327,0.8327,0.8338944255387167,0.8327,0.8377379571932541,0.7795847,0.7465,0.7299386134655574,0.7465,0.7672804967626886,0.7465,0.7465,0.7465,0.7299386134655576,0.7465,0.7672804967626886,0.9821941,0.8037,0.7986020561384524,0.8037000000000001,0.8134263486443766,0.8037000000000001,0.8037,0.8037,0.7986020561384524,0.8037,0.8134263486443766
54,75,23,2026.9815210818977,2000.0758477162722,0.6360663,0.7755,0.7786183448833279,0.7754999999999999,0.7862146831030471,0.7755,0.7755,0.7755,0.7786183448833279,0.7755,0.7862146831030471,0.7100221,0.8319,0.8332521036010527,0.8318999999999999,0.8367474304830556,0.8319,0.8319,0.8319,0.8332521036010528,0.8319,0.8367474304830558,0.81862605,0.7333,0.7197557344201313,0.7333,0.757668125122569,0.7333,0.7333,0.7333,0.7197557344201312,0.7333,0.757668125122569,1.0433677,0.8019,0.7961252870869377,0.8018999999999998,0.8122743744881191,0.8019,0.8019,0.8019,0.7961252870869377,0.8019,0.812274374488119
55,75,23,2027.0626443286733,1999.811315389832,0.5925651,0.7925,0.7938582963716064,0.7925,0.7972317355340166,0.7925,0.7925,0.7925,0.7938582963716065,0.7925,0.7972317355340167,0.70382965,0.8312,0.8326495553326568,0.8312000000000002,0.8372917368309132,0.8312,0.8312,0.8312,0.8326495553326567,0.8312,0.8372917368309132,0.7600364,0.7519,0.7398590433263379,0.7519000000000001,0.7736114189540646,0.7519000000000001,0.7519,0.7519,0.7398590433263378,0.7519,0.7736114189540646,0.9690878,0.8053,0.8011068886086988,0.8052999999999999,0.8170235935173166,0.8053,0.8053,0.8053,0.8011068886086988,0.8053,0.8170235935173165
56,75,23,2027.081739648227,1999.7490480434687,0.6227973,0.7824,0.7850411140435065,0.7824,0.7918256334119548,0.7824,0.7824,0.7824,0.7850411140435067,0.7824,0.7918256334119548,0.7005741,0.8278,0.8290657626189268,0.8277999999999999,0.8331228283855259,0.8278,0.8278,0.8278,0.8290657626189268,0.8278,0.833122828385526,0.75610983,0.7511,0.7425611782346084,0.7511,0.7749631875488501,0.7511,0.7511,0.7511,0.7425611782346083,0.7511,0.7749631875488501,1.0330927,0.7971,0.7913904111390524,0.7971,0.8094517493486016,0.7970999999999999,0.7971,0.7971,0.7913904111390524,0.7971,0.8094517493486016
57,75,23,2027.2048577662638,1999.347575919442,0.61066073,0.7863,0.7880033131577939,0.7863,0.7920735466607314,0.7863,0.7863,0.7863,0.7880033131577939,0.7863,0.7920735466607314,0.7182711,0.8304,0.8314609631050379,0.8304,0.8347336136935913,0.8304000000000001,0.8304,0.8304,0.8314609631050378,0.8304,0.8347336136935913,0.7848208,0.7446,0.7277649331889683,0.7446,0.7681725964702939,0.7446,0.7446,0.7446,0.7277649331889683,0.7446,0.768172596470294,0.9978746,0.8042,0.8006868670558805,0.8042,0.8139443423180888,0.8042,0.8042,0.8042,0.8006868670558807,0.8042,0.8139443423180887
58,75,23,2027.3172766402356,1998.9809926347493,0.614299,0.7815,0.7843817464922233,0.7815000000000001,0.7915923520610042,0.7815,0.7815,0.7815,0.7843817464922234,0.7815,0.7915923520610042,0.7056511,0.8299,0.8310250804862264,0.8299,0.8341474928142361,0.8298999999999999,0.8299,0.8299,0.8310250804862263,0.8299,0.8341474928142361,0.78681886,0.7464,0.7331897683432911,0.7464000000000001,0.7728294398735913,0.7463999999999998,0.7464,0.7464,0.7331897683432911,0.7464,0.7728294398735915,1.0088288,0.7974,0.7927650355523446,0.7973999999999999,0.8114013244496933,0.7974,0.7974,0.7974,0.7927650355523445,0.7974,0.8114013244496933
59,75,23,2027.2270627819553,1999.2751682595838,0.61437756,0.7871,0.7888681253904639,0.7870999999999999,0.792262938297932,0.7871000000000001,0.7871,0.7871,0.7888681253904639,0.7871,0.7922629382979319,0.7117541,0.8231,0.8242672970304167,0.8231000000000002,0.8286284103639309,0.8231,0.8231,0.8231,0.8242672970304168,0.8231,0.828628410363931,0.7926225,0.7516,0.7334453850882485,0.7516,0.7741629328291535,0.7516,0.7516,0.7516,0.7334453850882486,0.7516,0.7741629328291536,1.0652194,0.7904,0.7825329810338221,0.7904,0.8075981068797807,0.7904,0.7904,0.7904,0.7825329810338221,0.7904,0.8075981068797807
60,75,23,2027.285799556526,1999.0836352990277,0.61856544,0.7829,0.7860763293470295,0.7828999999999999,0.7947095246362446,0.7829,0.7829,0.7829,0.7860763293470294,0.7829,0.7947095246362447,0.70353454,0.8296,0.830553679338483,0.8295999999999999,0.8342641480127948,0.8296,0.8296,0.8296,0.830553679338483,0.8296,0.8342641480127948,0.81188476,0.7403,0.7233963892566735,0.7403000000000001,0.774122402378256,0.7403000000000001,0.7403,0.7403,0.7233963892566736,0.7403,0.774122402378256,1.0020174,0.8023,0.796731639823544,0.8023,0.8152089488298776,0.8023000000000001,0.8023,0.8023,0.796731639823544,0.8023,0.8152089488298776
61,75,23,2027.3653447547026,1998.8242487832385,0.615846,0.788,0.789246068595531,0.788,0.7921670894420092,0.788,0.788,0.788,0.7892460685955309,0.788,0.7921670894420092,0.7052921,0.8281,0.8293628451047962,0.8281000000000001,0.833279851356439,0.8281,0.8281,0.8281,0.8293628451047962,0.8281,0.8332798513564389,0.7758042,0.7449,0.732322993309855,0.7449000000000001,0.7688133212058272,0.7449,0.7449,0.7449,0.732322993309855,0.7449,0.7688133212058272,1.0114818,0.7987,0.7928444050301582,0.7987,0.8120663983319633,0.7987,0.7987,0.7987,0.7928444050301581,0.7987,0.8120663983319633
62,75,23,2027.4463715794961,1998.5600308763026,0.60482585,0.7889,0.7907836486925206,0.7889,0.7963414060078742,0.7889,0.7889,0.7889,0.7907836486925206,0.7889,0.7963414060078742,0.70393765,0.8278,0.8292051099283002,0.8278000000000001,0.833621151196555,0.8278,0.8278,0.8278,0.8292051099283002,0.8278,0.833621151196555,0.7614013,0.7501,0.7361454335455389,0.7501,0.7727229797769649,0.7501000000000001,0.7501,0.7501,0.7361454335455389,0.7501,0.7727229797769649,1.0199318,0.7984,0.7946533135845135,0.7984,0.8111587710902558,0.7984,0.7984,0.7984,0.7946533135845135,0.7984,0.8111587710902558
63,75,23,2027.2786969159163,1999.1067960836317,0.6073594,0.7898,0.7932055218729749,0.7898,0.8014059633594464,0.7898,0.7898,0.7898,0.7932055218729748,0.7898,0.8014059633594464,0.70200086,0.8255,0.8271157368021796,0.8254999999999999,0.8331231478012908,0.8255,0.8255,0.8255,0.8271157368021798,0.8255,0.8331231478012909,0.83193713,0.7392,0.7252153230269424,0.7392000000000001,0.7774306516441005,0.7391999999999999,0.7392,0.7392,0.7252153230269425,0.7392,0.7774306516441004,1.002767,0.7988,0.7962023513002736,0.7988,0.8106860300912144,0.7988,0.7988,0.7988,0.7962023513002737,0.7988,0.8106860300912143
64,75,23,2027.2241355191668,1999.284713681732,0.6183006,0.783,0.7854070437385847,0.783,0.7914793761498045,0.7829999999999999,0.783,0.783,0.7854070437385846,0.783,0.7914793761498045,0.6831488,0.8267,0.8284891286224431,0.8267,0.8334958399884542,0.8267,0.8267,0.8267,0.8284891286224428,0.8267,0.8334958399884543,0.7448945,0.7505,0.7413045720558298,0.7505,0.7682814632307597,0.7505,0.7505,0.7505,0.7413045720558299,0.7505,0.7682814632307596,0.96733284,0.8067,0.8025237850898324,0.8067,0.8163948240540033,0.8067,0.8067,0.8067,0.8025237850898324,0.8067,0.8163948240540034
65,75,23,2027.4964455798838,1998.396746092442,0.5858425,0.7942,0.7962281590166185,0.7941999999999999,0.8008136134455031,0.7942,0.7942,0.7942,0.7962281590166185,0.7942,0.8008136134455031,0.7082636,0.8324,0.8336769470555379,0.8324,0.8375726216934609,0.8324,0.8324,0.8324,0.8336769470555376,0.8324,0.8375726216934608,0.77060574,0.7495,0.7343575589654912,0.7495,0.7719474759206528,0.7495,0.7495,0.7495,0.7343575589654912,0.7495,0.7719474759206528,1.0057542,0.8005,0.794641685221108,0.8004999999999999,0.8072328162390667,0.8005,0.8005,0.8005,0.7946416852211079,0.8005,0.8072328162390667
66,75,23,2027.425008553199,1998.62969291859,0.59907883,0.7903,0.792517356657372,0.7903,0.7994399880712104,0.7903,0.7903,0.7903,0.7925173566573719,0.7903,0.7994399880712104,0.7161377,0.8306,0.8316392430203712,0.8305999999999999,0.8348445469807995,0.8306,0.8306,0.8306,0.8316392430203711,0.8306,0.8348445469807996,0.7062544,0.763,0.7563180458689399,0.7630000000000001,0.7789677342807699,0.763,0.763,0.763,0.7563180458689399,0.763,0.77896773428077,0.9879981,0.7962,0.7888965522118023,0.7962,0.8053884516870596,0.7962,0.7962,0.7962,0.7888965522118022,0.7962,0.8053884516870595
67,75,23,2027.3558901847716,1998.8550789025953,0.5978502,0.7943,0.7961401325484302,0.7943,0.8007854301602666,0.7943,0.7943,0.7943,0.7961401325484302,0.7943,0.8007854301602666,0.71413684,0.83,0.831035762452548,0.8299999999999998,0.8349581006663367,0.83,0.83,0.83,0.8310357624525481,0.83,0.8349581006663366,0.7024682,0.7636,0.7559890525242756,0.7636,0.7756193547188418,0.7636,0.7636,0.7636,0.7559890525242756,0.7636,0.7756193547188416,1.0645636,0.7917,0.7841205438773515,0.7917,0.8066321241806858,0.7917,0.7917,0.7917,0.7841205438773515,0.7917,0.8066321241806855
68,75,23,2027.3513302607253,1998.8699482201444,0.6090595,0.7865,0.7885805333084561,0.7865,0.792533327841893,0.7865,0.7865,0.7865,0.788580533308456,0.7865,0.792533327841893,0.7232374,0.8277,0.8286676308104782,0.8276999999999999,0.8320555003916954,0.8277,0.8277,0.8277,0.8286676308104783,0.8277,0.8320555003916954,0.78174573,0.7466,0.7324316230414536,0.7466,0.7734615111384748,0.7466,0.7466,0.7466,0.7324316230414536,0.7466,0.7734615111384747,1.1260709,0.7931,0.7847553408723964,0.7931000000000001,0.804335227096937,0.7931,0.7931,0.7931,0.7847553408723962,0.7931,0.804335227096937
69,75,23,2027.263815865237,1999.1553212489118,0.6135794,0.7884,0.7899796159713361,0.7884,0.7939329562625278,0.7884,0.7884,0.7884,0.789979615971336,0.7884,0.7939329562625278,0.72855896,0.8263,0.8275193627592922,0.8263,0.8314134119486468,0.8263,0.8263,0.8263,0.8275193627592922,0.8263,0.8314134119486467,0.8075425,0.7394,0.7239006775537044,0.7394000000000001,0.7666521351457722,0.7394,0.7394,0.7394,0.7239006775537044,0.7394,0.7666521351457721,1.0628662,0.7931,0.787118705702545,0.7931,0.8043996277551319,0.7931,0.7931,0.7931,0.787118705702545,0.7931,0.8043996277551317
70,75,23,2027.343386622232,1998.8958513891491,0.62129074,0.7871,0.7893976732240783,0.7871,0.7944961321289404,0.7871000000000001,0.7871,0.7871,0.7893976732240784,0.7871,0.7944961321289403,0.7175656,0.8331,0.8340799228728926,0.8331000000000002,0.83743370893095,0.8331,0.8331,0.8331,0.8340799228728926,0.8331,0.8374337089309501,0.7773571,0.7458,0.7282256325227958,0.7458,0.7668258544277966,0.7458,0.7458,0.7458,0.7282256325227959,0.7458,0.7668258544277965,0.9452329,0.808,0.8039262157760941,0.808,0.8136988199574045,0.808,0.808,0.808,0.803926215776094,0.808,0.8136988199574043
71,75,23,2027.393769535415,1998.7315592809448,0.6058533,0.7953,0.7973774497247501,0.7952999999999999,0.8038191236020873,0.7953,0.7953,0.7953,0.7973774497247501,0.7953,0.8038191236020875,0.7037771,0.8294,0.8304472322962984,0.8294,0.8339438400453414,0.8293999999999999,0.8294,0.8294,0.8304472322962984,0.8294,0.8339438400453415,0.7405489,0.7562,0.7431794719889486,0.7562,0.7729369399548499,0.7562,0.7562,0.7562,0.7431794719889488,0.7562,0.7729369399548499,1.0286881,0.8049,0.7994037570025952,0.8049000000000002,0.8114429267183239,0.8049,0.8049,0.8049,0.7994037570025952,0.8049,0.8114429267183239
72,75,23,2027.3886731735795,1998.7481778521492,0.59569794,0.7904,0.7913586932616627,0.7904,0.7935813324489346,0.7904,0.7904,0.7904,0.7913586932616627,0.7904,0.7935813324489346,0.7063914,0.8294,0.8306731478758003,0.8294,0.8352616421816392,0.8293999999999999,0.8294,0.8294,0.8306731478758004,0.8294,0.8352616421816392,0.7185831,0.7572,0.7510074692029167,0.7572,0.7792724829299242,0.7572,0.7572,0.7572,0.7510074692029167,0.7572,0.7792724829299242,1.0211002,0.8009,0.7953544229756194,0.8008999999999998,0.8123223045949477,0.8008999999999998,0.8009,0.8009,0.7953544229756195,0.8009,0.8123223045949477
73,75,23,2027.5300041540527,1998.287315959306,0.6014464,0.7919,0.7935467739414352,0.7918999999999999,0.7977176963793751,0.7919,0.7919,0.7919,0.7935467739414352,0.7919,0.7977176963793751,0.7234746,0.828,0.829347925971137,0.828,0.8344465597523317,0.828,0.828,0.828,0.8293479259711372,0.828,0.8344465597523318,0.77389973,0.7498,0.7348111032149477,0.7498,0.7732004734685567,0.7498,0.7498,0.7498,0.7348111032149476,0.7498,0.7732004734685567,1.0074893,0.8027,0.7982383323316811,0.8027,0.8095563592884913,0.8027000000000001,0.8027,0.8027,0.798238332331681,0.8027,0.8095563592884911
74,75,23,2027.5055926461696,1998.3669187024045,0.6203005,0.7861,0.7879084856809253,0.7861,0.7923751252143607,0.7861,0.7861,0.7861,0.7879084856809254,0.7861,0.7923751252143607,0.72552073,0.8257,0.8266752689177277,0.8257,0.8307244454961005,0.8257,0.8257,0.8257,0.8266752689177278,0.8257,0.8307244454961005,0.7383358,0.7532,0.7453056447907183,0.7532000000000001,0.77019018324993,0.7532,0.7532,0.7532,0.7453056447907184,0.7532,0.7701901832499302,1.1292751,0.7876,0.7803112708249778,0.7876,0.7995576388458774,0.7876,0.7876,0.7876,0.7803112708249778,0.7876,0.7995576388458775
75,75,23,2027.5792919084147,1998.1265950211714,0.63122976,0.7817,0.7831560321067806,0.7817000000000001,0.7864155763401925,0.7817,0.7817,0.7817,0.7831560321067805,0.7817,0.7864155763401928,0.7240157,0.8262,0.8273661219100271,0.8262,0.83140724188032,0.8262,0.8262,0.8262,0.827366121910027,0.8262,0.8314072418803198,0.84856856,0.7264,0.7063282226038251,0.7263999999999999,0.7506913532235343,0.7264,0.7264,0.7264,0.7063282226038252,0.7264,0.7506913532235344,1.1181034,0.785,0.7780269841620179,0.7849999999999999,0.8037447311848049,0.785,0.785,0.785,0.7780269841620179,0.785,0.803744731184805
76,75,23,2027.6838947949536,1997.7854986520285,0.6142196,0.7846,0.7872119941032605,0.7846,0.7960450882316938,0.7846,0.7846,0.7846,0.7872119941032605,0.7846,0.796045088231694,0.7076282,0.8294,0.8306905333893031,0.8294,0.8347324438126801,0.8293999999999999,0.8294,0.8294,0.830690533389303,0.8294,0.83473244381268,0.8131576,0.7414,0.7292153468522999,0.7414,0.7780567227234585,0.7414,0.7414,0.7414,0.7292153468522999,0.7414,0.7780567227234585,1.0038488,0.7979,0.7928284045196519,0.7978999999999999,0.8143818592100608,0.7979,0.7979,0.7979,0.7928284045196519,0.7979,0.8143818592100607
77,75,23,2027.473831925719,1998.470486269105,0.6241117,0.7826,0.7851105115765815,0.7826000000000001,0.792062589838833,0.7826000000000001,0.7826,0.7826,0.7851105115765816,0.7826,0.792062589838833,0.70298976,0.8301,0.8313985569028389,0.8301000000000001,0.8350611530972222,0.8301,0.8301,0.8301,0.8313985569028389,0.8301,0.835061153097222,0.7870606,0.7485,0.7388008322925261,0.7485,0.7747509572969695,0.7485,0.7485,0.7485,0.7388008322925262,0.7485,0.7747509572969696,1.0501758,0.7949,0.7897039252879182,0.7949000000000002,0.8098052131959739,0.7949,0.7949,0.7949,0.7897039252879182,0.7949,0.8098052131959738
78,75,23,2027.4443990800576,1998.5664629397393,0.62182283,0.782,0.7842625984182564,0.782,0.7898524229116616,0.782,0.782,0.782,0.7842625984182564,0.782,0.7898524229116616,0.70056397,0.8298,0.8309765708527174,0.8298,0.8341141745091532,0.8298,0.8298,0.8298,0.8309765708527173,0.8298,0.8341141745091533,0.8037362,0.7417,0.7262305719613356,0.7417,0.7660763405330206,0.7417,0.7417,0.7417,0.7262305719613354,0.7417,0.7660763405330208,1.0318971,0.8018,0.7981028928981195,0.8017999999999998,0.8085781254884576,0.8018,0.8018,0.8018,0.7981028928981195,0.8018,0.8085781254884576
79,75,23,2027.5420299852262,1998.2481012924545,0.6161401,0.7905,0.7920996486365228,0.7905,0.7963045983196401,0.7905,0.7905,0.7905,0.7920996486365228,0.7905,0.7963045983196402,0.7111258,0.83,0.831052116173068,0.8300000000000001,0.834430530064805,0.83,0.83,0.83,0.8310521161730682,0.83,0.8344305300648052,0.8900168,0.7342,0.7106330010231737,0.7342000000000001,0.7688699392342935,0.7342000000000001,0.7342,0.7342,0.7106330010231738,0.7342,0.7688699392342935,1.021058,0.8015,0.7960660610031595,0.8015000000000001,0.8118286831217919,0.8015,0.8015,0.8015,0.7960660610031596,0.8015,0.811828683121792
80,75,23,2027.3976062935856,1998.7190481130237,0.60025966,0.7902,0.7917589863188502,0.7902,0.7953379954319403,0.7902,0.7902,0.7902,0.7917589863188501,0.7902,0.7953379954319402,0.70221984,0.8357,0.8367838932160637,0.8357000000000001,0.8402590285235755,0.8357,0.8357,0.8357,0.836783893216064,0.8357,0.8402590285235756,0.7943993,0.744,0.7289271177950724,0.744,0.7727821623113267,0.744,0.744,0.744,0.7289271177950725,0.744,0.7727821623113267,0.96193475,0.805,0.8013776382994319,0.805,0.8147016263746781,0.805,0.805,0.805,0.8013776382994318,0.805,0.8147016263746782
81,75,23,2027.8319604677135,1997.3026758060907,0.58219904,0.8023,0.8034980716616686,0.8023,0.8057036175238812,0.8023000000000001,0.8023,0.8023,0.8034980716616686,0.8023,0.8057036175238812,0.7013991,0.834,0.8350050987612251,0.834,0.8385339219861306,0.834,0.834,0.834,0.8350050987612252,0.834,0.8385339219861307,0.782122,0.7582,0.7445782338867017,0.7582,0.780142433461539,0.7582,0.7582,0.7582,0.7445782338867016,0.7582,0.7801424334615388,0.93393457,0.8052,0.8017240376617931,0.8051999999999999,0.8155458299017017,0.8052000000000001,0.8052,0.8052,0.8017240376617931,0.8052,0.8155458299017017
82,75,23,2027.731033852181,1997.6317843350014,0.6038387,0.7909,0.7918401914398114,0.7909,0.7957374165839702,0.7909,0.7909,0.7909,0.7918401914398115,0.7909,0.7957374165839703,0.70712703,0.8297,0.8307721768635593,0.8297000000000001,0.835001676655977,0.8297,0.8297,0.8297,0.8307721768635592,0.8297,0.8350016766559771,0.7713588,0.7453,0.7310726250330648,0.7453,0.7662512042572571,0.7453,0.7453,0.7453,0.7310726250330647,0.7453,0.7662512042572571,0.93100274,0.8098,0.8071157982056196,0.8098000000000001,0.8178952322840949,0.8097999999999999,0.8098,0.8098,0.8071157982056195,0.8098,0.8178952322840948
83,75,23,2027.9173037187215,1997.0243825962839,0.5975792,0.7947,0.7969913385154526,0.7947,0.8033198999748701,0.7946999999999999,0.7947,0.7947,0.7969913385154527,0.7947,0.8033198999748703,0.70292675,0.8296,0.8305324019838783,0.8296000000000001,0.833972914188488,0.8296,0.8296,0.8296,0.8305324019838785,0.8296,0.8339729141884882,0.7314088,0.761,0.7472044912473186,0.761,0.7773645181798459,0.761,0.761,0.761,0.7472044912473187,0.761,0.7773645181798458,0.97790545,0.8043,0.800258191235408,0.8043000000000001,0.8124572284312691,0.8043,0.8043,0.8043,0.8002581912354079,0.8043,0.8124572284312692
84,75,23,2027.9213612965118,1997.0111513643617,0.6088589,0.7887,0.7908989628895388,0.7886999999999998,0.7954224427119236,0.7887,0.7887,0.7887,0.7908989628895388,0.7887,0.7954224427119236,0.7058609,0.8316,0.8325574627546579,0.8316000000000001,0.8354293439840846,0.8316,0.8316,0.8316,0.8325574627546579,0.8316,0.8354293439840847,0.74042946,0.756,0.7491283912604906,0.756,0.7820665546060133,0.756,0.756,0.756,0.7491283912604906,0.756,0.7820665546060134,0.93320733,0.8123,0.8093858550434865,0.8122999999999999,0.8195298680611842,0.8123,0.8123,0.8123,0.8093858550434865,0.8123,0.8195298680611842
85,75,23,2028.0186849084027,1996.6937917603757,0.60075784,0.7895,0.7912511039387251,0.7895000000000001,0.7948721329661498,0.7895,0.7895,0.7895,0.7912511039387251,0.7895,0.7948721329661498,0.6964581,0.8333,0.8343075564558111,0.8333,0.8371864259500134,0.8333,0.8333,0.8333,0.834307556455811,0.8333,0.8371864259500132,0.7305933,0.7614,0.7551828335653147,0.7614,0.7792496407702364,0.7614,0.7614,0.7614,0.7551828335653145,0.7614,0.7792496407702364,0.9632454,0.8086,0.8046757888517435,0.8085999999999999,0.816135787344507,0.8086,0.8086,0.8086,0.8046757888517434,0.8086,0.8161357873445071
86,75,23,2028.0255406337433,1996.671436134269,0.5970246,0.7914,0.7934712889965836,0.7914,0.7975610036721806,0.7914,0.7914,0.7914,0.7934712889965835,0.7914,0.7975610036721806,0.706686,0.8322,0.833155323925733,0.8321999999999999,0.8361714022801581,0.8322,0.8322,0.8322,0.833155323925733,0.8322,0.836171402280158,0.75976497,0.7548,0.7428738476502456,0.7548,0.77231205723632,0.7548,0.7548,0.7548,0.7428738476502457,0.7548,0.7723120572363199,1.0659436,0.7945,0.7865971118124764,0.7945,0.8077411180723875,0.7945,0.7945,0.7945,0.7865971118124764,0.7945,0.8077411180723875
87,75,23,2028.4127535707448,1995.4087852527439,0.60381806,0.7914,0.7943393307183644,0.7914000000000001,0.8035044204151823,0.7914,0.7914,0.7914,0.7943393307183644,0.7914,0.8035044204151824,0.696913,0.8283,0.8294191601369668,0.8282999999999999,0.8337005528788793,0.8283,0.8283,0.8283,0.8294191601369668,0.8283,0.8337005528788793,0.7808133,0.745,0.7301130503843186,0.745,0.7790086107183345,0.745,0.745,0.745,0.7301130503843186,0.745,0.7790086107183345,1.0386113,0.7961,0.7899108595487135,0.7961,0.8086155741088771,0.7961,0.7961,0.7961,0.7899108595487135,0.7961,0.8086155741088771
88,75,23,2028.493834208965,1995.1443918672458,0.5936902,0.7956,0.7969352556155386,0.7956,0.8009283734859294,0.7956,0.7956,0.7956,0.7969352556155385,0.7956,0.8009283734859293,0.7062855,0.8312,0.8321310343111834,0.8312000000000002,0.8351191495509862,0.8312,0.8312,0.8312,0.8321310343111834,0.8312,0.8351191495509863,0.78132457,0.7493,0.7326430978283697,0.7493000000000001,0.7751791967111613,0.7493,0.7493,0.7493,0.7326430978283697,0.7493,0.7751791967111612,1.1059524,0.7909,0.7829239906164542,0.7908999999999999,0.8011073597505783,0.7909,0.7909,0.7909,0.7829239906164543,0.7909,0.8011073597505782
89,75,23,2028.5708111058975,1994.8933802468139,0.60530293,0.7889,0.7903969527370444,0.7889,0.7940968024107913,0.7889,0.7889,0.7889,0.7903969527370444,0.7889,0.7940968024107913,0.6935347,0.8332,0.8337044401000563,0.8332,0.8356187922549276,0.8332,0.8332,0.8332,0.8337044401000562,0.8332,0.8356187922549275,0.8335369,0.7429,0.7212437667687306,0.7428999999999999,0.7659794082956212,0.7429,0.7429,0.7429,0.7212437667687306,0.7429,0.7659794082956212,1.106346,0.795,0.7869052727968369,0.7949999999999999,0.804279168488133,0.795,0.795,0.795,0.7869052727968369,0.795,0.804279168488133
90,75,23,2028.6623425998791,1994.5949079838383,0.605863,0.7903,0.7923824088435054,0.7903,0.796518213480417,0.7903,0.7903,0.7903,0.7923824088435052,0.7903,0.796518213480417,0.7118189,0.8314,0.8322668158106126,0.8314,0.8351350604346527,0.8314,0.8314,0.8314,0.8322668158106123,0.8314,0.8351350604346528,0.86383134,0.7385,0.7180123344387213,0.7384999999999999,0.7661854815537286,0.7385,0.7385,0.7385,0.7180123344387214,0.7385,0.7661854815537288,1.0785092,0.791,0.7824306080518487,0.791,0.8082006483735684,0.791,0.791,0.791,0.7824306080518487,0.791,0.8082006483735684
91,75,23,2028.5656837504291,1994.9100998842202,0.60000956,0.7902,0.7915362216697035,0.7901999999999999,0.7935989985907907,0.7902,0.7902,0.7902,0.7915362216697035,0.7902,0.7935989985907907,0.70428073,0.8318,0.8328241928491764,0.8318,0.8358302681959489,0.8318,0.8318,0.8318,0.8328241928491763,0.8318,0.8358302681959489,0.7856337,0.7485,0.7309751675044929,0.7485000000000002,0.7759669807214576,0.7485,0.7485,0.7485,0.7309751675044929,0.7485,0.7759669807214575,1.1277369,0.7872,0.7785418841736578,0.7872,0.801775886995315,0.7872,0.7872,0.7872,0.7785418841736578,0.7872,0.801775886995315
92,75,23,2028.623898904429,1994.720267860308,0.6041094,0.7926,0.7944541803636398,0.7926000000000001,0.7981895228646985,0.7926,0.7926,0.7926,0.7944541803636398,0.7926,0.7981895228646984,0.7178532,0.8306,0.8317772786497676,0.8306000000000001,0.8365644554882957,0.8306,0.8306,0.8306,0.8317772786497675,0.8306,0.8365644554882956,0.78766584,0.7402,0.7289852286560119,0.7402,0.7734072687193176,0.7402,0.7402,0.7402,0.728985228656012,0.7402,0.7734072687193176,1.0712031,0.7918,0.7859061217064779,0.7918000000000001,0.8140811371804382,0.7918,0.7918,0.7918,0.7859061217064778,0.7918,0.8140811371804382
93,75,23,2028.689604948924,1994.5060090195686,0.5914247,0.8001,0.8023132067459811,0.8000999999999999,0.8076241054170833,0.8000999999999999,0.8001,0.8001,0.8023132067459811,0.8001,0.8076241054170833,0.70179886,0.8285,0.8296853148478774,0.8285,0.8345030304798187,0.8285,0.8285,0.8285,0.8296853148478774,0.8285,0.8345030304798186,0.8077045,0.7382,0.7232478558310641,0.7382,0.7818247727287687,0.7382,0.7382,0.7382,0.7232478558310641,0.7382,0.7818247727287687,1.0999413,0.7916,0.7842501092015893,0.7916,0.8056219574683317,0.7916,0.7916,0.7916,0.7842501092015894,0.7916,0.8056219574683315
94,75,23,2028.7361650920182,1994.3541824660006,0.6143182,0.7849,0.7872229103840284,0.7849,0.7928402887813976,0.7849000000000002,0.7849,0.7849,0.7872229103840285,0.7849,0.7928402887813976,0.6983473,0.8305,0.8317734722143142,0.8305,0.8362051105521309,0.8305,0.8305,0.8305,0.8317734722143143,0.8305,0.836205110552131,0.87662286,0.7376,0.7132502192264334,0.7376,0.7643394456781212,0.7376,0.7376,0.7376,0.7132502192264335,0.7376,0.7643394456781212,1.118665,0.7967,0.7887810847910293,0.7967000000000001,0.8073316424781144,0.7967,0.7967,0.7967,0.7887810847910293,0.7967,0.8073316424781145
95,75,23,2028.6658726201824,1994.5833970480787,0.5860678,0.7967,0.7988151504550967,0.7967000000000001,0.804989150334934,0.7967,0.7967,0.7967,0.7988151504550968,0.7967,0.8049891503349339,0.68950605,0.834,0.8350031773350783,0.834,0.8386494269947727,0.834,0.834,0.834,0.8350031773350783,0.834,0.8386494269947727,0.84182703,0.7422,0.7208393123416477,0.7422,0.7697970795539881,0.7421999999999999,0.7422,0.7422,0.7208393123416477,0.7422,0.7697970795539881,1.1067908,0.7929,0.7827817780313602,0.7929,0.8061708244599561,0.7928999999999999,0.7929,0.7929,0.7827817780313602,0.7929,0.8061708244599561
96,75,23,2028.7177531664108,1994.4142213538598,0.57949775,0.8033,0.8051293896287802,0.8033000000000001,0.8094673458882522,0.8033,0.8033,0.8033,0.8051293896287802,0.8033,0.809467345888252,0.7101806,0.8295,0.8306164002241653,0.8295,0.834714512360273,0.8295,0.8295,0.8295,0.8306164002241654,0.8295,0.8347145123602732,0.7731222,0.7543,0.7391532477244345,0.7543,0.77627003896128,0.7543,0.7543,0.7543,0.7391532477244344,0.7543,0.7762700389612801,1.0698218,0.7973,0.7917917655312914,0.7972999999999999,0.8083942178988579,0.7973,0.7973,0.7973,0.7917917655312916,0.7973,0.8083942178988578
97,75,23,2028.8352735020392,1994.031002868119,0.60895115,0.7882,0.7914858538489657,0.7882,0.7984100088548702,0.7882,0.7882,0.7882,0.7914858538489659,0.7882,0.7984100088548702,0.70219934,0.8285,0.8294506441602156,0.8285,0.8340697398140463,0.8285,0.8285,0.8285,0.8294506441602156,0.8285,0.8340697398140464,0.7897017,0.749,0.7359579318613989,0.7489999999999999,0.772468443195389,0.749,0.749,0.749,0.7359579318613989,0.749,0.7724684431953891,1.092152,0.7976,0.7912963024669759,0.7976000000000001,0.8082738662938953,0.7975999999999999,0.7976,0.7976,0.791296302466976,0.7976,0.8082738662938951
98,75,23,2029.003417689598,1993.482706604341,0.61357445,0.7901,0.7929915815214782,0.7901,0.7994780399237938,0.7901,0.7901,0.7901,0.7929915815214783,0.7901,0.799478039923794,0.6938869,0.8305,0.8315931051445151,0.8305,0.8364993438969195,0.8305,0.8305,0.8305,0.8315931051445151,0.8305,0.8364993438969195,0.85505986,0.7334,0.7135678903799878,0.7333999999999999,0.7656020127839647,0.7333999999999999,0.7334,0.7334,0.7135678903799877,0.7334,0.7656020127839648,1.0993043,0.7964,0.7904022764370187,0.7964,0.8069624187847653,0.7964,0.7964,0.7964,0.7904022764370185,0.7964,0.8069624187847653
99,75,23,2029.0696874546616,1993.2666095443535,0.61223584,0.7872,0.7892050568064148,0.7872000000000001,0.7955431703186322,0.7872,0.7872,0.7872,0.7892050568064148,0.7872,0.7955431703186321,0.716773,0.8241,0.8249126619275359,0.8240999999999999,0.8279583394342899,0.8240999999999999,0.8241,0.8241,0.8249126619275359,0.8241,0.8279583394342899,0.82510066,0.7351,0.7159145455095325,0.7350999999999999,0.764331596801833,0.7351000000000001,0.7351,0.7351,0.7159145455095325,0.7351,0.764331596801833,1.1565068,0.7906,0.7827276836832192,0.7906,0.8034485492000082,0.7906,0.7906,0.7906,0.7827276836832191,0.7906,0.8034485492000083
100,75,23,2029.2353540026108,1992.7263925401714,0.6111408,0.7847,0.7871255226487889,0.7847000000000001,0.792412555921851,0.7847,0.7847,0.7847,0.7871255226487889,0.7847,0.792412555921851,0.695553,0.8297,0.8308734390711422,0.8297000000000001,0.8344169422534202,0.8297,0.8297,0.8297,0.8308734390711421,0.8297,0.8344169422534203,0.8045122,0.7396,0.726505117245098,0.7396,0.7697561758853968,0.7396,0.7396,0.7396,0.7265051172450981,0.7396,0.7697561758853968,1.0789338,0.7977,0.7893272561848701,0.7977,0.8111895063646525,0.7977,0.7977,0.7977,0.7893272561848702,0.7977,0.8111895063646525
101,75,23,2029.2920493851025,1992.5415162929212,0.607874,0.7842,0.7863928535237248,0.7842,0.7912944290872745,0.7842,0.7842,0.7842,0.7863928535237247,0.7842,0.7912944290872745,0.7031577,0.8352,0.8360875408067189,0.8352,0.8389424857968036,0.8352,0.8352,0.8352,0.836087540806719,0.8352,0.8389424857968037,0.80176085,0.7407,0.7223286750765917,0.7407,0.7650432637713515,0.7407,0.7407,0.7407,0.7223286750765917,0.7407,0.7650432637713513,1.0916716,0.7948,0.7881079814393943,0.7948,0.8087439272832618,0.7948,0.7948,0.7948,0.7881079814393944,0.7948,0.8087439272832617
102,75,23,2029.443207804459,1992.0486084037198,0.59212893,0.7961,0.7978476017242564,0.7961,0.8017659949352639,0.7961,0.7961,0.7961,0.7978476017242564,0.7961,0.801765994935264,0.69370997,0.8363,0.8372082123347623,0.8362999999999999,0.8400428687369976,0.8363,0.8363,0.8363,0.8372082123347624,0.8363,0.8400428687369975,0.7862187,0.7507,0.7397924352712801,0.7507,0.7816592592548153,0.7507,0.7507,0.7507,0.7397924352712802,0.7507,0.7816592592548154,1.0250213,0.8018,0.7964431629306665,0.8017999999999998,0.8153268621863884,0.8018,0.8018,0.8018,0.7964431629306666,0.8018,0.8153268621863884
103,75,23,2029.3867963587604,1992.232558770128,0.58342147,0.7988,0.8003509545194284,0.7988,0.8038695859849756,0.7988,0.7988,0.7988,0.8003509545194284,0.7988,0.8038695859849755,0.6980975,0.8335,0.834611394707091,0.8335000000000001,0.8375823565005008,0.8335,0.8335,0.8335,0.834611394707091,0.8335,0.8375823565005008,0.74818254,0.7541,0.7449718872814928,0.7541,0.7798351864115236,0.7541,0.7541,0.7541,0.7449718872814929,0.7541,0.7798351864115237,1.0435071,0.7958,0.7895326365902103,0.7958000000000001,0.8067545281448012,0.7958,0.7958,0.7958,0.7895326365902104,0.7958,0.8067545281448012
104,75,23,2029.4395006082657,1992.0606970869665,0.5833707,0.7982,0.8003550145548466,0.7981999999999999,0.8051689635298898,0.7981999999999999,0.7982,0.7982,0.8003550145548465,0.7982,0.8051689635298898,0.69218713,0.8322,0.8329153956254768,0.8321999999999999,0.8362507934236195,0.8322,0.8322,0.8322,0.832915395625477,0.8322,0.8362507934236195,0.83959657,0.7281,0.7155527744527945,0.7281000000000001,0.7654434477084476,0.7281,0.7281,0.7281,0.7155527744527946,0.7281,0.7654434477084477,1.0339712,0.8013,0.7948744687723459,0.8013,0.8127793061227315,0.8013,0.8013,0.8013,0.7948744687723458,0.8013,0.8127793061227315
105,75,23,2029.7122818296682,1991.1711931041323,0.5873543,0.7951,0.7960580452904,0.7951,0.7987104839950139,0.7951,0.7951,0.7951,0.7960580452903999,0.7951,0.7987104839950137,0.6875507,0.8319,0.8330288774775643,0.8319000000000001,0.8368267995130532,0.8319,0.8319,0.8319,0.8330288774775643,0.8319,0.8368267995130533,0.846901,0.7398,0.7138501669238007,0.7398,0.7654255461447061,0.7398,0.7398,0.7398,0.7138501669238005,0.7398,0.7654255461447061,1.0670832,0.7923,0.7846145991392659,0.7922999999999999,0.8034465926678649,0.7923000000000001,0.7923,0.7923,0.7846145991392659,0.7923,0.803446592667865
106,75,23,2029.8468417508582,1990.7324107524335,0.5963697,0.7973,0.8004729058953617,0.7973000000000001,0.8081873313294015,0.7973,0.7973,0.7973,0.8004729058953615,0.7973,0.8081873313294015,0.69518214,0.8319,0.8327322689876956,0.8318999999999999,0.8361686276326923,0.8319,0.8319,0.8319,0.8327322689876954,0.8319,0.8361686276326924,0.8692377,0.7417,0.7190248464940298,0.7417,0.7714121745035769,0.7417,0.7417,0.7417,0.7190248464940298,0.7417,0.7714121745035769,1.0934676,0.7953,0.7887173379819458,0.7953,0.8036288342205348,0.7953,0.7953,0.7953,0.7887173379819457,0.7953,0.8036288342205348
107,75,23,2029.7537753545732,1991.0358881316254,0.58520335,0.7952,0.7966861700687649,0.7952,0.8003358764951616,0.7952000000000001,0.7952,0.7952,0.7966861700687649,0.7952,0.8003358764951616,0.69939494,0.8317,0.8326582247027388,0.8317,0.83562205902606,0.8317,0.8317,0.8317,0.8326582247027389,0.8317,0.83562205902606,0.87475723,0.733,0.7101168940060474,0.7329999999999999,0.760841972556215,0.733,0.733,0.733,0.7101168940060474,0.733,0.7608419725562152,1.080604,0.7945,0.7881564104737906,0.7945,0.80468443984741,0.7945,0.7945,0.7945,0.7881564104737907,0.7945,0.8046844398474101
108,75,23,2029.8378488265805,1990.761735505515,0.6089081,0.7902,0.7910556624240116,0.7901999999999999,0.7967035006846184,0.7902,0.7902,0.7902,0.7910556624240116,0.7902,0.7967035006846185,0.6917437,0.8313,0.8322129152319026,0.8313,0.8362765130164899,0.8313000000000001,0.8313,0.8313,0.8322129152319024,0.8313,0.8362765130164899,0.84343225,0.7354,0.7173333425352235,0.7354,0.7651228726322614,0.7354000000000002,0.7354,0.7354,0.7173333425352236,0.7354,0.7651228726322613,1.0597324,0.8024,0.7962669526922012,0.8023999999999999,0.8126412277839903,0.8024,0.8024,0.8024,0.7962669526922013,0.8024,0.8126412277839903
109,75,23,2030.0714669210347,1989.999937371429,0.59693563,0.7874,0.7897803983216154,0.7874,0.7947871048174793,0.7874,0.7874,0.7874,0.7897803983216154,0.7874,0.7947871048174794,0.72325313,0.8279,0.82915384554918,0.8279,0.8330565837658869,0.8279,0.8279,0.8279,0.82915384554918,0.8279,0.8330565837658869,0.78468585,0.7473,0.7345226964110365,0.7473,0.775089452166189,0.7473000000000001,0.7473,0.7473,0.7345226964110364,0.7473,0.7750894521661889,1.2010931,0.7856,0.773926897639029,0.7856,0.7999557334370342,0.7856,0.7856,0.7856,0.7739268976390289,0.7856,0.7999557334370343
110,75,23,2030.1676549360689,1989.686280800666,0.62768406,0.7764,0.7814627030479486,0.7764,0.7966091516345817,0.7764,0.7764,0.7764,0.7814627030479486,0.7764,0.7966091516345817,0.70746845,0.83,0.831081428970094,0.8300000000000001,0.8348188886442223,0.83,0.83,0.83,0.8310814289700942,0.83,0.8348188886442224,0.9037635,0.7299,0.706986226993415,0.7299,0.7680788315558039,0.7299,0.7299,0.7299,0.7069862269934147,0.7299,0.7680788315558039,1.0344582,0.793,0.7864925042718027,0.7929999999999999,0.8079533931141972,0.793,0.793,0.793,0.7864925042718027,0.793,0.8079533931141971
111,75,23,2030.4327283893872,1988.8219108441972,0.6119636,0.7858,0.7885169214177823,0.7858,0.7939990366906706,0.7858,0.7858,0.7858,0.7885169214177823,0.7858,0.7939990366906704,0.7035917,0.8335,0.8347740257542163,0.8335000000000001,0.8390495809729328,0.8335,0.8335,0.8335,0.8347740257542163,0.8335,0.8390495809729327,0.7764428,0.7419,0.732534533386112,0.7419,0.7673508979787702,0.7419000000000001,0.7419,0.7419,0.7325345333861121,0.7419,0.7673508979787703,1.0595787,0.7943,0.787384087627252,0.7943,0.8070957212994875,0.7943,0.7943,0.7943,0.7873840876272519,0.7943,0.8070957212994874
112,75,23,2030.4123151098022,1988.8884758863237,0.60203594,0.7938,0.7967842598768345,0.7938,0.8033681850099027,0.7938,0.7938,0.7938,0.7967842598768345,0.7938,0.8033681850099027,0.6946804,0.8354,0.8363180413711897,0.8353999999999999,0.8394230033163467,0.8354,0.8354,0.8354,0.8363180413711896,0.8354,0.8394230033163467,0.72476536,0.7607,0.7558256999031195,0.7606999999999999,0.783217945092266,0.7607,0.7607,0.7607,0.7558256999031197,0.7607,0.783217945092266,1.0313364,0.8035,0.7968241483990675,0.8035,0.8131115498371754,0.8035,0.8035,0.8035,0.7968241483990673,0.8035,0.8131115498371755
113,75,23,2030.4932128483588,1988.6246789127777,0.59129447,0.7948,0.7974873436020575,0.7948000000000001,0.8037177724918365,0.7948,0.7948,0.7948,0.7974873436020575,0.7948,0.8037177724918364,0.69218475,0.8344,0.8355864254771508,0.8343999999999999,0.8391308176667753,0.8344,0.8344,0.8344,0.8355864254771508,0.8344,0.8391308176667751,0.7884309,0.7502,0.7329032554840238,0.7502,0.7766158048531637,0.7502,0.7502,0.7502,0.7329032554840238,0.7502,0.7766158048531638,1.0458473,0.795,0.7890025842352892,0.795,0.8121291367092933,0.795,0.795,0.795,0.7890025842352892,0.795,0.8121291367092932
114,75,23,2030.6397733267956,1988.1467643091771,0.59423244,0.7968,0.7980011405680901,0.7968000000000001,0.800952726893788,0.7968,0.7968,0.7968,0.79800114056809,0.7968,0.800952726893788,0.6878593,0.8326,0.8337207855992522,0.8326,0.8385160409186033,0.8326,0.8326,0.8326,0.8337207855992523,0.8326,0.8385160409186032,0.8135734,0.7411,0.7238977856665985,0.7411,0.7732578594347835,0.7411000000000001,0.7411,0.7411,0.7238977856665985,0.7411,0.7732578594347835,1.069689,0.7882,0.7827608030141854,0.7882,0.806626016373578,0.7882,0.7882,0.7882,0.7827608030141855,0.7882,0.8066260163735779
115,75,23,2030.6650053116493,1988.0644860976997,0.6103397,0.7868,0.7885118405022536,0.7868,0.7934245591042373,0.7868,0.7868,0.7868,0.7885118405022535,0.7868,0.7934245591042374,0.6900875,0.8345,0.835402873849542,0.8345,0.8382418391701659,0.8345,0.8345,0.8345,0.835402873849542,0.8345,0.838241839170166,0.8527882,0.7357,0.7160797266565229,0.7357,0.7734647652917277,0.7357,0.7357,0.7357,0.7160797266565231,0.7357,0.7734647652917277,1.1221404,0.7802,0.7739377921325745,0.7802,0.8010491186819862,0.7802,0.7802,0.7802,0.7739377921325746,0.7802,0.8010491186819862
116,75,23,2030.7067122968217,1987.9284850590984,0.6015542,0.7888,0.7912474467873494,0.7888000000000001,0.7978809211243403,0.7888,0.7888,0.7888,0.7912474467873495,0.7888,0.7978809211243402,0.68903756,0.8334,0.8345609153347228,0.8333999999999999,0.8386874920395426,0.8334,0.8334,0.8334,0.8345609153347228,0.8334,0.8386874920395426,0.86153895,0.7289,0.7121575015382426,0.7289000000000001,0.7709043417235207,0.7289,0.7289,0.7289,0.7121575015382426,0.7289,0.7709043417235208,0.9945051,0.8051,0.8009603334245471,0.8051,0.8158671349874803,0.8051,0.8051,0.8051,0.8009603334245469,0.8051,0.8158671349874801
117,75,23,2030.7431103632723,1987.809795711981,0.5982697,0.7914,0.7938003852251304,0.7914,0.800743512662265,0.7914,0.7914,0.7914,0.7938003852251304,0.7914,0.800743512662265,0.7022097,0.8323,0.8334904347482036,0.8323,0.8367803505474948,0.8323,0.8323,0.8323,0.8334904347482035,0.8323,0.8367803505474947,0.78305936,0.7459,0.7280240900047388,0.7459,0.767351086915354,0.7459,0.7459,0.7459,0.7280240900047387,0.7459,0.7673510869153539,1.0113928,0.8047,0.8010625807416647,0.8047000000000001,0.8152088886456867,0.8047,0.8047,0.8047,0.8010625807416646,0.8047,0.8152088886456869
118,75,23,2030.727703785867,1987.8600345513455,0.590723,0.7991,0.8016037878500575,0.7990999999999999,0.8066774783162133,0.7991,0.7991,0.7991,0.8016037878500574,0.7991,0.8066774783162133,0.68420017,0.8345,0.8356543450445411,0.8345,0.8386213658651565,0.8345,0.8345,0.8345,0.835654345044541,0.8345,0.8386213658651565,0.75085324,0.7586,0.7487556462499372,0.7586,0.7785028130886242,0.7586,0.7586,0.7586,0.7487556462499372,0.7586,0.7785028130886241,0.9103168,0.8116,0.8083554409070326,0.8116,0.8195276400693418,0.8115999999999999,0.8116,0.8116,0.8083554409070325,0.8116,0.8195276400693418
119,75,23,2030.9011092286883,1987.2945820204131,0.5934782,0.792,0.7938028852101849,0.792,0.7969454545977126,0.792,0.792,0.792,0.7938028852101849,0.792,0.7969454545977126,0.6923478,0.8293,0.8307012998730485,0.8292999999999999,0.8343951755086717,0.8293,0.8293,0.8293,0.8307012998730484,0.8293,0.8343951755086718,0.8036669,0.7441,0.7251552301712791,0.7441,0.7702793415520148,0.7441000000000001,0.7441,0.7441,0.725155230171279,0.7441,0.7702793415520147,1.0076189,0.8042,0.7997468100649496,0.8042,0.815428889563236,0.8042,0.8042,0.8042,0.7997468100649496,0.8042,0.815428889563236
120,75,23,2030.9659783127702,1987.0830523984082,0.6066696,0.7893,0.7921820526596173,0.7893,0.7988236214884056,0.7892999999999999,0.7893,0.7893,0.7921820526596174,0.7893,0.7988236214884056,0.68413216,0.8304,0.8312366333390621,0.8304,0.8348036546650777,0.8304000000000001,0.8304,0.8304,0.8312366333390623,0.8304,0.8348036546650776,0.7881349,0.7436,0.7262520541225755,0.7435999999999999,0.7654211072733552,0.7436,0.7436,0.7436,0.7262520541225755,0.7436,0.7654211072733551,0.93935174,0.8093,0.8044438850703994,0.8093,0.8179096785359015,0.8093,0.8093,0.8093,0.8044438850703994,0.8093,0.8179096785359014
121,75,23,2031.1786141224065,1986.3896747582914,0.59405035,0.7938,0.7950179447104658,0.7938,0.7983448266607989,0.7938,0.7938,0.7938,0.7950179447104658,0.7938,0.798344826660799,0.68843216,0.8296,0.8306923421503907,0.8295999999999999,0.8341135331955783,0.8296,0.8296,0.8296,0.8306923421503907,0.8296,0.8341135331955782,0.7611244,0.7513,0.741522952821258,0.7513,0.7801199463291442,0.7513,0.7513,0.7513,0.741522952821258,0.7513,0.7801199463291442,0.90083313,0.8113,0.8095107997760069,0.8112999999999999,0.8209818170064302,0.8113,0.8113,0.8113,0.8095107997760069,0.8113,0.8209818170064304
122,75,23,2031.210655427154,1986.285192242814,0.59081084,0.7946,0.7974877648039606,0.7946000000000001,0.8028875699972146,0.7946000000000001,0.7946,0.7946,0.7974877648039607,0.7946,0.8028875699972143,0.7205369,0.8317,0.8329566657077521,0.8317,0.836652001283,0.8317,0.8317,0.8317,0.8329566657077521,0.8317,0.8366520012829999,0.70533687,0.7582,0.7551733010369202,0.7582,0.7776635709649377,0.7582,0.7582,0.7582,0.7551733010369203,0.7582,0.7776635709649375,0.9932455,0.8071,0.8024873484628927,0.8070999999999999,0.8170156075490956,0.8071,0.8071,0.8071,0.8024873484628928,0.8071,0.8170156075490957
123,75,23,2031.4143537202442,1985.6209586783923,0.5951114,0.7959,0.7987512002155989,0.7958999999999999,0.8043247282217967,0.7959,0.7959,0.7959,0.7987512002155988,0.7959,0.8043247282217967,0.7082019,0.8315,0.8324475683941405,0.8314999999999999,0.8364028833166675,0.8315,0.8315,0.8315,0.8324475683941406,0.8315,0.8364028833166676,0.77685285,0.748,0.734229375078106,0.748,0.7748450635923056,0.748,0.748,0.748,0.734229375078106,0.748,0.7748450635923056,1.0028089,0.8064,0.8007587658635776,0.8064,0.8171984921310352,0.8064,0.8064,0.8064,0.8007587658635775,0.8064,0.8171984921310353
124,75,23,2031.4665864102685,1985.4506346891867,0.59166926,0.7965,0.798421147025541,0.7965,0.8023977699653846,0.7965,0.7965,0.7965,0.7984211470255409,0.7965,0.8023977699653845,0.70391756,0.8258,0.8271352266153835,0.8257999999999999,0.8316742779058481,0.8258000000000001,0.8258,0.8258,0.8271352266153834,0.8258,0.831674277905848,0.7826956,0.7509,0.7352984141463413,0.7508999999999999,0.7776440036189528,0.7509,0.7509,0.7509,0.7352984141463415,0.7509,0.7776440036189529,0.9794204,0.8017,0.7963973083103633,0.8017000000000001,0.8111323911073809,0.8017,0.8017,0.8017,0.7963973083103633,0.8017,0.811132391107381
125,75,23,2031.7020751263046,1984.682736702118,0.5939845,0.792,0.7942857314276868,0.792,0.799188368325171,0.792,0.792,0.792,0.7942857314276868,0.792,0.799188368325171,0.7088528,0.834,0.8350905464722469,0.834,0.838405281885116,0.834,0.834,0.834,0.8350905464722468,0.834,0.838405281885116,0.78538775,0.7499,0.7337847852508439,0.7498999999999999,0.7730196980095548,0.7499000000000001,0.7499,0.7499,0.733784785250844,0.7499,0.773019698009555,0.9438086,0.8119,0.8085311138266092,0.8119,0.818754667061607,0.8119000000000001,0.8119,0.8119,0.8085311138266094,0.8119,0.8187546670616069
126,75,23,2031.7195703915968,1984.6256869239917,0.5954378,0.7971,0.7999140694734569,0.7971,0.8054686729040628,0.7970999999999999,0.7971,0.7971,0.799914069473457,0.7971,0.8054686729040628,0.7121528,0.829,0.8298538059027892,0.829,0.8318996784285024,0.8289999999999998,0.829,0.829,0.8298538059027892,0.829,0.8318996784285025,0.7302508,0.7588,0.7493180360821475,0.7588000000000001,0.779066299086964,0.7588,0.7588,0.7588,0.7493180360821476,0.7588,0.779066299086964,0.9628952,0.8039,0.7990753067538388,0.8039000000000002,0.8112604809568962,0.8039000000000001,0.8039,0.8039,0.7990753067538389,0.8039,0.8112604809568963
127,75,23,2031.8634786579526,1984.1564208380523,0.59522957,0.7944,0.7968567705019725,0.7944,0.8018022139759442,0.7944,0.7944,0.7944,0.7968567705019722,0.7944,0.8018022139759441,0.70550364,0.8292,0.8305477462272618,0.8291999999999998,0.8345411980321827,0.8292,0.8292,0.8292,0.8305477462272617,0.8292,0.8345411980321827,0.7076952,0.7586,0.7497539544481172,0.7586,0.7729067470152934,0.7586,0.7586,0.7586,0.7497539544481173,0.7586,0.7729067470152935,1.0221164,0.8018,0.7961274835090568,0.8017999999999998,0.8119043411686434,0.8018,0.8018,0.8018,0.7961274835090567,0.8018,0.8119043411686434
128,75,23,2031.8084184697984,1984.335964929859,0.6041962,0.7934,0.7956809365017747,0.7934,0.7996413434062265,0.7933999999999999,0.7934,0.7934,0.7956809365017747,0.7934,0.7996413434062266,0.6949086,0.8341,0.8349502942185308,0.8341000000000001,0.8373277316073032,0.8341,0.8341,0.8341,0.8349502942185308,0.8341,0.8373277316073034,0.72385526,0.7645,0.7558700296978451,0.7645000000000001,0.7806343677103118,0.7645,0.7645,0.7645,0.7558700296978451,0.7645,0.7806343677103118,1.0216743,0.8009,0.7943838627899057,0.8008999999999998,0.8140017224717522,0.8008999999999998,0.8009,0.8009,0.7943838627899057,0.8009,0.8140017224717523
129,75,23,2031.7883519799843,1984.401399135777,0.5949168,0.7941,0.7961843368343974,0.7941,0.8025759338458205,0.7941,0.7941,0.7941,0.7961843368343975,0.7941,0.8025759338458207,0.6838627,0.8358,0.8366742885304923,0.8358000000000001,0.8390312934061115,0.8358,0.8358,0.8358,0.8366742885304922,0.8358,0.8390312934061116,0.8507992,0.7414,0.7190942447087245,0.7414,0.7695227828409201,0.7414,0.7414,0.7414,0.7190942447087244,0.7414,0.7695227828409201,0.9978912,0.8046,0.7991656486606551,0.8046,0.8183393233383311,0.8046,0.8046,0.8046,0.7991656486606551,0.8046,0.8183393233383311
130,75,23,2031.9318786913211,1983.9333772509924,0.56469864,0.8083,0.8091594945918006,0.8083,0.8117625454981514,0.8083,0.8083,0.8083,0.8091594945918007,0.8083,0.8117625454981513,0.70253956,0.8329,0.8339752645229043,0.8329000000000001,0.8370687293620989,0.8329000000000001,0.8329,0.8329,0.833975264522904,0.8329,0.837068729362099,0.75202996,0.7673,0.7531338750295923,0.7672999999999999,0.7926378832948517,0.7673,0.7673,0.7673,0.7531338750295923,0.7673,0.7926378832948517,1.0444816,0.7983,0.7920898305903105,0.7983,0.8113938825825893,0.7983,0.7983,0.7983,0.7920898305903105,0.7983,0.811393882582589
131,75,23,2032.0163322276674,1983.657985284648,0.607932,0.7911,0.7932032223565457,0.7910999999999999,0.796637360720434,0.7911000000000001,0.7911,0.7911,0.7932032223565456,0.7911,0.7966373607204339,0.7018674,0.8325,0.8335500702808419,0.8324999999999999,0.8365059814919658,0.8325,0.8325,0.8325,0.8335500702808418,0.8325,0.8365059814919658,0.836399,0.7384,0.7205707939611099,0.7384000000000001,0.7706643811461731,0.7384,0.7384,0.7384,0.7205707939611099,0.7384,0.7706643811461731,1.1094195,0.79,0.7810217885002814,0.7899999999999999,0.8062648591782621,0.79,0.79,0.79,0.7810217885002813,0.79,0.8062648591782621
132,75,23,2031.880452958415,1984.1010698583018,0.5970082,0.7942,0.7957025590346802,0.7942,0.7995253153926719,0.7942,0.7942,0.7942,0.7957025590346801,0.7942,0.7995253153926719,0.70486563,0.8328,0.8342915735820562,0.8328,0.8384537338576983,0.8327999999999999,0.8328,0.8328,0.8342915735820561,0.8328,0.8384537338576984,0.8173632,0.7414,0.7283957622059466,0.7414,0.7746436396302898,0.7414,0.7414,0.7414,0.7283957622059466,0.7414,0.7746436396302897,1.065434,0.796,0.7877154763899001,0.796,0.8104666865208283,0.796,0.796,0.796,0.7877154763899001,0.796,0.8104666865208283
133,75,23,2032.150810760432,1983.2194683299865,0.5981889,0.7907,0.7923067714572734,0.7907000000000001,0.7977724607230428,0.7907,0.7907,0.7907,0.7923067714572734,0.7907,0.7977724607230426,0.70510006,0.8303,0.8312655096068416,0.8303,0.834771727629328,0.8303,0.8303,0.8303,0.8312655096068416,0.8303,0.8347717276293283,0.86859816,0.7337,0.7084152023642611,0.7337,0.7654305423212777,0.7337,0.7337,0.7337,0.7084152023642613,0.7337,0.7654305423212777,1.1122942,0.7902,0.7812286773132687,0.7902,0.8036237105165682,0.7902,0.7902,0.7902,0.7812286773132687,0.7902,0.8036237105165682
134,75,23,2032.1206260747947,1983.3178966527203,0.5944174,0.7962,0.7979147117855078,0.7962,0.8024176345537418,0.7962,0.7962,0.7962,0.7979147117855077,0.7962,0.8024176345537419,0.7085738,0.8299,0.8310507796165613,0.8299,0.8343766106759679,0.8298999999999999,0.8299,0.8299,0.8310507796165614,0.8299,0.834376610675968,0.8171823,0.7462,0.7288279352608825,0.7462,0.7724607933379233,0.7461999999999999,0.7462,0.7462,0.7288279352608824,0.7462,0.7724607933379232,1.0400869,0.797,0.7910096123903994,0.7969999999999999,0.8073845627448873,0.797,0.797,0.797,0.7910096123903992,0.797,0.8073845627448873
135,75,23,2032.2553291232423,1982.8786475816978,0.5777975,0.8015,0.8028295759344862,0.8015000000000001,0.8047711136865769,0.8015,0.8015,0.8015,0.8028295759344862,0.8015,0.8047711136865769,0.68918663,0.8319,0.8327364591717545,0.8318999999999999,0.8349716920067332,0.8319,0.8319,0.8319,0.8327364591717545,0.8319,0.834971692006733,0.7098194,0.766,0.7591486068570801,0.766,0.781994152427145,0.766,0.766,0.766,0.75914860685708,0.766,0.781994152427145,1.0043924,0.7984,0.792032154603209,0.7984000000000001,0.8098949360953188,0.7984,0.7984,0.7984,0.7920321546032087,0.7984,0.8098949360953187
136,75,23,2032.4396129247414,1982.2777221420354,0.58878773,0.7986,0.8004329657411787,0.7986000000000001,0.8046019925869802,0.7986,0.7986,0.7986,0.8004329657411786,0.7986,0.8046019925869802,0.66976416,0.8338,0.8347698605050085,0.8337999999999999,0.8384323737756805,0.8338,0.8338,0.8338,0.8347698605050083,0.8338,0.8384323737756804,0.7460827,0.7585,0.745711150374458,0.7585,0.7794983058554223,0.7585,0.7585,0.7585,0.745711150374458,0.7585,0.7794983058554223,1.0484506,0.7974,0.7895271818358776,0.7974,0.8118794348270546,0.7974,0.7974,0.7974,0.7895271818358774,0.7974,0.8118794348270545
137,75,23,2032.5886532376985,1981.7917211215251,0.59829074,0.7935,0.7954922931201344,0.7935000000000001,0.8004551693138975,0.7935,0.7935,0.7935,0.7954922931201343,0.7935,0.8004551693138975,0.673761,0.8358,0.8368135059496007,0.8358000000000001,0.8401646496494605,0.8358,0.8358,0.8358,0.8368135059496008,0.8358,0.8401646496494606,0.8338411,0.7399,0.7193250151777908,0.7399,0.7647384524324945,0.7399,0.7399,0.7399,0.7193250151777907,0.7399,0.7647384524324946,1.0707994,0.7968,0.7880418515842479,0.7968,0.8104321481967357,0.7968,0.7968,0.7968,0.7880418515842478,0.7968,0.8104321481967356
138,75,23,2032.7883801160272,1981.1404378226312,0.5808948,0.7966,0.7985789592527812,0.7966,0.8017594659238221,0.7966,0.7966,0.7966,0.7985789592527812,0.7966,0.8017594659238221,0.67945325,0.8331,0.8344350469614138,0.8331,0.8380081084656503,0.8331,0.8331,0.8331,0.8344350469614137,0.8331,0.8380081084656503,0.78686863,0.7549,0.7392487729455789,0.7549,0.7771868995020492,0.7549,0.7549,0.7549,0.7392487729455788,0.7549,0.7771868995020493,0.99510235,0.8055,0.8017056795738741,0.8055,0.8136244279993626,0.8054999999999999,0.8055,0.8055,0.8017056795738741,0.8055,0.8136244279993625
139,75,23,2032.7530860657532,1981.2555271170024,0.5959896,0.7931,0.7964391734101806,0.7931,0.8041068090082002,0.7931,0.7931,0.7931,0.7964391734101806,0.7931,0.8041068090082,0.71282953,0.8324,0.8334682476475963,0.8324,0.8366760075015192,0.8324,0.8324,0.8324,0.8334682476475962,0.8324,0.8366760075015193,0.75034326,0.7538,0.7447398761556373,0.7538,0.7824112107323129,0.7537999999999999,0.7538,0.7538,0.7447398761556372,0.7538,0.7824112107323129,0.9944478,0.8077,0.8033821844851744,0.8077000000000002,0.8153406187650918,0.8077,0.8077,0.8077,0.8033821844851745,0.8077,0.8153406187650919
140,75,23,2032.7634267441963,1981.2218075133892,0.6138587,0.7887,0.790957392533179,0.7887,0.79772736664222,0.7887,0.7887,0.7887,0.7909573925331789,0.7887,0.7977273666422199,0.70472205,0.8289,0.8300161280996715,0.8289,0.8342193592516779,0.8289,0.8289,0.8289,0.8300161280996714,0.8289,0.8342193592516778,0.79880464,0.746,0.7351752821717499,0.7460000000000001,0.7734373660141454,0.746,0.746,0.746,0.73517528217175,0.746,0.7734373660141455,1.0281544,0.8001,0.7951989638027619,0.8000999999999999,0.8088107679052694,0.8000999999999999,0.8001,0.8001,0.7951989638027618,0.8001,0.8088107679052696
141,75,23,2032.9731060370175,1980.5380706889782,0.593266,0.793,0.7955183965254766,0.7929999999999999,0.8019837975833927,0.793,0.793,0.793,0.7955183965254767,0.793,0.8019837975833927,0.69405687,0.8348,0.8357058714663677,0.8348000000000001,0.8385413681986165,0.8348,0.8348,0.8348,0.8357058714663678,0.8348,0.8385413681986165,0.7258013,0.7604,0.7527454293374605,0.7604,0.7786025906051057,0.7604,0.7604,0.7604,0.7527454293374605,0.7604,0.7786025906051058,1.0305619,0.805,0.7987908966694007,0.805,0.8139004910955971,0.805,0.805,0.805,0.7987908966694006,0.805,0.8139004910955971
142,75,23,2032.8967008784364,1980.787217945217,0.60206866,0.7905,0.7932227511729177,0.7905,0.7998891063269917,0.7905,0.7905,0.7905,0.7932227511729176,0.7905,0.7998891063269917,0.69138193,0.8364,0.8373058986419132,0.8364,0.8404620819073138,0.8364,0.8364,0.8364,0.837305898641913,0.8364,0.8404620819073138,0.8105809,0.7401,0.725430516720071,0.7401,0.7670194640517578,0.7401,0.7401,0.7401,0.7254305167200711,0.7401,0.7670194640517578,1.0856078,0.7956,0.7889132429310032,0.7956,0.8065621628543365,0.7956,0.7956,0.7956,0.7889132429310033,0.7956,0.8065621628543364
143,75,23,2032.9501910048305,1980.6127936200282,0.5911824,0.7984,0.8001107727751743,0.7984,0.8040402814298938,0.7984,0.7984,0.7984,0.8001107727751742,0.7984,0.8040402814298938,0.6916761,0.8316,0.8326551083772905,0.8315999999999999,0.8361483254341937,0.8316,0.8316,0.8316,0.8326551083772905,0.8316,0.8361483254341938,0.8613372,0.7453,0.7234435308680276,0.7453000000000001,0.769794743673085,0.7453,0.7453,0.7453,0.7234435308680277,0.7453,0.7697947436730849,1.026365,0.7961,0.7905243922187392,0.7961,0.8089793801044738,0.7961,0.7961,0.7961,0.7905243922187392,0.7961,0.808979380104474
144,75,23,2033.0720545624467,1980.2154124538856,0.5776366,0.8019,0.8031424040038354,0.8019000000000001,0.8083473679871049,0.8019,0.8019,0.8019,0.8031424040038354,0.8019,0.8083473679871049,0.7041136,0.8307,0.8315352569234233,0.8307,0.8349103873539983,0.8307,0.8307,0.8307,0.8315352569234233,0.8307,0.8349103873539981,0.83892834,0.744,0.7256297856474663,0.744,0.7743380206539835,0.744,0.744,0.744,0.725629785647466,0.744,0.7743380206539836,1.094925,0.7966,0.790205265882035,0.7966,0.8078119802903817,0.7966,0.7966,0.7966,0.7902052658820349,0.7966,0.8078119802903818
145,75,23,2033.1515361602108,1979.9562333307479,0.6040073,0.7897,0.7934978708537276,0.7897000000000001,0.8029552183939153,0.7897,0.7897,0.7897,0.7934978708537277,0.7897,0.8029552183939151,0.6908505,0.8283,0.8296065738181587,0.8282999999999999,0.833563206906217,0.8283,0.8283,0.8283,0.8296065738181587,0.8283,0.8335632069062169,0.79489446,0.7528,0.7359659722003926,0.7528,0.7745989325784951,0.7528,0.7528,0.7528,0.7359659722003926,0.7528,0.7745989325784951,1.0883194,0.7934,0.7860048799298025,0.7933999999999999,0.8048626873201729,0.7933999999999999,0.7934,0.7934,0.7860048799298025,0.7934,0.8048626873201727
146,75,23,2033.3461465211856,1979.321634327573,0.59400225,0.7994,0.8014373886627257,0.7994,0.8064605293395312,0.7994,0.7994,0.7994,0.8014373886627256,0.7994,0.8064605293395312,0.7143841,0.8337,0.8346120777488268,0.8337,0.8372543917062212,0.8337,0.8337,0.8337,0.8346120777488267,0.8337,0.8372543917062212,0.86177343,0.7408,0.7127986195678178,0.7407999999999999,0.7700527122148355,0.7408,0.7408,0.7408,0.7127986195678176,0.7408,0.7700527122148355,1.0377305,0.8004,0.7947018855734177,0.8004,0.8095305453305729,0.8004,0.8004,0.8004,0.7947018855734178,0.8004,0.8095305453305729
147,75,23,2033.4116618290152,1979.107997454221,0.6124655,0.7919,0.7947106177538891,0.7919,0.8018090646016756,0.7919,0.7919,0.7919,0.7947106177538892,0.7919,0.8018090646016754,0.70319265,0.8327,0.8338172332112317,0.8327,0.8376400032883169,0.8327000000000001,0.8327,0.8327,0.8338172332112317,0.8327,0.8376400032883168,0.75545555,0.7555,0.7462843813044575,0.7555000000000001,0.7761341177018227,0.7554999999999998,0.7555,0.7555,0.7462843813044574,0.7555,0.7761341177018226,0.99902517,0.7992,0.7935204381227351,0.7992,0.8105465626039441,0.7992,0.7992,0.7992,0.7935204381227351,0.7992,0.8105465626039441
148,75,23,2033.3150543858576,1979.42302172539,0.59167606,0.7962,0.7982051705418408,0.7962,0.8017783023935173,0.7962,0.7962,0.7962,0.7982051705418409,0.7962,0.8017783023935174,0.69808966,0.8307,0.831690208953151,0.8307,0.8356746884429027,0.8307,0.8307,0.8307,0.8316902089531509,0.8307,0.8356746884429027,0.74933684,0.7519,0.7437667341028256,0.7518999999999999,0.7766944161891114,0.7519000000000001,0.7519,0.7519,0.7437667341028255,0.7519,0.7766944161891114,1.0949799,0.7929,0.7855600164687133,0.7928999999999999,0.8015536744917334,0.7928999999999999,0.7929,0.7929,0.7855600164687133,0.7929,0.8015536744917333
149,75,23,2033.5497906598605,1978.6575773536447,0.604725,0.7888,0.7913073904882642,0.7888,0.7972849528119712,0.7888,0.7888,0.7888,0.7913073904882642,0.7888,0.7972849528119712,0.70690984,0.8332,0.8341490516611512,0.8332,0.8376696582049121,0.8332,0.8332,0.8332,0.8341490516611509,0.8332,0.837669658204912,0.78350383,0.7481,0.7362008730142613,0.7481,0.7710020446209225,0.7481000000000001,0.7481,0.7481,0.7362008730142612,0.7481,0.7710020446209225,1.039061,0.803,0.7966720003930011,0.8029999999999999,0.8096899179661163,0.803,0.803,0.803,0.796672000393001,0.803,0.8096899179661163
150,75,23,2033.7384625261602,1978.0423430070166,0.5985057,0.7925,0.7946232118241322,0.7925,0.7999794913027092,0.7925,0.7925,0.7925,0.7946232118241322,0.7925,0.7999794913027092,0.6945408,0.8326,0.8338470273874817,0.8326,0.8374246773814882,0.8326,0.8326,0.8326,0.8338470273874816,0.8326,0.8374246773814881,0.77901363,0.7533,0.7386555908139789,0.7533000000000001,0.776184877179434,0.7533,0.7533,0.7533,0.7386555908139789,0.7533,0.7761848771794339,1.0014215,0.8,0.7958023532203665,0.8,0.8078542502494808,0.8000000000000002,0.8,0.8,0.7958023532203664,0.8,0.8078542502494808
151,75,23,2033.7667527478825,1977.950092284019,0.60237193,0.7883,0.7911345119923108,0.7882999999999999,0.7973170414274453,0.7883,0.7883,0.7883,0.791134511992311,0.7883,0.7973170414274453,0.698704,0.8342,0.8353013912806866,0.8342,0.8382977806091393,0.8342,0.8342,0.8342,0.8353013912806864,0.8342,0.8382977806091394,0.8637629,0.7326,0.7131893285587203,0.7326,0.76093020049715,0.7326,0.7326,0.7326,0.7131893285587203,0.7326,0.76093020049715,1.0216318,0.7998,0.7970417404804093,0.7998000000000001,0.8110075394628881,0.7998,0.7998,0.7998,0.7970417404804094,0.7998,0.8110075394628881
152,75,23,2033.8750955109317,1977.59680066538,0.5963918,0.7991,0.8016645027591605,0.7990999999999999,0.8079375293025997,0.7991,0.7991,0.7991,0.8016645027591605,0.7991,0.8079375293025997,0.7027095,0.8301,0.8311278308099102,0.8301000000000001,0.8341961966721263,0.8301,0.8301,0.8301,0.8311278308099103,0.8301,0.8341961966721263,0.8176116,0.7481,0.7327463410803772,0.7481,0.7781685551528408,0.7481000000000001,0.7481,0.7481,0.7327463410803772,0.7481,0.7781685551528408,1.0260968,0.797,0.793769980922866,0.797,0.8120819610333724,0.797,0.797,0.797,0.793769980922866,0.797,0.8120819610333723
153,75,23,2033.8999662617537,1977.5157003909633,0.59685487,0.7954,0.7968043223742984,0.7954000000000001,0.8017146108038933,0.7953999999999999,0.7954,0.7954,0.7968043223742984,0.7954,0.8017146108038933,0.7063245,0.8326,0.8336467705559384,0.8326,0.8376786005495938,0.8326,0.8326,0.8326,0.8336467705559386,0.8326,0.8376786005495936,0.8456794,0.7459,0.7249780203283029,0.7459,0.7759059914408356,0.7459,0.7459,0.7459,0.7249780203283029,0.7459,0.7759059914408355,1.0628785,0.7949,0.788894560514185,0.7948999999999999,0.8088551223806035,0.7949,0.7949,0.7949,0.7888945605141852,0.7949,0.8088551223806035
154,75,23,2033.8447076064872,1977.6958916581382,0.60246223,0.7952,0.7977839376575045,0.7952,0.8047432904991014,0.7952000000000001,0.7952,0.7952,0.7977839376575045,0.7952,0.8047432904991014,0.7033411,0.8339,0.8353121690643525,0.8339000000000001,0.839577105748796,0.8339,0.8339,0.8339,0.8353121690643524,0.8339,0.8395771057487958,0.82903713,0.7378,0.7162513039311185,0.7377999999999999,0.7675256163631924,0.7378,0.7378,0.7378,0.7162513039311186,0.7378,0.7675256163631924,1.0910336,0.798,0.7903088529660225,0.798,0.807807886333568,0.798,0.798,0.798,0.7903088529660225,0.798,0.8078078863335679
155,75,23,2034.0345673972208,1977.0767836448779,0.5829456,0.8018,0.8039046593755661,0.8017999999999998,0.8088645382012597,0.8018,0.8018,0.8018,0.803904659375566,0.8018,0.8088645382012595,0.7005217,0.834,0.8352230923311759,0.834,0.8386881808451886,0.834,0.834,0.834,0.835223092331176,0.834,0.8386881808451888,0.7904856,0.7465,0.7335423327598897,0.7464999999999999,0.7708212275221685,0.7465,0.7465,0.7465,0.7335423327598897,0.7465,0.7708212275221685,1.0529337,0.7992,0.7935274295018231,0.7992000000000001,0.8116181630759816,0.7992,0.7992,0.7992,0.7935274295018231,0.7992,0.8116181630759814
156,75,23,2034.137768977728,1976.7402567519248,0.6070153,0.7906,0.7926565577831053,0.7906000000000001,0.7980675038219237,0.7906,0.7906,0.7906,0.7926565577831053,0.7906,0.7980675038219238,0.70155907,0.8338,0.8349487865241878,0.8337999999999999,0.8384988208442851,0.8338,0.8338,0.8338,0.8349487865241877,0.8338,0.8384988208442852,0.8712828,0.7311,0.7126046675734413,0.7310999999999999,0.7672112945290411,0.7311000000000001,0.7311,0.7311,0.7126046675734414,0.7311,0.7672112945290414,1.0737971,0.7968,0.7930653443591227,0.7968,0.8123938597927441,0.7968,0.7968,0.7968,0.7930653443591227,0.7968,0.812393859792744
157,75,23,2034.2343691055535,1976.425256335103,0.59059143,0.7973,0.7996660897568186,0.7973,0.8049868514523076,0.7973,0.7973,0.7973,0.7996660897568186,0.7973,0.8049868514523075,0.71970457,0.83,0.8314260910335799,0.8300000000000001,0.8354408832980139,0.83,0.83,0.83,0.8314260910335799,0.83,0.835440883298014,0.7965643,0.751,0.7366262290714662,0.751,0.7779467636884212,0.751,0.751,0.751,0.7366262290714662,0.751,0.7779467636884211,1.1044408,0.7872,0.7806756240184585,0.7872,0.7997796991133199,0.7872,0.7872,0.7872,0.7806756240184586,0.7872,0.7997796991133199
158,75,23,2034.3959678554643,1975.8983038897488,0.59569806,0.798,0.7999084704165685,0.798,0.8040944126286383,0.798,0.798,0.798,0.7999084704165685,0.798,0.8040944126286383,0.7349452,0.8308,0.8319538709121005,0.8308,0.8355445574252895,0.8308,0.8308,0.8308,0.8319538709121005,0.8308,0.8355445574252895,0.76962525,0.7488,0.74087647219479,0.7488,0.7736244552592698,0.7488,0.7488,0.7488,0.7408764721947901,0.7488,0.7736244552592698,1.0866712,0.793,0.7884491802710022,0.7929999999999999,0.8063205117273256,0.793,0.793,0.793,0.7884491802710022,0.793,0.8063205117273258
159,75,23,2034.4894958976354,1975.593321143542,0.5830635,0.7975,0.8002141313021177,0.7975,0.8055233680218707,0.7975,0.7975,0.7975,0.8002141313021177,0.7975,0.8055233680218707,0.7173958,0.8318,0.8329687988287755,0.8318,0.8359316135311043,0.8318,0.8318,0.8318,0.8329687988287755,0.8318,0.8359316135311045,0.77554256,0.7502,0.7388558652882262,0.7502,0.7788657487047587,0.7502,0.7502,0.7502,0.7388558652882261,0.7502,0.7788657487047587,1.0941697,0.7973,0.791273685392669,0.7973,0.8074264573653414,0.7973,0.7973,0.7973,0.7912736853926688,0.7973,0.8074264573653415
160,75,23,2034.4430062636352,1975.744917776155,0.6014953,0.7895,0.7925289783395633,0.7895,0.7988690669985166,0.7895,0.7895,0.7895,0.7925289783395633,0.7895,0.7988690669985166,0.704542,0.8324,0.8336608968326764,0.8324,0.8379837235760297,0.8324,0.8324,0.8324,0.8336608968326765,0.8324,0.8379837235760297,0.8135203,0.742,0.7289088615117398,0.742,0.7713539083702513,0.7419999999999999,0.742,0.742,0.7289088615117398,0.742,0.7713539083702513,1.077142,0.796,0.7897222319961769,0.7959999999999999,0.8104443042952958,0.796,0.796,0.796,0.7897222319961766,0.796,0.8104443042952959
161,75,23,2034.5386850168334,1975.4329218418184,0.5996227,0.7902,0.7934656241422199,0.7902,0.8012239825192646,0.7902,0.7902,0.7902,0.7934656241422199,0.7902,0.8012239825192645,0.70638156,0.8338,0.834812275841576,0.8337999999999999,0.8382117885270418,0.8338,0.8338,0.8338,0.8348122758415759,0.8338,0.8382117885270418,0.7512869,0.7581,0.7499314089673603,0.7581,0.7792363564304557,0.7581000000000001,0.7581,0.7581,0.7499314089673603,0.7581,0.7792363564304557,1.1211324,0.7945,0.7869383930453127,0.7945,0.812625687837477,0.7945,0.7945,0.7945,0.7869383930453127,0.7945,0.8126256878374771
162,75,23,2034.6843758162763,1974.9578431479854,0.58789325,0.7954,0.797397804680218,0.7954,0.8017529245450747,0.7953999999999999,0.7954,0.7954,0.797397804680218,0.7954,0.8017529245450747,0.7164359,0.8301,0.8317459135382407,0.8301000000000001,0.8367583537803263,0.8301,0.8301,0.8301,0.8317459135382407,0.8301,0.8367583537803265,0.77939904,0.7549,0.7394257117505763,0.7549,0.7756632535765876,0.7549,0.7549,0.7549,0.7394257117505763,0.7549,0.7756632535765874,1.103147,0.7925,0.785244570444067,0.7925,0.8072453919198568,0.7925,0.7925,0.7925,0.785244570444067,0.7925,0.8072453919198566
163,75,23,2034.6993628210007,1974.9089724804094,0.589301,0.7945,0.7977585442400701,0.7945,0.8046198794980459,0.7945,0.7945,0.7945,0.7977585442400701,0.7945,0.8046198794980458,0.7369351,0.8264,0.8278461512202302,0.8264000000000001,0.8325414635932142,0.8264,0.8264,0.8264,0.8278461512202301,0.8264,0.8325414635932142,0.78565234,0.7461,0.730790618385768,0.7461,0.7735533649493254,0.7461000000000001,0.7461,0.7461,0.7307906183857681,0.7461,0.7735533649493255,1.1624355,0.7797,0.7718484298965032,0.7797,0.7977224372200258,0.7797,0.7797,0.7797,0.7718484298965032,0.7797,0.7977224372200257
164,75,23,2034.8756273575748,1974.3341968176721,0.5968035,0.7922,0.7945273844274766,0.7922,0.7990469097279798,0.7922,0.7922,0.7922,0.7945273844274766,0.7922,0.7990469097279796,0.72433,0.8315,0.833140853583431,0.8314999999999999,0.8384080409956102,0.8315,0.8315,0.8315,0.833140853583431,0.8315,0.8384080409956101,0.86754084,0.7279,0.7095457052690755,0.7279,0.766449562225376,0.7279,0.7279,0.7279,0.7095457052690756,0.7279,0.766449562225376,1.1038415,0.787,0.7792047554060362,0.787,0.8101892679517386,0.787,0.787,0.787,0.7792047554060362,0.787,0.8101892679517385
165,75,23,2035.0639937695546,1973.7199585177418,0.62533134,0.7881,0.7912006729459001,0.7881,0.7986529874584565,0.7881000000000001,0.7881,0.7881,0.7912006729459002,0.7881,0.7986529874584566,0.72388965,0.8267,0.8281811119661047,0.8267,0.8329602937708339,0.8267,0.8267,0.8267,0.8281811119661048,0.8267,0.8329602937708339,0.8082008,0.7364,0.7290716764771602,0.7363999999999999,0.777255970280799,0.7363999999999999,0.7364,0.7364,0.7290716764771602,0.7364,0.777255970280799,1.1118456,0.7905,0.7825137582363457,0.7905,0.8044543382998592,0.7905,0.7905,0.7905,0.7825137582363457,0.7905,0.8044543382998592
166,75,23,2035.183318919328,1973.3308547684849,0.61656684,0.7871,0.7897170328325451,0.7871,0.7958878206460449,0.7871000000000001,0.7871,0.7871,0.789717032832545,0.7871,0.7958878206460449,0.7188299,0.8242,0.8258736796764581,0.8242,0.8302726204061649,0.8242,0.8242,0.8242,0.8258736796764581,0.8242,0.830272620406165,0.84907126,0.7348,0.7173707267554682,0.7348000000000001,0.7686311385655149,0.7348,0.7348,0.7348,0.7173707267554682,0.7348,0.7686311385655149,1.14561,0.7888,0.780734069780071,0.7888,0.8010467390081442,0.7888,0.7888,0.7888,0.780734069780071,0.7888,0.8010467390081442
167,75,23,2035.30169682813,1972.9448398484778,0.5941921,0.7935,0.7955579677861004,0.7935,0.7997638979578869,0.7935,0.7935,0.7935,0.7955579677861003,0.7935,0.799763897957887,0.70357937,0.8275,0.8289731761832879,0.8275,0.8337931030225461,0.8275,0.8275,0.8275,0.828973176183288,0.8275,0.8337931030225462,0.86419415,0.7359,0.7170462195913571,0.7358999999999999,0.7666869736733812,0.7359,0.7359,0.7359,0.717046219591357,0.7359,0.7666869736733812,1.1484451,0.7912,0.78134833059822,0.7912000000000001,0.8042824466799079,0.7912,0.7912,0.7912,0.7813483305982201,0.7912,0.8042824466799079
168,75,23,2035.363952436962,1972.7418324283797,0.6093857,0.7871,0.7902882865456868,0.7870999999999999,0.797360007233378,0.7871000000000001,0.7871,0.7871,0.7902882865456868,0.7871,0.797360007233378,0.7031714,0.8312,0.8323279721874808,0.8311999999999999,0.835786057522052,0.8312,0.8312,0.8312,0.8323279721874808,0.8312,0.835786057522052,0.76112634,0.7488,0.7380938624016686,0.7488,0.7737271083179523,0.7488,0.7488,0.7488,0.7380938624016684,0.7488,0.7737271083179524,1.1181043,0.7965,0.7889731911705182,0.7965,0.8086517231613979,0.7965,0.7965,0.7965,0.7889731911705182,0.7965,0.808651723161398
169,75,23,2035.5160033444145,1972.2460142519058,0.593163,0.7942,0.7968470133354394,0.7942,0.804028240078733,0.7942,0.7942,0.7942,0.7968470133354394,0.7942,0.8040282400787329,0.7033211,0.8309,0.8322072191979508,0.8309,0.8359740947291178,0.8309,0.8309,0.8309,0.8322072191979508,0.8309,0.8359740947291179,0.7709313,0.7589,0.7440026930163571,0.7589,0.7834584871194163,0.7589000000000001,0.7589,0.7589,0.7440026930163572,0.7589,0.7834584871194165,1.0765136,0.795,0.7871482574543377,0.795,0.8054964004564453,0.795,0.795,0.795,0.7871482574543376,0.795,0.8054964004564453
170,75,23,2035.4404464613472,1972.4923953923496,0.59859085,0.7916,0.7941450040345985,0.7916,0.798765242165581,0.7916,0.7916,0.7916,0.7941450040345985,0.7916,0.7987652421655809,0.6864884,0.8305,0.8316108961642368,0.8305,0.8361745658850005,0.8305,0.8305,0.8305,0.8316108961642369,0.8305,0.8361745658850005,0.81486315,0.7406,0.7237889859030856,0.7406,0.7724833352677221,0.7405999999999999,0.7406,0.7406,0.7237889859030856,0.7406,0.7724833352677221,1.1099598,0.7966,0.7881606343937134,0.7966000000000001,0.8084598868965911,0.7966,0.7966,0.7966,0.7881606343937134,0.7966,0.8084598868965912
171,75,23,2035.7154584348027,1971.5956172180406,0.58340126,0.8012,0.8034249111376782,0.8011999999999999,0.8074377036259834,0.8012,0.8012,0.8012,0.8034249111376781,0.8012,0.8074377036259833,0.70147455,0.8342,0.8349519679744388,0.8341999999999998,0.8378875247161197,0.8342,0.8342,0.8342,0.8349519679744388,0.8342,0.8378875247161197,0.79643357,0.7512,0.7318023746228025,0.7512000000000001,0.7760267539356637,0.7512,0.7512,0.7512,0.7318023746228025,0.7512,0.7760267539356636,1.1096984,0.795,0.786502343489459,0.795,0.803677787645729,0.795,0.795,0.795,0.7865023434894591,0.795,0.8036777876457288
172,75,23,2035.7427184721635,1971.5067257918686,0.5742108,0.8048,0.8068879056970909,0.8048,0.8111366598440263,0.8048,0.8048,0.8048,0.8068879056970907,0.8048,0.8111366598440262,0.69580036,0.8344,0.8354745256441708,0.8343999999999999,0.8391688467507269,0.8344,0.8344,0.8344,0.8354745256441707,0.8344,0.8391688467507271,0.7612568,0.7594,0.7433395743159401,0.7594000000000001,0.7832165573395029,0.7593999999999999,0.7594,0.7594,0.7433395743159402,0.7594,0.7832165573395028,1.1325986,0.7936,0.7842113450295952,0.7936,0.8069626077277441,0.7936,0.7936,0.7936,0.784211345029595,0.7936,0.8069626077277441
173,75,23,2035.6582383902855,1971.7822043197286,0.58889997,0.7969,0.799246951528226,0.7968999999999999,0.8038273248290416,0.7969,0.7969,0.7969,0.7992469515282261,0.7969,0.8038273248290416,0.69429123,0.8347,0.835860288225571,0.8347,0.8393392092156349,0.8347,0.8347,0.8347,0.8358602882255711,0.8347,0.839339209215635,0.7906789,0.7497,0.7319355947381336,0.7496999999999999,0.7775413579995041,0.7497,0.7497,0.7497,0.7319355947381335,0.7497,0.777541357999504,1.122413,0.789,0.7798256761676624,0.789,0.8058844403595483,0.7890000000000001,0.789,0.789,0.7798256761676624,0.789,0.8058844403595483
174,75,23,2035.73403240684,1971.535049917926,0.5873607,0.7961,0.7978392610625032,0.7961,0.801767040715416,0.7961,0.7961,0.7961,0.7978392610625032,0.7961,0.801767040715416,0.6908575,0.8337,0.8348107098820312,0.8337,0.837532729733163,0.8337,0.8337,0.8337,0.8348107098820312,0.8337,0.8375327297331633,0.77117157,0.7521,0.740618680416928,0.7521000000000001,0.7783591362156512,0.7520999999999999,0.7521,0.7521,0.7406186804169281,0.7521,0.7783591362156512,1.0935309,0.7906,0.7815203346803299,0.7906,0.8044846071509631,0.7906,0.7906,0.7906,0.7815203346803299,0.7906,0.8044846071509631
175,75,23,2035.6831120133318,1971.7010946793669,0.6115284,0.7907,0.7920769402439692,0.7907,0.7969425347515365,0.7907,0.7907,0.7907,0.7920769402439691,0.7907,0.7969425347515365,0.6910592,0.8295,0.8306142913676139,0.8295,0.8337857877223467,0.8295,0.8295,0.8295,0.8306142913676138,0.8295,0.8337857877223465,0.87719816,0.7282,0.7073506854779121,0.7282,0.765255511664053,0.7282,0.7282,0.7282,0.7073506854779121,0.7282,0.7652555116640529,1.1003977,0.7873,0.7807784117796626,0.7873,0.805730734041276,0.7873,0.7873,0.7873,0.7807784117796627,0.7873,0.805730734041276
176,75,23,2035.747401632714,1971.4914546161694,0.587744,0.7939,0.7965539119544054,0.7939,0.8032488971565916,0.7938999999999999,0.7939,0.7939,0.7965539119544055,0.7939,0.8032488971565916,0.6942339,0.834,0.8352457639930954,0.834,0.8386206730777384,0.834,0.834,0.834,0.8352457639930956,0.834,0.8386206730777384,0.8146809,0.7392,0.7233715527344772,0.7392,0.77209525363567,0.7391999999999999,0.7392,0.7392,0.7233715527344772,0.7392,0.77209525363567,1.0788647,0.7961,0.788696128920208,0.7961,0.8114046543496134,0.7961,0.7961,0.7961,0.788696128920208,0.7961,0.8114046543496133
177,75,23,2035.768696078133,1971.4220162071908,0.59947765,0.7929,0.7954458491271833,0.7929,0.8005421310954658,0.7928999999999999,0.7929,0.7929,0.7954458491271833,0.7929,0.8005421310954658,0.68880993,0.8337,0.834639435776505,0.8337,0.8380541144801661,0.8337,0.8337,0.8337,0.834639435776505,0.8337,0.8380541144801662,0.82058674,0.7402,0.7217958482041199,0.7402,0.771379046297648,0.7402,0.7402,0.7402,0.72179584820412,0.7402,0.771379046297648,1.0725541,0.7958,0.7890048177831279,0.7958000000000001,0.8107013834934358,0.7958,0.7958,0.7958,0.7890048177831279,0.7958,0.810701383493436
178,75,23,2035.9655302753997,1970.780165563937,0.57601184,0.8007,0.8026066974780267,0.8007,0.8066532015894408,0.8007,0.8007,0.8007,0.8026066974780267,0.8007,0.8066532015894409,0.69411844,0.8347,0.8359772858971951,0.8347,0.8396108455633027,0.8347,0.8347,0.8347,0.8359772858971952,0.8347,0.8396108455633028,0.82396424,0.7444,0.7276942604602414,0.7444,0.7807926040925117,0.7444,0.7444,0.7444,0.7276942604602413,0.7444,0.7807926040925118,1.0701829,0.7936,0.786029113003144,0.7936,0.8142591453989863,0.7936,0.7936,0.7936,0.786029113003144,0.7936,0.814259145398986
179,75,23,2036.1571294307048,1970.1553857096847,0.5888914,0.7976,0.8009562079153991,0.7976000000000001,0.8078923086710773,0.7975999999999999,0.7976,0.7976,0.800956207915399,0.7976,0.8078923086710773,0.68753195,0.8321,0.8330887343910426,0.8321,0.835827736171289,0.8321,0.8321,0.8321,0.8330887343910426,0.8321,0.8358277361712891,0.7766266,0.7524,0.7424110704182334,0.7524,0.78689293244085,0.7524,0.7524,0.7524,0.7424110704182332,0.7524,0.78689293244085,1.0994283,0.798,0.7884169459954331,0.7979999999999999,0.8122091512809615,0.798,0.798,0.798,0.7884169459954331,0.798,0.8122091512809615
180,75,23,2036.318300454003,1969.6298280250153,0.5724257,0.8021,0.803523271221024,0.8021,0.8058075804148531,0.8021000000000001,0.8021,0.8021,0.803523271221024,0.8021,0.8058075804148531,0.70122415,0.8305,0.8319874495842792,0.8305,0.8362449677103154,0.8305,0.8305,0.8305,0.8319874495842791,0.8305,0.8362449677103153,0.810278,0.7522,0.7343950023520965,0.7522,0.7782074329025945,0.7522,0.7522,0.7522,0.7343950023520964,0.7522,0.7782074329025945,1.1362029,0.7878,0.7781086742855219,0.7878000000000001,0.8054224414339171,0.7878000000000001,0.7878,0.7878,0.7781086742855219,0.7878,0.8054224414339172
181,75,23,2036.4228892926246,1969.2887774643004,0.5981009,0.7954,0.7974445940769808,0.7954000000000001,0.8020410172597796,0.7953999999999999,0.7954,0.7954,0.7974445940769809,0.7954,0.8020410172597796,0.7012075,0.8328,0.8341546497542239,0.8328,0.8378953619106847,0.8327999999999999,0.8328,0.8328,0.834154649754224,0.8328,0.8378953619106847,0.83239484,0.7472,0.7299077500183764,0.7472,0.7802674593508724,0.7472,0.7472,0.7472,0.7299077500183764,0.7472,0.7802674593508725,1.0885389,0.7908,0.7848751250761491,0.7908000000000001,0.807256000795673,0.7908,0.7908,0.7908,0.7848751250761489,0.7908,0.8072560007956731
182,75,23,2036.4284538752395,1969.2706320862087,0.58869344,0.7971,0.7998936931475115,0.7971000000000001,0.8058073998196289,0.7970999999999999,0.7971,0.7971,0.7998936931475115,0.7971,0.8058073998196289,0.70466524,0.8329,0.8339693918447171,0.8328999999999999,0.8368149515250118,0.8329000000000001,0.8329,0.8329,0.8339693918447171,0.8329,0.836814951525012,0.85145056,0.7391,0.7215399257005748,0.7391,0.7837317629981225,0.7391,0.7391,0.7391,0.7215399257005747,0.7391,0.7837317629981225,1.0661186,0.7984,0.7932238030300484,0.7984,0.8127015428281645,0.7984,0.7984,0.7984,0.7932238030300485,0.7984,0.8127015428281644
183,75,23,2036.5358835334296,1968.9203179834162,0.5890671,0.8034,0.8050391106476512,0.8034000000000001,0.8094368365066853,0.8034,0.8034,0.8034,0.8050391106476512,0.8034,0.8094368365066852,0.69477785,0.8325,0.8336920652336843,0.8324999999999999,0.8376495328904422,0.8325,0.8325,0.8325,0.8336920652336844,0.8325,0.8376495328904421,0.8110898,0.7473,0.7301161946936544,0.7473,0.7771725025802899,0.7473000000000001,0.7473,0.7473,0.7301161946936545,0.7473,0.7771725025802899,1.0875838,0.7956,0.7901591756603598,0.7956000000000001,0.8118080816656714,0.7956,0.7956,0.7956,0.7901591756603598,0.7956,0.8118080816656715
184,75,23,2036.7824350222857,1968.1163457371526,0.5865369,0.7983,0.8003152023307762,0.7983,0.8046375348576534,0.7983,0.7983,0.7983,0.8003152023307762,0.7983,0.8046375348576534,0.70632625,0.8326,0.8342531363915162,0.8325999999999999,0.8391744311348746,0.8326,0.8326,0.8326,0.8342531363915163,0.8326,0.8391744311348747,0.813755,0.7453,0.7295216870021137,0.7453000000000001,0.776134240997212,0.7453,0.7453,0.7453,0.7295216870021136,0.7453,0.7761342409972118,1.1192236,0.7952,0.7879754180526082,0.7952,0.8087847047618174,0.7952000000000001,0.7952,0.7952,0.7879754180526081,0.7952,0.8087847047618173
185,75,23,2036.777253280315,1968.1332427218447,0.58065784,0.8024,0.8045755607429358,0.8024000000000001,0.8112514375715758,0.8024,0.8024,0.8024,0.804575560742936,0.8024,0.8112514375715757,0.69837576,0.8308,0.8324353779746761,0.8308,0.8369772350153015,0.8308,0.8308,0.8308,0.8324353779746764,0.8308,0.8369772350153016,0.77332443,0.7499,0.7368668016029993,0.7499,0.7754932276629756,0.7499000000000001,0.7499,0.7499,0.7368668016029992,0.7499,0.7754932276629756,1.0393876,0.8007,0.7952860921468672,0.8007,0.8116214766246259,0.8007,0.8007,0.8007,0.7952860921468673,0.8007,0.8116214766246258
186,75,23,2036.8158174565501,1968.0074899732529,0.59446895,0.7941,0.7970147198592393,0.7941,0.8034113825807241,0.7941,0.7941,0.7941,0.7970147198592393,0.7941,0.8034113825807241,0.7009138,0.8325,0.8339416018803651,0.8324999999999999,0.8385576320983444,0.8325,0.8325,0.8325,0.8339416018803651,0.8325,0.8385576320983444,0.80914617,0.7454,0.7296931418192185,0.7454,0.7713568912886716,0.7454,0.7454,0.7454,0.7296931418192184,0.7454,0.7713568912886716,1.0442874,0.8005,0.7951507875967048,0.8005000000000001,0.8138902901202011,0.8005,0.8005,0.8005,0.7951507875967049,0.8005,0.8138902901202012
187,75,23,2036.8884173431559,1967.7707512125812,0.58284414,0.7966,0.7988148890009954,0.7966000000000001,0.8043816165783026,0.7966,0.7966,0.7966,0.7988148890009953,0.7966,0.8043816165783026,0.69013464,0.8382,0.8390614251206767,0.8382,0.8419052140937036,0.8382,0.8382,0.8382,0.8390614251206765,0.8382,0.8419052140937036,0.86589426,0.744,0.7213403286488096,0.744,0.7725673128410528,0.744,0.744,0.744,0.7213403286488096,0.744,0.7725673128410528,1.0734336,0.7967,0.7907014128690066,0.7967,0.8119928407076744,0.7967,0.7967,0.7967,0.7907014128690065,0.7967,0.8119928407076742
188,75,23,2037.1855879210414,1966.8017167194807,0.585506,0.8011,0.8025154303039599,0.8011000000000001,0.8057458097477379,0.8011,0.8011,0.8011,0.80251543030396,0.8011,0.8057458097477379,0.71276075,0.8346,0.8360100575963543,0.8346,0.8395251183837239,0.8346,0.8346,0.8346,0.836010057596354,0.8346,0.8395251183837239,0.834955,0.7528,0.7314844578432882,0.7528,0.7772867154576955,0.7528,0.7528,0.7528,0.731484457843288,0.7528,0.7772867154576955,1.0585794,0.8036,0.7987839679478062,0.8036,0.8152513303034992,0.8036,0.8036,0.8036,0.7987839679478062,0.8036,0.8152513303034993
189,75,23,2037.1389364582828,1966.9538410545697,0.5740743,0.8017,0.8033627974819998,0.8017,0.8064319967058786,0.8017,0.8017,0.8017,0.8033627974819999,0.8017,0.8064319967058785,0.70610964,0.8332,0.8350758470470361,0.8331999999999999,0.839667494546848,0.8332,0.8332,0.8332,0.8350758470470359,0.8332,0.839667494546848,0.7945206,0.7507,0.7355614225800096,0.7506999999999999,0.774962865230899,0.7507,0.7507,0.7507,0.7355614225800097,0.7507,0.774962865230899,1.0879449,0.7976,0.7909058385181211,0.7976,0.8086975187877176,0.7975999999999999,0.7976,0.7976,0.790905838518121,0.7976,0.8086975187877177
190,75,23,2037.2653712472063,1966.5415536993858,0.59216386,0.7954,0.7992999185104452,0.7954,0.8076132442432309,0.7953999999999999,0.7954,0.7954,0.799299918510445,0.7954,0.8076132442432309,0.6882619,0.8323,0.8336527877119131,0.8323,0.8372450306463144,0.8323,0.8323,0.8323,0.8336527877119132,0.8323,0.8372450306463143,0.84446174,0.7475,0.7258282284201621,0.7474999999999999,0.7783165021317842,0.7475,0.7475,0.7475,0.7258282284201623,0.7475,0.778316502131784,1.1400186,0.7966,0.7876934002510205,0.7966,0.8105101969896262,0.7966,0.7966,0.7966,0.7876934002510205,0.7966,0.8105101969896262
191,75,23,2037.4151958724735,1966.0529951387339,0.5713785,0.8021,0.8033743070049704,0.8020999999999999,0.8060984442990448,0.8021000000000001,0.8021,0.8021,0.8033743070049704,0.8021,0.8060984442990446,0.71783525,0.8286,0.8303705970149313,0.8286,0.8352936754351423,0.8286,0.8286,0.8286,0.8303705970149312,0.8286,0.8352936754351423,0.8017987,0.7527,0.7332235707332306,0.7527,0.7791403307938698,0.7527000000000001,0.7527,0.7527,0.7332235707332306,0.7527,0.7791403307938697,1.090683,0.7948,0.7895630313544032,0.7948000000000001,0.8070836122384912,0.7948,0.7948,0.7948,0.7895630313544032,0.7948,0.8070836122384912
192,75,23,2037.4272235122341,1966.0137745743034,0.59151095,0.7994,0.8018207251155115,0.7994,0.8069065722335585,0.7994,0.7994,0.7994,0.8018207251155115,0.7994,0.8069065722335587,0.7026418,0.8284,0.8302156783400589,0.8283999999999999,0.8351936865461136,0.8284,0.8284,0.8284,0.8302156783400589,0.8284,0.8351936865461135,0.85667616,0.7453,0.7245849861218358,0.7453000000000001,0.775713750983533,0.7453,0.7453,0.7453,0.7245849861218359,0.7453,0.775713750983533,1.0267742,0.8045,0.8010372679909699,0.8045,0.8142651512290359,0.8044999999999999,0.8045,0.8045,0.8010372679909697,0.8045,0.8142651512290359
193,75,23,2037.6391807943862,1965.322609523806,0.597022,0.794,0.796978896263658,0.794,0.8038139857462883,0.7940000000000002,0.794,0.794,0.796978896263658,0.794,0.8038139857462882,0.70235413,0.8356,0.8372748861574225,0.8356,0.8418814036163285,0.8355999999999999,0.8356,0.8356,0.8372748861574224,0.8356,0.8418814036163283,0.8285324,0.7419,0.722794419118957,0.7419,0.7730782149136146,0.7419000000000001,0.7419,0.7419,0.7227944191189571,0.7419,0.7730782149136146,1.0438311,0.8057,0.8003481684745284,0.8057000000000001,0.8168403802540445,0.8057,0.8057,0.8057,0.8003481684745284,0.8057,0.8168403802540445
194,75,23,2037.7395435641224,1964.9953396224987,0.58857256,0.7979,0.8001584991800584,0.7979,0.8049015968882373,0.7979,0.7979,0.7979,0.8001584991800585,0.7979,0.8049015968882371,0.7117926,0.8301,0.8314631223115588,0.8301000000000001,0.8358116532590676,0.8301,0.8301,0.8301,0.8314631223115589,0.8301,0.8358116532590677,0.85462195,0.7419,0.7171298080294886,0.7419,0.7673126672976329,0.7419000000000001,0.7419,0.7419,0.7171298080294884,0.7419,0.7673126672976327,1.108766,0.7924,0.7856091950273598,0.7924,0.8044134690515238,0.7924,0.7924,0.7924,0.7856091950273599,0.7924,0.8044134690515239
195,75,23,2037.7166807753395,1965.0698921946203,0.60008115,0.7956,0.7983744313522428,0.7956000000000001,0.8045000160151934,0.7956,0.7956,0.7956,0.7983744313522427,0.7956,0.8045000160151934,0.7079827,0.8333,0.8344655479050077,0.8333,0.8382840412303387,0.8333,0.8333,0.8333,0.8344655479050078,0.8333,0.8382840412303387,0.8356166,0.7457,0.7294339182180749,0.7457,0.7790475445468328,0.7457,0.7457,0.7457,0.729433918218075,0.7457,0.7790475445468328,1.0879886,0.7966,0.7895786086334964,0.7966,0.8157018365928559,0.7966,0.7966,0.7966,0.7895786086334963,0.7966,0.8157018365928559
196,75,23,2037.9888630184244,1964.1823414019557,0.5727269,0.8018,0.8041354651293044,0.8018000000000001,0.8091085397845565,0.8018,0.8018,0.8018,0.8041354651293043,0.8018,0.8091085397845565,0.70300126,0.8361,0.8371515793632955,0.8361000000000001,0.8406263247910065,0.8361,0.8361,0.8361,0.8371515793632957,0.8361,0.8406263247910065,0.7971387,0.7561,0.7410503470155708,0.7560999999999999,0.7837514259458999,0.7561,0.7561,0.7561,0.7410503470155709,0.7561,0.7837514259459,1.0944555,0.7994,0.7924376401623668,0.7994,0.8171531948948004,0.7994,0.7994,0.7994,0.7924376401623667,0.7994,0.8171531948948006
197,75,23,2038.1022414337965,1963.812629177916,0.5665109,0.8031,0.8050261463687315,0.8030999999999999,0.810280923477315,0.8031,0.8031,0.8031,0.8050261463687315,0.8031,0.810280923477315,0.6981437,0.8351,0.8360095010766491,0.8351,0.8399408946016317,0.8351,0.8351,0.8351,0.8360095010766492,0.8351,0.8399408946016318,0.8649788,0.7451,0.7215327770552201,0.7451,0.7782048158305005,0.7451,0.7451,0.7451,0.7215327770552201,0.7451,0.7782048158305006,1.0640532,0.8004,0.7933606540558842,0.8004,0.812407106736283,0.8004,0.8004,0.8004,0.7933606540558843,0.8004,0.8124071067362831
198,75,23,2038.194509845518,1963.5117539223047,0.59392977,0.7946,0.7965831343510932,0.7946000000000002,0.8018573693553209,0.7946000000000001,0.7946,0.7946,0.7965831343510931,0.7946,0.8018573693553209,0.67947364,0.8355,0.8370278124549536,0.8355,0.8413671191909096,0.8355,0.8355,0.8355,0.8370278124549535,0.8355,0.8413671191909098,0.84314436,0.7438,0.7236632551235636,0.7438,0.773575752778868,0.7438,0.7438,0.7438,0.7236632551235634,0.7438,0.7735757527788679,1.0206707,0.804,0.7990911130808512,0.804,0.8175499838674989,0.804,0.804,0.804,0.7990911130808513,0.804,0.8175499838674989
199,75,23,2038.239953494683,1963.3635681098128,0.59741867,0.7965,0.7988371176869825,0.7965,0.8043554411865376,0.7965,0.7965,0.7965,0.7988371176869826,0.7965,0.8043554411865377,0.68660206,0.8376,0.8390842414512507,0.8375999999999999,0.8431071713398783,0.8376,0.8376,0.8376,0.8390842414512505,0.8376,0.8431071713398783,0.79906493,0.7485,0.7316301924440334,0.7484999999999999,0.7757796628138449,0.7485,0.7485,0.7485,0.7316301924440333,0.7485,0.7757796628138449,1.0442712,0.8021,0.7953622966806824,0.8021,0.8140096656143788,0.8021000000000001,0.8021,0.8021,0.7953622966806823,0.8021,0.8140096656143789
200,75,23,2038.6878487111694,1961.9030402299718,0.5952946,0.7941,0.7962150004174039,0.7940999999999999,0.8023012050848759,0.7941,0.7941,0.7941,0.796215000417404,0.7941,0.8023012050848759,0.70876235,0.8316,0.8332570284609837,0.8316000000000001,0.8381336536350993,0.8316,0.8316,0.8316,0.8332570284609836,0.8316,0.8381336536350993,0.8500501,0.7372,0.716564230104456,0.7372,0.7692655716322607,0.7372,0.7372,0.7372,0.7165642301044559,0.7372,0.7692655716322606,1.0138067,0.805,0.7992536662717791,0.805,0.8153644432752609,0.805,0.805,0.805,0.7992536662717791,0.805,0.8153644432752609
