round,active_ordinary_count,active_anomaly_count,avg_ordinary_tokens,avg_anomaly_tokens,test_loss_offline,test_acc_offline,test_macro_f1_offline,test_macro_recall_offline,test_macro_precision_offline,test_micro_f1_offline,test_micro_recall_offline,test_micro_precision_offline,test_weighted_f1_offline,test_weighted_recall_offline,test_weighted_precision_offline,test_loss_online,test_acc_online,test_macro_f1_online,test_macro_recall_online,test_macro_precision_online,test_micro_f1_online,test_micro_recall_online,test_micro_precision_online,test_weighted_f1_online,test_weighted_recall_online,test_weighted_precision_online,test_loss_offline_backdoor,test_acc_offline_backdoor,test_macro_f1_offline_backdoor,test_macro_recall_offline_backdoor,test_macro_precision_offline_backdoor,test_micro_f1_offline_backdoor,test_micro_recall_offline_backdoor,test_micro_precision_offline_backdoor,test_weighted_f1_offline_backdoor,test_weighted_recall_offline_backdoor,test_weighted_precision_offline_backdoor,test_loss_online_backdoor,test_acc_online_backdoor,test_macro_f1_online_backdoor,test_macro_recall_online_backdoor,test_macro_precision_online_backdoor,test_micro_f1_online_backdoor,test_micro_recall_online_backdoor,test_micro_precision_online_backdoor,test_weighted_f1_online_backdoor,test_weighted_recall_online_backdoor,test_weighted_precision_online_backdoor
0,75,25,2000.0,2000.0,2.4644156,0.109,0.0659812302204422,0.10899999999999999,0.06353844013405706,0.109,0.109,0.109,0.06598123022044222,0.109,0.06353844013405706,0.6342527,0.8007,0.8005685770195354,0.8007000000000002,0.8009795852488916,0.8007,0.8007,0.8007,0.8005685770195355,0.8007,0.8009795852488917,2.4353018,0.1026,0.05243590107070317,0.10259999999999998,0.05800749138931309,0.1026,0.1026,0.1026,0.052435901070703186,0.1026,0.05800749138931309,0.76404357,0.8036,0.8042695838961039,0.8036000000000001,0.805378829303866,0.8036,0.8036,0.8036,0.8042695838961038,0.8036,0.8053788293038657
1,75,25,2028.532973892207,1914.401078323369,0.6804754,0.7641,0.763994650333794,0.7640999999999999,0.7666829907100301,0.7641,0.7641,0.7641,0.7639946503337941,0.7641,0.76668299071003,0.7179379,0.7971,0.7972713044513557,0.7971,0.798065003078423,0.7970999999999999,0.7971,0.7971,0.7972713044513555,0.7971,0.7980650030784229,0.7252638,0.7661,0.7667447655479107,0.7661,0.7716006386253459,0.7660999999999999,0.7661,0.7661,0.7667447655479105,0.7661,0.7716006386253458,0.79599184,0.7976,0.7977463403146369,0.7976,0.7988685772887718,0.7975999999999999,0.7976,0.7976,0.797746340314637,0.7976,0.7988685772887717
2,75,25,2042.4078342477326,1872.7764972567588,0.6807669,0.7723,0.7726016831397534,0.7723,0.7741588047357897,0.7723,0.7723,0.7723,0.7726016831397534,0.7723,0.7741588047357898,0.78883535,0.797,0.7972189398878758,0.797,0.7980652665141437,0.797,0.797,0.797,0.797218939887876,0.797,0.7980652665141437,0.7278773,0.7603,0.7602634054668582,0.7603000000000001,0.7690240548121976,0.7602999999999999,0.7603,0.7603,0.7602634054668582,0.7603,0.7690240548121976,0.8469241,0.7934,0.7933269380958918,0.7933999999999999,0.7943287832565102,0.7933999999999999,0.7934,0.7934,0.7933269380958918,0.7934,0.7943287832565104
3,75,25,2056.653426815881,1830.039719552282,0.69509923,0.7807,0.7806239809947955,0.7807000000000001,0.7823323041470253,0.7807,0.7807,0.7807,0.7806239809947955,0.7807,0.7823323041470253,0.8023353,0.7981,0.7981661714963383,0.7981,0.7988968329507411,0.7981,0.7981,0.7981,0.7981661714963382,0.7981,0.7988968329507411,0.7261826,0.7721,0.7710072705405502,0.7720999999999999,0.7736050274984628,0.7721,0.7721,0.7721,0.7710072705405502,0.7721,0.7736050274984629,0.8873608,0.7832,0.7827957608077195,0.7831999999999999,0.7830421493354909,0.7832,0.7832,0.7832,0.7827957608077196,0.7832,0.7830421493354909
4,75,25,2070.2433406350415,1789.2699780947598,0.70191324,0.7815,0.7816527280996913,0.7815,0.7830524898147566,0.7815,0.7815,0.7815,0.7816527280996913,0.7815,0.7830524898147564,0.8197635,0.7984,0.7985940118613528,0.7984,0.799253940452545,0.7984,0.7984,0.7984,0.7985940118613528,0.7984,0.7992539404525449,0.7479453,0.7662,0.765827852585432,0.7662000000000001,0.7686478865705845,0.7662,0.7662,0.7662,0.765827852585432,0.7662,0.7686478865705845,0.89925283,0.7856,0.7853380545530964,0.7856,0.7853534121406994,0.7856,0.7856,0.7856,0.7853380545530964,0.7856,0.7853534121406995
5,75,25,2081.5795898982874,1755.2612303049834,0.69506544,0.7845,0.7840951735962987,0.7845,0.78565257796285,0.7844999999999999,0.7845,0.7845,0.7840951735962987,0.7845,0.78565257796285,0.81404376,0.8005,0.800516680344,0.8004999999999999,0.8010606985209886,0.8005,0.8005,0.8005,0.8005166803439999,0.8005,0.8010606985209886,0.7313622,0.7741,0.7746286482359738,0.7741,0.7767721502925433,0.7741,0.7741,0.7741,0.7746286482359737,0.7741,0.7767721502925433,0.9070387,0.7759,0.7763256854984143,0.7759000000000001,0.7780106453286965,0.7759,0.7759,0.7759,0.7763256854984143,0.7759,0.7780106453286965
6,75,25,2094.848553849084,1715.4543384525584,0.7061585,0.782,0.7821646346292792,0.782,0.7844298789436184,0.782,0.782,0.782,0.7821646346292791,0.782,0.7844298789436184,0.8294636,0.8016,0.8015826246277141,0.8016,0.8022615119335879,0.8016,0.8016,0.8016,0.8015826246277141,0.8016,0.8022615119335877,0.7948653,0.7541,0.7534069545857208,0.7541,0.7574572316107696,0.7541,0.7541,0.7541,0.7534069545857207,0.7541,0.7574572316107697,0.94873965,0.7716,0.7711253568182834,0.7716,0.7723266569383576,0.7715999999999998,0.7716,0.7716,0.7711253568182835,0.7716,0.7723266569383576
7,75,25,2106.858615738777,1679.4241527834552,0.67070705,0.7937,0.7939126302500783,0.7937,0.7945423387290453,0.7937,0.7937,0.7937,0.7939126302500782,0.7937,0.7945423387290454,0.8140201,0.8026,0.8025139286166061,0.8026,0.8029448489594465,0.8026,0.8026,0.8026,0.8025139286166061,0.8026,0.8029448489594466,0.782547,0.7485,0.7473036337353735,0.7485,0.7537208580507215,0.7485,0.7485,0.7485,0.7473036337353733,0.7485,0.7537208580507215,0.9604807,0.7672,0.7670740304078183,0.7672000000000001,0.7678800324464827,0.7672,0.7672,0.7672,0.7670740304078183,0.7672,0.7678800324464827
8,75,25,2118.5136420605845,1644.4590738179959,0.68162364,0.7912,0.7909505143678182,0.7912,0.7921498198502903,0.7912,0.7912,0.7912,0.790950514367818,0.7912,0.7921498198502902,0.810883,0.8023,0.8019923556344623,0.8023,0.8022364357137317,0.8023000000000001,0.8023,0.8023,0.8019923556344621,0.8023,0.8022364357137317,0.76371795,0.7599,0.7591665936014488,0.7599,0.7609020641365908,0.7599,0.7599,0.7599,0.759166593601449,0.7599,0.7609020641365908,0.97201514,0.7627,0.7618740895725977,0.7627,0.7629480412821433,0.7627,0.7627,0.7627,0.7618740895725977,0.7627,0.7629480412821434
9,75,25,2131.376249842146,1605.8712504732873,0.6922603,0.7927,0.7920389970724857,0.7927,0.7927185617779795,0.7927,0.7927,0.7927,0.7920389970724857,0.7927,0.7927185617779795,0.8331046,0.8056,0.8053833970064737,0.8056000000000001,0.8055659948634156,0.8056000000000001,0.8056,0.8056,0.8053833970064737,0.8056,0.8055659948634156,0.8055999,0.7422,0.7418793626358422,0.7421999999999999,0.7446730255945873,0.7421999999999999,0.7422,0.7422,0.7418793626358422,0.7422,0.7446730255945873,1.0132952,0.753,0.7524546480924523,0.7529999999999999,0.7548239709903991,0.753,0.753,0.753,0.7524546480924522,0.753,0.7548239709903992
10,75,25,2143.1794745222046,1570.4615764330833,0.6880268,0.79,0.7891437951232032,0.79,0.7904171900725492,0.79,0.79,0.79,0.7891437951232034,0.79,0.7904171900725492,0.82281756,0.8079,0.8077636085232454,0.8079000000000001,0.8079730840159911,0.8079,0.8079,0.8079,0.8077636085232455,0.8079,0.8079730840159911,0.8013924,0.7498,0.7483900944234996,0.7498,0.7521887468304633,0.7498,0.7498,0.7498,0.7483900944234996,0.7498,0.7521887468304632,1.0169166,0.75,0.7495220033631456,0.75,0.7511048303104975,0.75,0.75,0.75,0.7495220033631456,0.75,0.7511048303104974
11,75,25,2155.1085850969616,1534.6742447087806,0.68455285,0.7969,0.7959822555925411,0.7968999999999999,0.7968684560824327,0.7969,0.7969,0.7969,0.7959822555925411,0.7969,0.7968684560824326,0.8247361,0.809,0.8089536692519079,0.8089999999999999,0.8092555534109888,0.809,0.809,0.809,0.8089536692519078,0.809,0.8092555534109888,0.8401913,0.7308,0.730468539401113,0.7307999999999999,0.7374291525771073,0.7308,0.7308,0.7308,0.730468539401113,0.7308,0.7374291525771073,1.0565408,0.7418,0.7412139237117,0.7418,0.7428066502102588,0.7418,0.7418,0.7418,0.7412139237117,0.7418,0.7428066502102587
12,75,25,2166.6289506038534,1500.1131481880789,0.66837734,0.7962,0.7963787849428187,0.7962,0.7973751142462413,0.7962,0.7962,0.7962,0.7963787849428187,0.7962,0.7973751142462414,0.82385486,0.8083,0.8081418080925966,0.8083,0.8083557518678729,0.8083,0.8083,0.8083,0.8081418080925964,0.8083,0.8083557518678729,0.8328952,0.7351,0.7340135319125843,0.7350999999999999,0.7445559307083227,0.7351000000000001,0.7351,0.7351,0.7340135319125843,0.7351,0.7445559307083226,1.046959,0.7432,0.7426116514445116,0.7432,0.7437663187815824,0.7432,0.7432,0.7432,0.7426116514445115,0.7432,0.7437663187815824
13,75,25,2178.051249927747,1465.8462502163698,0.6751457,0.7953,0.7943670228550083,0.7952999999999999,0.7945135146596941,0.7953,0.7953,0.7953,0.7943670228550084,0.7953,0.7945135146596941,0.81866556,0.8116,0.8113996880348988,0.8116,0.8116802680744326,0.8115999999999999,0.8116,0.8116,0.8113996880348989,0.8116,0.8116802680744326,0.85287946,0.7236,0.7223393904899597,0.7236,0.7249300177701293,0.7236,0.7236,0.7236,0.7223393904899598,0.7236,0.7249300177701294,1.0482523,0.7386,0.7385243972479631,0.7386,0.7391574343245118,0.7386,0.7386,0.7386,0.7385243972479631,0.7386,0.7391574343245116
14,75,25,2189.888895426713,1430.3333137194445,0.6730875,0.7979,0.7973337511742106,0.7979,0.7985701004473114,0.7979,0.7979,0.7979,0.7973337511742106,0.7979,0.7985701004473115,0.8264992,0.811,0.8108077774246294,0.8109999999999999,0.8111709661938509,0.811,0.811,0.811,0.8108077774246293,0.811,0.8111709661938509,0.84090525,0.7323,0.7293435582130423,0.7323,0.7458598064456263,0.7323,0.7323,0.7323,0.7293435582130423,0.7323,0.7458598064456264,1.0968415,0.7283,0.7280031099200011,0.7283,0.7297383458599931,0.7283,0.7283,0.7283,0.728003109920001,0.7283,0.7297383458599931
15,75,25,2200.4453617108707,1398.663914866955,0.67115223,0.7971,0.7973205277121147,0.7971,0.7983712361404068,0.7970999999999999,0.7971,0.7971,0.7973205277121146,0.7971,0.7983712361404068,0.82543564,0.8106,0.8104550599294974,0.8106,0.8110612070417723,0.8106,0.8106,0.8106,0.8104550599294975,0.8106,0.8110612070417724,0.82543164,0.736,0.7344140548757312,0.736,0.743989694513223,0.736,0.736,0.736,0.7344140548757312,0.736,0.7439896945132229,1.080778,0.7279,0.7287678923970653,0.7278999999999999,0.7308973487868707,0.7279,0.7279,0.7279,0.7287678923970652,0.7279,0.7308973487868707
16,75,25,2210.987465712513,1367.037602862,0.6606319,0.8008,0.8012525470930012,0.8008000000000001,0.803406683850873,0.8008,0.8008,0.8008,0.8012525470930011,0.8008,0.8034066838508731,0.82804495,0.8119,0.8118513293540474,0.8119,0.8123609581045045,0.8119000000000001,0.8119,0.8119,0.8118513293540474,0.8119,0.8123609581045044,0.87088865,0.7143,0.7156821180599897,0.7142999999999999,0.726702468128827,0.7143,0.7143,0.7143,0.7156821180599896,0.7143,0.7267024681288269,1.1076453,0.7234,0.72378881868702,0.7234,0.7253955626013637,0.7234000000000002,0.7234,0.7234,0.72378881868702,0.7234,0.7253955626013637
17,75,25,2221.4430944205474,1335.6707167378852,0.6744039,0.8021,0.801637180455207,0.8020999999999999,0.802190403098465,0.8021000000000001,0.8021,0.8021,0.801637180455207,0.8021,0.802190403098465,0.83114094,0.8135,0.8136516554980592,0.8135,0.8141515965660341,0.8135,0.8135,0.8135,0.8136516554980591,0.8135,0.814151596566034,0.84489304,0.7332,0.7328185363338331,0.7332,0.7350210576815637,0.7332000000000001,0.7332,0.7332,0.732818536333833,0.7332,0.7350210576815637,1.1501403,0.7182,0.718045734199616,0.7182000000000001,0.7189103829594361,0.7182,0.7182,0.7182,0.718045734199616,0.7182,0.7189103829594362
18,75,25,2232.283642020864,1303.1490739369237,0.6813416,0.8013,0.8004530693777026,0.8013,0.8012890926683539,0.8013,0.8013,0.8013,0.8004530693777027,0.8013,0.8012890926683538,0.83167666,0.8135,0.8134425590909732,0.8135,0.8137305111053941,0.8135,0.8135,0.8135,0.8134425590909732,0.8135,0.8137305111053941,0.88967353,0.7146,0.7115380642424414,0.7146,0.7208487446028944,0.7146,0.7146,0.7146,0.7115380642424414,0.7146,0.7208487446028944,1.1222962,0.7192,0.7189398301207174,0.7192000000000001,0.7204465765547339,0.7192,0.7192,0.7192,0.7189398301207174,0.7192,0.7204465765547338
19,75,25,2243.799257293787,1268.6022281181413,0.6725229,0.8029,0.8024081173183294,0.8029,0.8033396866519705,0.8029,0.8029,0.8029,0.8024081173183293,0.8029,0.8033396866519705,0.82730526,0.8151,0.814982062895911,0.8150999999999999,0.8152840515350661,0.8150999999999999,0.8151,0.8151,0.8149820628959109,0.8151,0.815284051535066,0.881379,0.7143,0.7142678109364983,0.7143,0.7156531191956675,0.7143,0.7143,0.7143,0.7142678109364984,0.7143,0.7156531191956675,1.1766598,0.7114,0.7113276335766258,0.7114,0.712220685221043,0.7114,0.7114,0.7114,0.7113276335766258,0.7114,0.7122206852210429
20,75,25,2254.973864957893,1235.0784051258017,0.65979785,0.8035,0.8043474922191617,0.8035,0.8062975267331127,0.8035,0.8035,0.8035,0.8043474922191618,0.8035,0.8062975267331127,0.8230291,0.8137,0.8136266625859223,0.8137000000000001,0.8139901926667582,0.8136999999999999,0.8137,0.8137,0.8136266625859223,0.8137,0.8139901926667583,0.86764395,0.7217,0.72121420831228,0.7217,0.7259503592557409,0.7217000000000001,0.7217,0.7217,0.7212142083122801,0.7217,0.7259503592557408,1.1357089,0.7142,0.7141607786276389,0.7142,0.7147989549201934,0.7142,0.7142,0.7142,0.7141607786276389,0.7142,0.7147989549201933
21,75,25,2265.9407866568004,1202.1776400290596,0.66888523,0.8063,0.8063442377306401,0.8063,0.8078061864979661,0.8063,0.8063,0.8063,0.8063442377306401,0.8063,0.8078061864979662,0.821738,0.8145,0.8142109887718785,0.8145000000000001,0.8145420472151695,0.8145,0.8145,0.8145,0.8142109887718785,0.8145,0.8145420472151695,0.9118195,0.6969,0.6983559159057436,0.6969,0.707347133536406,0.6969,0.6969,0.6969,0.6983559159057436,0.6969,0.7073471335364059,1.1327555,0.7135,0.7140740804633177,0.7135000000000001,0.7163443575397127,0.7135,0.7135,0.7135,0.7140740804633178,0.7135,0.7163443575397127
22,75,25,2276.9730732442786,1169.0807802665956,0.6503771,0.8065,0.8066902937933126,0.8065,0.8075542162612864,0.8065,0.8065,0.8065,0.8066902937933126,0.8065,0.8075542162612863,0.8151954,0.8168,0.8167156071115065,0.8168,0.8171098913957527,0.8167999999999999,0.8168,0.8168,0.8167156071115065,0.8168,0.8171098913957526,0.8727784,0.7112,0.7126045326933989,0.7112,0.7172495687069457,0.7112,0.7112,0.7112,0.7126045326933989,0.7112,0.7172495687069458,1.1617367,0.7063,0.7070705286586254,0.7062999999999999,0.7092039032575521,0.7063,0.7063,0.7063,0.7070705286586253,0.7063,0.7092039032575521
23,75,25,2288.1534210005443,1135.53973699779,0.66556203,0.8024,0.8025116341877478,0.8023999999999999,0.8039507302273264,0.8024,0.8024,0.8024,0.8025116341877476,0.8024,0.8039507302273265,0.81054366,0.8154,0.8152842247556953,0.8154,0.8155794522641553,0.8153999999999999,0.8154,0.8154,0.8152842247556953,0.8154,0.8155794522641555,0.94911367,0.6871,0.6856709141883299,0.6871,0.6896517703242104,0.6871,0.6871,0.6871,0.6856709141883299,0.6871,0.6896517703242105,1.1992712,0.693,0.6932732931682992,0.6929999999999998,0.6938741864057381,0.693,0.693,0.693,0.6932732931682992,0.693,0.693874186405738
24,75,25,2298.785924657561,1103.6422260267266,0.6551561,0.8038,0.8040125296632812,0.8038000000000001,0.8052896784592027,0.8038,0.8038,0.8038,0.8040125296632813,0.8038,0.8052896784592027,0.81469095,0.8167,0.8166751102037478,0.8167,0.8170795207132493,0.8167,0.8167,0.8167,0.8166751102037478,0.8167,0.8170795207132493,0.913634,0.6972,0.697097125373684,0.6971999999999999,0.7001492130077731,0.6972,0.6972,0.6972,0.697097125373684,0.6972,0.700149213007773,1.2321491,0.6933,0.6931800184987066,0.6933,0.6940747875890401,0.6933,0.6933,0.6933,0.6931800184987066,0.6933,0.69407478758904
25,75,23,2310.2904504267476,1075.884405375244,0.6591129,0.8061,0.8055400826049673,0.8061,0.8058486918869553,0.8060999999999999,0.8061,0.8061,0.8055400826049675,0.8061,0.8058486918869554,0.8273184,0.8159,0.8157548398330465,0.8159000000000001,0.8162584698214485,0.8159,0.8159,0.8159,0.8157548398330465,0.8159,0.8162584698214483,0.96133506,0.6871,0.6860663509970133,0.6871,0.689618348007744,0.6871,0.6871,0.6871,0.6860663509970133,0.6871,0.6896183480077441,1.2446555,0.6921,0.6918520371702511,0.6921,0.6934865664430264,0.6921,0.6921,0.6921,0.691852037170251,0.6921,0.6934865664430264
26,75,19,2320.668103570294,1053.202035451146,0.655468,0.8035,0.803933848329595,0.8035,0.8052636064503209,0.8035,0.8035,0.8035,0.803933848329595,0.8035,0.8052636064503209,0.826941,0.8154,0.8155238850172918,0.8154,0.816174757131576,0.8153999999999999,0.8154,0.8154,0.8155238850172918,0.8154,0.816174757131576,0.9710738,0.6753,0.6752370261427076,0.6753,0.6848732828431227,0.6753,0.6753,0.6753,0.6752370261427076,0.6753,0.6848732828431227,1.2805723,0.6926,0.6925738102622072,0.6926,0.6947205517303301,0.6926,0.6926,0.6926,0.6925738102622073,0.6926,0.69472055173033
27,75,11,2328.4996719966725,1052.6053016876938,0.65371907,0.8068,0.8071638270138397,0.8068,0.8084201861404321,0.8068000000000001,0.8068,0.8068,0.8071638270138397,0.8068,0.8084201861404318,0.8321295,0.8182,0.8182778327964918,0.8182,0.818785264687004,0.8182000000000001,0.8182,0.8182,0.8182778327964918,0.8182,0.818785264687004,0.9053211,0.7033,0.7029567108781054,0.7033,0.7070850830138946,0.7033,0.7033,0.7033,0.7029567108781055,0.7033,0.7070850830138946,1.2162223,0.715,0.7148621937362916,0.7150000000000001,0.716398360456751,0.715,0.715,0.715,0.7148621937362916,0.715,0.7163983604567509
28,75,6,2333.7913727581786,1044.7373875965523,0.6647043,0.8093,0.8079977485696597,0.8093,0.8086351124992295,0.8093,0.8093,0.8093,0.8079977485696598,0.8093,0.8086351124992295,0.8436096,0.8212,0.8210983849180649,0.8211999999999999,0.821262849923218,0.8212,0.8212,0.8212,0.8210983849180647,0.8212,0.821262849923218,0.9262405,0.7069,0.7043375553522477,0.7068999999999999,0.7104325910755136,0.7069,0.7069,0.7069,0.7043375553522477,0.7069,0.7104325910755137,1.1901246,0.7268,0.7262190282458849,0.7267999999999999,0.7272011249683066,0.7268,0.7268,0.7268,0.7262190282458848,0.7268,0.7272011249683065
29,75,3,2337.0881607804336,1035.7557451468629,0.6426415,0.813,0.8130056360959681,0.813,0.8136440539089381,0.813,0.813,0.813,0.813005636095968,0.813,0.8136440539089381,0.8478192,0.8227,0.8226518611627528,0.8227,0.8229078715847995,0.8227,0.8227,0.8227,0.8226518611627529,0.8227,0.8229078715847996,0.79912364,0.7513,0.7507373302513324,0.7513000000000001,0.7529988312651643,0.7513,0.7513,0.7513,0.7507373302513324,0.7513,0.7529988312651642,1.0947518,0.7543,0.7541080415043624,0.7543,0.7548143077718934,0.7543,0.7543,0.7543,0.7541080415043624,0.7543,0.7548143077718934
30,75,1,2338.3574571948293,1034.2502166401325,0.6643775,0.8147,0.8149204789050426,0.8147,0.8164190506855713,0.8147,0.8147,0.8147,0.8149204789050426,0.8147,0.8164190506855713,0.8675277,0.8245,0.8245264309926169,0.8245000000000001,0.8248827767065656,0.8245,0.8245,0.8245,0.8245264309926168,0.8245,0.8248827767065655,0.81314784,0.7498,0.7498285622054791,0.7498,0.7547126240397335,0.7498,0.7498,0.7498,0.7498285622054791,0.7498,0.7547126240397334,1.0407541,0.7683,0.7677507444665026,0.7683,0.7699125404915825,0.7683,0.7683,0.7683,0.7677507444665025,0.7683,0.7699125404915824
31,75,1,2338.8123648939722,1000.1321392048928,0.65540564,0.8175,0.816975116846973,0.8174999999999999,0.8177727315831218,0.8175,0.8175,0.8175,0.8169751168469731,0.8175,0.8177727315831218,0.86822265,0.8275,0.8274022525257893,0.8275,0.8275793083965451,0.8275,0.8275,0.8275,0.8274022525257891,0.8275,0.8275793083965453,0.74335974,0.7757,0.7748544451633123,0.7757,0.7778947610258664,0.7757,0.7757,0.7757,0.7748544451633124,0.7757,0.7778947610258664,1.0019372,0.7845,0.7838384215805941,0.7844999999999999,0.7853478726813561,0.7844999999999999,0.7845,0.7845,0.7838384215805941,0.7845,0.7853478726813561
32,75,0,2339.337233716203,0.0,0.66641706,0.8188,0.8187573162179872,0.8188000000000001,0.8202723561750073,0.8188,0.8188,0.8188,0.8187573162179871,0.8188,0.8202723561750074,0.86348593,0.8293,0.8293632048034378,0.8292999999999999,0.8296014667741847,0.8293,0.8293,0.8293,0.8293632048034381,0.8293,0.8296014667741847,0.73856926,0.781,0.7806864517340875,0.7809999999999999,0.7845754938135819,0.7810000000000001,0.781,0.781,0.7806864517340873,0.781,0.7845754938135819,0.9540551,0.7929,0.7922627306322398,0.7929,0.793503359861577,0.7928999999999999,0.7929,0.7929,0.7922627306322398,0.7929,0.793503359861577
33,75,0,2339.3372337161973,0.0,0.6678169,0.8213,0.8204412821378693,0.8213000000000001,0.8217872748032242,0.8213,0.8213,0.8213,0.8204412821378694,0.8213,0.8217872748032241,0.86677814,0.8315,0.8314795200011129,0.8315000000000001,0.8318182061398425,0.8315,0.8315,0.8315,0.8314795200011131,0.8315,0.8318182061398424,0.7166015,0.792,0.7901332412739746,0.792,0.794523343745452,0.792,0.792,0.792,0.7901332412739747,0.792,0.794523343745452,0.94133586,0.8031,0.8025497502117822,0.8030999999999999,0.803933704528616,0.8031,0.8031,0.8031,0.8025497502117822,0.8031,0.803933704528616
34,75,0,2339.3372337161936,0.0,0.6865469,0.8184,0.8180296650324843,0.8183999999999999,0.819440436695905,0.8184,0.8184,0.8184,0.8180296650324842,0.8184,0.819440436695905,0.8825931,0.8282,0.8280783960909057,0.8282,0.8282410178333839,0.8282,0.8282,0.8282,0.8280783960909057,0.8282,0.8282410178333841,0.6967353,0.7986,0.7979192428303135,0.7986,0.7990940445150835,0.7986,0.7986,0.7986,0.7979192428303136,0.7986,0.7990940445150835,0.9305463,0.8069,0.8063768202943633,0.8069000000000001,0.807604012600841,0.8069,0.8069,0.8069,0.8063768202943633,0.8069,0.8076040126008409
35,75,0,2339.3372337161873,0.0,0.6781369,0.8212,0.821340452084448,0.8211999999999999,0.8225616228712347,0.8212,0.8212,0.8212,0.8213404520844481,0.8212,0.8225616228712346,0.8816039,0.8294,0.829410939928979,0.8294,0.829740028053654,0.8293999999999999,0.8294,0.8294,0.8294109399289787,0.8294,0.829740028053654,0.7137785,0.7986,0.7982949886637523,0.7986,0.8023382720936055,0.7986,0.7986,0.7986,0.7982949886637523,0.7986,0.8023382720936056,0.9350917,0.8106,0.8100479979334703,0.8106,0.8115358450840262,0.8106,0.8106,0.8106,0.8100479979334703,0.8106,0.8115358450840263
36,75,0,2339.337233716186,0.0,0.6652962,0.8228,0.8227338912188298,0.8228,0.8234596492026102,0.8227999999999999,0.8228,0.8228,0.8227338912188298,0.8228,0.8234596492026102,0.89466184,0.8319,0.8318975297915431,0.8319000000000001,0.8322421702631301,0.8319,0.8319,0.8319,0.8318975297915431,0.8319,0.8322421702631302,0.6873253,0.8045,0.8039341660857842,0.8045,0.8055693488085381,0.8044999999999999,0.8045,0.8045,0.803934166085784,0.8045,0.8055693488085383,0.9157419,0.8104,0.8098818630005422,0.8104000000000001,0.8109444545672764,0.8104,0.8104,0.8104,0.8098818630005423,0.8104,0.8109444545672765
37,75,0,2339.33723371618,0.0,0.67258674,0.8215,0.8214200404753293,0.8215,0.8222002607361831,0.8215,0.8215,0.8215,0.8214200404753293,0.8215,0.8222002607361832,0.8964021,0.8316,0.831477730957557,0.8316000000000001,0.8316254671591528,0.8316,0.8316,0.8316,0.831477730957557,0.8316,0.8316254671591529,0.6924957,0.8035,0.803144158153515,0.8035,0.8043987585382624,0.8035,0.8035,0.8035,0.803144158153515,0.8035,0.8043987585382623,0.919434,0.8136,0.8131882004856992,0.8135999999999999,0.8144129927018705,0.8136,0.8136,0.8136,0.8131882004856993,0.8136,0.8144129927018706
38,75,0,2339.337233716174,0.0,0.6743603,0.8245,0.8243476781481235,0.8245000000000001,0.8248650839032585,0.8245,0.8245,0.8245,0.8243476781481235,0.8245,0.8248650839032585,0.89378846,0.8323,0.8321279427576551,0.8323,0.8322862491619821,0.8323,0.8323,0.8323,0.832127942757655,0.8323,0.8322862491619822,0.6953052,0.807,0.8061987827750468,0.807,0.807571182867466,0.807,0.807,0.807,0.8061987827750468,0.807,0.807571182867466,0.9130377,0.8129,0.8120646951281014,0.8129,0.8132029226511763,0.8129,0.8129,0.8129,0.8120646951281013,0.8129,0.8132029226511763
39,75,0,2339.337233716167,0.0,0.68335116,0.8225,0.8222782834113067,0.8225000000000001,0.8231122394486416,0.8225,0.8225,0.8225,0.8222782834113068,0.8225,0.8231122394486416,0.8989481,0.8329,0.8326456613225363,0.8328999999999999,0.8327594797429081,0.8329000000000001,0.8329,0.8329,0.832645661322536,0.8329,0.8327594797429081,0.6945914,0.8022,0.8009642284554914,0.8022,0.8026392353327851,0.8021999999999999,0.8022,0.8022,0.8009642284554914,0.8022,0.8026392353327853,0.9252461,0.815,0.8141743941779647,0.8150000000000001,0.815604921097109,0.815,0.815,0.815,0.8141743941779646,0.815,0.8156049210971091
40,75,0,2339.3372337161627,0.0,0.70176864,0.8208,0.8203831834784155,0.8208,0.8217212937062799,0.8208,0.8208,0.8208,0.8203831834784155,0.8208,0.8217212937062799,0.8948713,0.8315,0.8312974197151146,0.8314999999999999,0.8314973563629143,0.8315,0.8315,0.8315,0.8312974197151146,0.8315,0.8314973563629147,0.7110995,0.807,0.8058960700775379,0.807,0.8073237122432882,0.807,0.807,0.807,0.8058960700775379,0.807,0.8073237122432881,0.9141966,0.8155,0.8149031489582891,0.8154999999999999,0.8164730375041428,0.8155,0.8155,0.8155,0.8149031489582891,0.8155,0.8164730375041428
41,75,0,2339.3372337161586,0.0,0.6844333,0.8244,0.8244045934372985,0.8244,0.8248747912455189,0.8244,0.8244,0.8244,0.8244045934372988,0.8244,0.8248747912455189,0.9017338,0.8308,0.830441373501354,0.8308,0.8306638576917242,0.8308,0.8308,0.8308,0.830441373501354,0.8308,0.8306638576917241,0.6842338,0.812,0.81168456578502,0.812,0.8123372571289476,0.8119999999999999,0.812,0.812,0.8116845657850201,0.812,0.8123372571289477,0.9201086,0.8165,0.815871571547493,0.8164999999999999,0.8173299836875204,0.8165,0.8165,0.8165,0.815871571547493,0.8165,0.8173299836875203
42,75,0,2339.3372337161522,0.0,0.6809439,0.8251,0.8248946849356518,0.8251,0.8255709496222485,0.8251,0.8251,0.8251,0.8248946849356518,0.8251,0.8255709496222485,0.89047873,0.8347,0.8344255038157989,0.8347,0.8344873681952458,0.8347,0.8347,0.8347,0.8344255038157989,0.8347,0.8344873681952458,0.6757215,0.813,0.8121875932990503,0.813,0.8128965211193553,0.813,0.813,0.813,0.8121875932990504,0.813,0.8128965211193552,0.903266,0.8174,0.8169420636745077,0.8173999999999999,0.8178692046616852,0.8174,0.8174,0.8174,0.8169420636745078,0.8174,0.8178692046616854
43,75,0,2339.3372337161513,0.0,0.69123864,0.8274,0.8274041363720421,0.8274000000000001,0.8281823128293098,0.8274,0.8274,0.8274,0.827404136372042,0.8274,0.8281823128293099,0.9090251,0.8342,0.8341005664141614,0.8342,0.8342357559029132,0.8342,0.8342,0.8342,0.8341005664141614,0.8342,0.8342357559029131,0.693027,0.8115,0.8112833742697628,0.8115,0.8124916393574362,0.8115,0.8115,0.8115,0.8112833742697628,0.8115,0.8124916393574361,0.90566546,0.8189,0.8186352196153965,0.8189,0.8193950782724094,0.8189,0.8189,0.8189,0.8186352196153964,0.8189,0.8193950782724094
44,75,0,2339.337233716146,0.0,0.6869334,0.8276,0.8277235472710652,0.8276,0.8288681785643858,0.8276,0.8276,0.8276,0.8277235472710652,0.8276,0.8288681785643858,0.89794004,0.8354,0.8354503148503127,0.8354000000000001,0.8357043567227956,0.8354,0.8354,0.8354,0.8354503148503126,0.8354,0.8357043567227956,0.6873365,0.8137,0.8137415909570022,0.8137000000000001,0.8155416993102758,0.8136999999999999,0.8137,0.8137,0.8137415909570022,0.8137,0.815541699310276,0.9117482,0.8176,0.8174304281236384,0.8176,0.8184311625813432,0.8176,0.8176,0.8176,0.8174304281236384,0.8176,0.8184311625813433
45,75,0,2339.3372337161395,0.0,0.6942784,0.8263,0.8265828457953731,0.8263,0.8275989772902287,0.8263,0.8263,0.8263,0.8265828457953732,0.8263,0.8275989772902285,0.8922324,0.836,0.836051915271416,0.8360000000000001,0.8363474767378041,0.836,0.836,0.836,0.8360519152714162,0.836,0.8363474767378042,0.6775997,0.8132,0.8133978064313763,0.8131999999999999,0.8142916542021448,0.8132,0.8132,0.8132,0.8133978064313763,0.8132,0.8142916542021448,0.88070977,0.8204,0.8202510841927824,0.8204,0.821048065791737,0.8204,0.8204,0.8204,0.8202510841927823,0.8204,0.821048065791737
46,75,0,2339.337233716134,0.0,0.6751469,0.8299,0.830011748531922,0.8299,0.8306494007998649,0.8298999999999999,0.8299,0.8299,0.8300117485319218,0.8299,0.830649400799865,0.88347757,0.8343,0.8343636282507159,0.8343,0.834776321380952,0.8343,0.8343,0.8343,0.834363628250716,0.8343,0.8347763213809521,0.6714268,0.8179,0.8178929970244914,0.8179000000000001,0.8195964524439636,0.8179,0.8179,0.8179,0.8178929970244915,0.8179,0.8195964524439636,0.8788068,0.8208,0.8205551310734963,0.8208,0.8217411839841509,0.8208,0.8208,0.8208,0.8205551310734963,0.8208,0.8217411839841509
47,75,0,2339.3372337161295,0.0,0.67113405,0.8287,0.8285513308446744,0.8286999999999999,0.8291185077699742,0.8287,0.8287,0.8287,0.8285513308446744,0.8287,0.8291185077699742,0.8904826,0.8357,0.8356105385842814,0.8357000000000001,0.8359364119582324,0.8357,0.8357,0.8357,0.8356105385842814,0.8357,0.8359364119582324,0.6703213,0.8178,0.817504244095803,0.8178000000000001,0.8186796994179127,0.8178,0.8178,0.8178,0.817504244095803,0.8178,0.8186796994179127,0.8916043,0.8211,0.820935594527722,0.8211,0.822004671693931,0.8211,0.8211,0.8211,0.820935594527722,0.8211,0.8220046716939311
48,75,0,2339.3372337161245,0.0,0.68948776,0.8284,0.8284234725997658,0.8284,0.8295561381425245,0.8284,0.8284,0.8284,0.828423472599766,0.8284,0.8295561381425246,0.88329333,0.8347,0.8346039861603216,0.8347,0.8349661186309598,0.8347,0.8347,0.8347,0.8346039861603216,0.8347,0.83496611863096,0.68907493,0.8157,0.815254937000414,0.8157,0.8165741858374875,0.8156999999999999,0.8157,0.8157,0.815254937000414,0.8157,0.8165741858374875,0.8857455,0.8219,0.8215255388802294,0.8219000000000001,0.8226646964225555,0.8219,0.8219,0.8219,0.8215255388802294,0.8219,0.8226646964225555
49,75,0,2339.337233716119,0.0,0.6924716,0.83,0.8299293018473296,0.8300000000000001,0.8305033352085511,0.83,0.83,0.83,0.8299293018473296,0.83,0.8305033352085512,0.912475,0.8361,0.8359833877534776,0.8361000000000001,0.8363571644502678,0.8361,0.8361,0.8361,0.8359833877534775,0.8361,0.8363571644502678,0.6903561,0.8187,0.8180480274261918,0.8187,0.8192638624729822,0.8186999999999999,0.8187,0.8187,0.8180480274261918,0.8187,0.8192638624729821,0.89387375,0.8225,0.8221094780979069,0.8225000000000001,0.8236195557922843,0.8225,0.8225,0.8225,0.8221094780979069,0.8225,0.8236195557922842
50,75,0,2339.3372337161154,0.0,0.69538563,0.8301,0.8299938105777371,0.8301000000000001,0.8312783022567339,0.8301,0.8301,0.8301,0.8299938105777371,0.8301,0.8312783022567338,0.8971391,0.8356,0.8356089794096426,0.8356,0.8362095137211305,0.8355999999999999,0.8356,0.8356,0.8356089794096427,0.8356,0.8362095137211305,0.6927686,0.8163,0.81562355464403,0.8163,0.8177235686673775,0.8162999999999999,0.8163,0.8163,0.81562355464403,0.8163,0.8177235686673775,0.89437264,0.8239,0.8235166698740505,0.8239000000000001,0.825258833124567,0.8239000000000001,0.8239,0.8239,0.8235166698740504,0.8239,0.8252588331245669
51,75,0,2339.337233716109,0.0,0.7024882,0.8283,0.8284094282232622,0.8282999999999999,0.8294418068716152,0.8283,0.8283,0.8283,0.8284094282232621,0.8283,0.8294418068716152,0.89848125,0.8369,0.8369085259243736,0.8369,0.8373824431706243,0.8369,0.8369,0.8369,0.8369085259243737,0.8369,0.8373824431706245,0.7100806,0.8162,0.8159375414298203,0.8162,0.8182471700900882,0.8162,0.8162,0.8162,0.8159375414298201,0.8162,0.8182471700900883,0.8894383,0.8261,0.8257543873771827,0.8261,0.8271106889667827,0.8261,0.8261,0.8261,0.8257543873771827,0.8261,0.8271106889667826
52,75,0,2339.3372337161036,0.0,0.70410925,0.8281,0.8271835923489398,0.8281000000000001,0.828300262248575,0.8281,0.8281,0.8281,0.82718359234894,0.8281,0.828300262248575,0.8927935,0.837,0.8371191071297911,0.8370000000000001,0.8376828538942455,0.8370000000000001,0.837,0.837,0.8371191071297912,0.837,0.8376828538942457,0.70053315,0.8215,0.8201768593690844,0.8215,0.8220274289932898,0.8215,0.8215,0.8215,0.8201768593690844,0.8215,0.8220274289932901,0.86651427,0.8262,0.8258507338623845,0.8262,0.8269947173930008,0.8262,0.8262,0.8262,0.8258507338623845,0.8262,0.8269947173930008
53,75,0,2339.337233716101,0.0,0.6755089,0.8311,0.8307145360043231,0.8311,0.8315160686223815,0.8311,0.8311,0.8311,0.8307145360043232,0.8311,0.8315160686223815,0.889151,0.8349,0.8351362147796404,0.8349,0.8357815530949555,0.8349000000000001,0.8349,0.8349,0.8351362147796404,0.8349,0.8357815530949556,0.6689758,0.8236,0.8227361825593131,0.8236000000000001,0.8239284240514945,0.8236,0.8236,0.8236,0.822736182559313,0.8236,0.8239284240514946,0.87974143,0.8257,0.8254536802428671,0.8257,0.826858834881639,0.8257,0.8257,0.8257,0.8254536802428671,0.8257,0.8268588348816389
54,75,0,2339.337233716096,0.0,0.68894666,0.8302,0.8300159780348981,0.8301999999999999,0.8307887356142043,0.8302,0.8302,0.8302,0.8300159780348979,0.8302,0.8307887356142041,0.89440566,0.8361,0.8362584422638488,0.8360999999999998,0.8367935187085187,0.8361,0.8361,0.8361,0.8362584422638489,0.8361,0.8367935187085186,0.684879,0.8173,0.816788875544813,0.8173,0.818355255563762,0.8173,0.8173,0.8173,0.8167888755448132,0.8173,0.8183552555637621,0.878384,0.8245,0.8240925297220164,0.8244999999999999,0.8255080563355683,0.8245,0.8245,0.8245,0.8240925297220165,0.8245,0.8255080563355685
55,75,0,2339.33723371609,0.0,0.6978502,0.83,0.829500980982399,0.8300000000000001,0.8299819463719468,0.83,0.83,0.83,0.8295009809823989,0.83,0.8299819463719469,0.90189373,0.8354,0.8355468279518391,0.8353999999999999,0.8359706543329558,0.8354,0.8354,0.8354,0.8355468279518391,0.8354,0.8359706543329559,0.68976253,0.821,0.8197674292436513,0.8210000000000001,0.820961880218716,0.821,0.821,0.821,0.8197674292436513,0.821,0.8209618802187161,0.8701894,0.8243,0.824101850849997,0.8242999999999998,0.8258926981941581,0.8243,0.8243,0.8243,0.8241018508499969,0.8243,0.8258926981941582
56,75,0,2339.3372337160827,0.0,0.70497227,0.8302,0.8296030465647156,0.8302000000000002,0.8303338240979116,0.8302,0.8302,0.8302,0.8296030465647156,0.8302,0.8303338240979118,0.900542,0.8369,0.8370013968097967,0.8369,0.8373369018435117,0.8369,0.8369,0.8369,0.8370013968097967,0.8369,0.8373369018435116,0.71495587,0.8172,0.8160749775943626,0.8172,0.8203562878649556,0.8172,0.8172,0.8172,0.8160749775943626,0.8172,0.8203562878649556,0.86360323,0.8251,0.8246297471195703,0.8251000000000002,0.8266582561931664,0.8251,0.8251,0.8251,0.8246297471195703,0.8251,0.8266582561931664
57,75,0,2339.3372337160795,0.0,0.69784325,0.8303,0.8307683214161894,0.8303,0.8320654927605874,0.8303,0.8303,0.8303,0.8307683214161893,0.8303,0.8320654927605872,0.90727705,0.8363,0.8363863728945203,0.8363000000000002,0.8366902564372725,0.8363,0.8363,0.8363,0.8363863728945203,0.8363,0.8366902564372726,0.68841285,0.8223,0.8221503499205018,0.8223,0.8233085894728912,0.8223,0.8223,0.8223,0.8221503499205018,0.8223,0.8233085894728912,0.8792867,0.8264,0.8259078725571009,0.8264000000000001,0.82772360153112,0.8264,0.8264,0.8264,0.825907872557101,0.8264,0.8277236015311199
58,75,0,2339.3372337160754,0.0,0.70853055,0.8289,0.8292277446123938,0.8289000000000002,0.8303263821604585,0.8289,0.8289,0.8289,0.8292277446123937,0.8289,0.8303263821604585,0.8980982,0.8361,0.8361999552591047,0.8360999999999998,0.8364680808493187,0.8361,0.8361,0.8361,0.8361999552591047,0.8361,0.8364680808493187,0.70817363,0.8203,0.8198678241691659,0.8203000000000001,0.8223856563784742,0.8203,0.8203,0.8203,0.8198678241691659,0.8203,0.822385656378474,0.87867314,0.8259,0.8254304181173169,0.8259000000000001,0.827186564017523,0.8259,0.8259,0.8259,0.8254304181173169,0.8259,0.827186564017523
59,75,0,2339.3372337160704,0.0,0.7001719,0.8286,0.8287926960504143,0.8286,0.8300007674450338,0.8286,0.8286,0.8286,0.8287926960504145,0.8286,0.8300007674450338,0.8875264,0.8356,0.8357427623913958,0.8356,0.8360886048730125,0.8355999999999999,0.8356,0.8356,0.8357427623913958,0.8356,0.8360886048730124,0.7182,0.8156,0.8150492631401326,0.8156000000000001,0.8193477198434614,0.8156,0.8156,0.8156,0.8150492631401325,0.8156,0.8193477198434616,0.8848978,0.8238,0.8232884646516736,0.8238,0.825295125235117,0.8238,0.8238,0.8238,0.8232884646516734,0.8238,0.8252951252351172
60,75,0,2339.3372337160654,0.0,0.6798169,0.829,0.8290766672550495,0.8290000000000001,0.829456948773245,0.8289999999999998,0.829,0.829,0.8290766672550494,0.829,0.8294569487732452,0.8921197,0.8361,0.8363115748489747,0.8361000000000001,0.8367761089936424,0.8361,0.8361,0.8361,0.8363115748489744,0.8361,0.8367761089936424,0.6781039,0.8216,0.8211740902038349,0.8216000000000001,0.8228535318986928,0.8215999999999999,0.8216,0.8216,0.8211740902038349,0.8216,0.8228535318986929,0.8648513,0.8256,0.825496448836982,0.8256,0.8274016882854139,0.8256,0.8256,0.8256,0.825496448836982,0.8256,0.8274016882854139
61,75,0,2339.3372337160604,0.0,0.69927424,0.8279,0.8283221512768781,0.8279,0.8295609228092384,0.8279,0.8279,0.8279,0.8283221512768781,0.8279,0.8295609228092385,0.8947671,0.8349,0.8351996276209899,0.8349,0.8358155762977963,0.8349000000000001,0.8349,0.8349,0.8351996276209899,0.8349,0.8358155762977963,0.67993665,0.8238,0.8239823489358598,0.8238000000000001,0.8252982997782492,0.8238,0.8238,0.8238,0.8239823489358598,0.8238,0.8252982997782492,0.8710504,0.8242,0.8241770736805943,0.8242,0.8264941473393991,0.8242,0.8242,0.8242,0.8241770736805946,0.8242,0.8264941473393991
62,75,0,2339.3372337160586,0.0,0.70852137,0.8284,0.828701280793041,0.8284,0.8299128423312354,0.8284,0.8284,0.8284,0.8287012807930411,0.8284,0.8299128423312355,0.9012824,0.8374,0.8375359145652193,0.8374,0.8379545635228297,0.8374,0.8374,0.8374,0.8375359145652191,0.8374,0.8379545635228296,0.7042052,0.8188,0.8187140966719835,0.8187999999999999,0.8226753813924359,0.8188,0.8188,0.8188,0.8187140966719835,0.8188,0.822675381392436,0.8467368,0.8266,0.8264102038613569,0.8266,0.8284205774234538,0.8266,0.8266,0.8266,0.826410203861357,0.8266,0.8284205774234537
63,75,0,2339.337233716055,0.0,0.7144703,0.8273,0.8273690458206768,0.8272999999999999,0.8288506552276299,0.8273,0.8273,0.8273,0.8273690458206769,0.8273,0.82885065522763,0.91120195,0.8378,0.8379033468830004,0.8378,0.8382496903914914,0.8378,0.8378,0.8378,0.8379033468830005,0.8378,0.8382496903914913,0.70583606,0.82,0.819448525386363,0.82,0.8212798572979739,0.82,0.82,0.82,0.8194485253863629,0.82,0.821279857297974,0.85347325,0.8262,0.8259265408651755,0.8262,0.8279673463940911,0.8262,0.8262,0.8262,0.8259265408651756,0.8262,0.827967346394091
64,75,0,2339.3372337160517,0.0,0.70011395,0.8326,0.832760081805357,0.8326,0.8332586364206037,0.8326,0.8326,0.8326,0.832760081805357,0.8326,0.8332586364206036,0.91078025,0.8381,0.8382383875945866,0.8381000000000001,0.83868757880667,0.8381,0.8381,0.8381,0.8382383875945867,0.8381,0.83868757880667,0.6937943,0.8207,0.8205469656220344,0.8207000000000001,0.8228111916304339,0.8207,0.8207,0.8207,0.8205469656220344,0.8207,0.8228111916304337,0.86663264,0.8256,0.8253429688293185,0.8256,0.8278373063235275,0.8256,0.8256,0.8256,0.8253429688293187,0.8256,0.8278373063235275
65,75,0,2339.337233716048,0.0,0.7001558,0.8281,0.8280408108320219,0.8281000000000001,0.8288456826826991,0.8281,0.8281,0.8281,0.8280408108320216,0.8281,0.8288456826826991,0.9149338,0.8374,0.8374672062838261,0.8374,0.8377936727221126,0.8374,0.8374,0.8374,0.8374672062838261,0.8374,0.8377936727221128,0.6946417,0.8227,0.8221224092805762,0.8227,0.8253921830580253,0.8227,0.8227,0.8227,0.8221224092805763,0.8227,0.8253921830580252,0.856432,0.8286,0.8281989649905569,0.8286000000000001,0.8301033498133197,0.8286,0.8286,0.8286,0.8281989649905567,0.8286,0.8301033498133196
66,75,0,2339.3372337160436,0.0,0.6933569,0.8327,0.8326289508306617,0.8327,0.8329009649618939,0.8327000000000001,0.8327,0.8327,0.8326289508306616,0.8327,0.832900964961894,0.9160695,0.8366,0.8367352499090505,0.8366,0.8370744569522961,0.8366,0.8366,0.8366,0.8367352499090505,0.8366,0.8370744569522962,0.68211627,0.8275,0.8264134873863039,0.8275,0.8271421463782245,0.8275,0.8275,0.8275,0.8264134873863038,0.8275,0.8271421463782245,0.8637366,0.8288,0.8282989515494592,0.8288,0.8295658392607095,0.8288,0.8288,0.8288,0.8282989515494592,0.8288,0.8295658392607096
67,75,0,2339.3372337160363,0.0,0.7030589,0.8311,0.8312881895511767,0.8311,0.8324874691013809,0.8311,0.8311,0.8311,0.8312881895511768,0.8311,0.8324874691013809,0.93071395,0.8365,0.8365835337707171,0.8365,0.8368685930907267,0.8365,0.8365,0.8365,0.836583533770717,0.8365,0.8368685930907266,0.69303894,0.8222,0.8214519125814451,0.8222000000000002,0.8233061924809724,0.8222,0.8222,0.8222,0.8214519125814451,0.8222,0.8233061924809723,0.86125976,0.8291,0.8285491362933779,0.8291000000000001,0.8300481685202217,0.8291,0.8291,0.8291,0.8285491362933781,0.8291,0.8300481685202216
68,75,0,2339.3372337160336,0.0,0.69664025,0.8318,0.8322185202851188,0.8318000000000001,0.833321838643456,0.8318,0.8318,0.8318,0.8322185202851188,0.8318,0.8333218386434561,0.9115197,0.8374,0.8374908576753116,0.8374,0.8378582464334821,0.8374,0.8374,0.8374,0.8374908576753116,0.8374,0.8378582464334821,0.68484133,0.822,0.8215011151781587,0.8220000000000001,0.8223769491108184,0.822,0.822,0.822,0.8215011151781586,0.822,0.8223769491108185,0.8626838,0.8275,0.827039897810144,0.8275,0.8289875666427184,0.8275,0.8275,0.8275,0.8270398978101441,0.8275,0.8289875666427186
69,75,0,2339.337233716028,0.0,0.70256937,0.8304,0.8307725054020405,0.8304,0.8314590083355335,0.8304000000000001,0.8304,0.8304,0.8307725054020404,0.8304,0.8314590083355337,0.9228747,0.8364,0.836619169711101,0.8363999999999999,0.837111137064861,0.8364,0.8364,0.8364,0.8366191697111007,0.8364,0.8371111370648608,0.6976673,0.8229,0.8222616403166146,0.8229000000000001,0.8234544269243937,0.8229,0.8229,0.8229,0.8222616403166146,0.8229,0.8234544269243937,0.87385887,0.8279,0.8273764620040251,0.8279,0.8287073766200675,0.8279,0.8279,0.8279,0.8273764620040253,0.8279,0.8287073766200675
70,75,0,2339.3372337160217,0.0,0.7072731,0.8314,0.8314689836882094,0.8314,0.831955927375458,0.8314,0.8314,0.8314,0.8314689836882093,0.8314,0.8319559273754581,0.89706075,0.8364,0.8365790841898354,0.8364,0.837004575441792,0.8364,0.8364,0.8364,0.8365790841898355,0.8364,0.8370045754417917,0.6941373,0.8263,0.8254909441030447,0.8263,0.8263474441022522,0.8263,0.8263,0.8263,0.8254909441030448,0.8263,0.8263474441022522,0.87347937,0.828,0.827480276141003,0.8280000000000001,0.8295226137779945,0.828,0.828,0.828,0.8274802761410028,0.828,0.8295226137779946
71,75,0,2339.3372337160176,0.0,0.708763,0.832,0.8321578200967228,0.8320000000000001,0.8330529619803902,0.832,0.832,0.832,0.8321578200967228,0.832,0.8330529619803901,0.9179744,0.8381,0.8382969904993735,0.8381000000000001,0.838719515867043,0.8381,0.8381,0.8381,0.8382969904993733,0.8381,0.8387195158670431,0.72193885,0.821,0.8203393506107078,0.8210000000000001,0.8228754107072108,0.821,0.821,0.821,0.8203393506107077,0.821,0.8228754107072109,0.8765441,0.8274,0.8268387895947337,0.8274000000000001,0.828937392236927,0.8274,0.8274,0.8274,0.8268387895947337,0.8274,0.828937392236927
72,75,0,2339.337233716015,0.0,0.7058361,0.8323,0.8327710996422726,0.8323,0.8341741627641426,0.8323,0.8323,0.8323,0.8327710996422726,0.8323,0.8341741627641426,0.91344607,0.8387,0.8388647973642239,0.8387,0.83919813527306,0.8387,0.8387,0.8387,0.838864797364224,0.8387,0.83919813527306,0.7052193,0.8229,0.8226000952724265,0.8229000000000001,0.8245020425426647,0.8229,0.8229,0.8229,0.8226000952724264,0.8229,0.8245020425426648,0.87132186,0.8255,0.8251058182671256,0.8254999999999999,0.8270453562884331,0.8255,0.8255,0.8255,0.8251058182671257,0.8255,0.8270453562884333
73,75,0,2339.337233716009,0.0,0.7109692,0.8336,0.833774822837891,0.8335999999999999,0.8341369704351805,0.8336,0.8336,0.8336,0.8337748228378911,0.8336,0.8341369704351806,0.9294627,0.8372,0.8372967805861325,0.8371999999999999,0.8376404326434299,0.8372,0.8372,0.8372,0.8372967805861324,0.8372,0.8376404326434298,0.7222256,0.8216,0.8213154129337049,0.8215999999999999,0.8241188157313373,0.8215999999999999,0.8216,0.8216,0.821315412933705,0.8216,0.8241188157313373,0.8761367,0.8266,0.826288491510882,0.8266,0.8287213077885184,0.8266,0.8266,0.8266,0.826288491510882,0.8266,0.8287213077885184
74,75,0,2339.337233716002,0.0,0.70833963,0.8331,0.8331517387836712,0.8331000000000002,0.8338467504822248,0.8331,0.8331,0.8331,0.8331517387836713,0.8331,0.8338467504822247,0.9185425,0.8383,0.8383014465562061,0.8383,0.8385629279423016,0.8383000000000002,0.8383,0.8383,0.8383014465562061,0.8383,0.8385629279423014,0.72693616,0.8213,0.8205872773040503,0.8212999999999999,0.8254385550066592,0.8213,0.8213,0.8213,0.8205872773040505,0.8213,0.8254385550066592,0.8767102,0.8291,0.8283728865599503,0.8291000000000001,0.8309145358166699,0.8291,0.8291,0.8291,0.8283728865599501,0.8291,0.83091453581667
75,75,0,2339.337233716,0.0,0.6980287,0.8342,0.8338865902527031,0.8342,0.8345731852233389,0.8342,0.8342,0.8342,0.8338865902527032,0.8342,0.8345731852233388,0.9307716,0.8404,0.8402575321756134,0.8404,0.8404627607024997,0.8404,0.8404,0.8404,0.8402575321756134,0.8404,0.8404627607024999,0.7187921,0.8234,0.8224639869543371,0.8234,0.8268930086135793,0.8234,0.8234,0.8234,0.8224639869543369,0.8234,0.8268930086135792,0.8786155,0.8301,0.829397948532003,0.8301000000000001,0.8317375649457966,0.8301,0.8301,0.8301,0.8293979485320031,0.8301,0.8317375649457966
76,75,0,2339.3372337159963,0.0,0.7022045,0.8325,0.8320667959747562,0.8324999999999999,0.832475767573159,0.8325,0.8325,0.8325,0.832066795974756,0.8325,0.8324757675731588,0.9095309,0.8413,0.8411533250792722,0.8413,0.8412908342349796,0.8413000000000002,0.8413,0.8413,0.841153325079272,0.8413,0.8412908342349794,0.7185882,0.8241,0.8227157089510218,0.8240999999999999,0.8267111551288865,0.8240999999999999,0.8241,0.8241,0.8227157089510218,0.8241,0.8267111551288865,0.8819531,0.828,0.8272706847697711,0.828,0.8301228994414774,0.828,0.828,0.828,0.8272706847697711,0.828,0.8301228994414774
77,75,0,2339.337233715991,0.0,0.7115411,0.835,0.8346097086196125,0.835,0.8349653655570464,0.835,0.835,0.835,0.8346097086196125,0.835,0.8349653655570463,0.9036637,0.8396,0.8393540852008824,0.8395999999999999,0.8394954958255267,0.8396,0.8396,0.8396,0.8393540852008826,0.8396,0.8394954958255266,0.7154414,0.8261,0.8251825497080386,0.8261000000000001,0.8277315288896949,0.8261,0.8261,0.8261,0.8251825497080385,0.8261,0.8277315288896947,0.87720686,0.8277,0.8269566542637433,0.8276999999999999,0.8299101809717706,0.8277,0.8277,0.8277,0.8269566542637432,0.8277,0.8299101809717707
78,75,0,2339.3372337159885,0.0,0.6953534,0.8345,0.8338316654172873,0.8345,0.8339129650845791,0.8345,0.8345,0.8345,0.8338316654172871,0.8345,0.8339129650845792,0.91799,0.8398,0.839615216674361,0.8398,0.8397201573635605,0.8398,0.8398,0.8398,0.839615216674361,0.8398,0.8397201573635604,0.7041276,0.8272,0.825626649691792,0.8272,0.8285507773369764,0.8272,0.8272,0.8272,0.825626649691792,0.8272,0.8285507773369764,0.8732615,0.8301,0.8294376030164855,0.8301000000000001,0.8326420917727863,0.8301,0.8301,0.8301,0.8294376030164854,0.8301,0.832642091772786
79,75,0,2339.337233715983,0.0,0.70992905,0.8361,0.835958353572466,0.8361000000000001,0.8360912683364287,0.8361,0.8361,0.8361,0.835958353572466,0.8361,0.836091268336429,0.9143172,0.8404,0.8402312702163837,0.8404,0.840326858224496,0.8404,0.8404,0.8404,0.8402312702163838,0.8404,0.840326858224496,0.7058485,0.8275,0.8268362801502759,0.8274999999999999,0.8284123915910404,0.8275,0.8275,0.8275,0.8268362801502759,0.8275,0.8284123915910404,0.88649315,0.8289,0.8282379425226003,0.8289000000000002,0.8312872783535544,0.8289,0.8289,0.8289,0.8282379425226003,0.8289,0.8312872783535542
80,75,0,2339.3372337159776,0.0,0.7237959,0.8345,0.8344734229112658,0.8344999999999999,0.8351899504946788,0.8345,0.8345,0.8345,0.8344734229112657,0.8345,0.8351899504946788,0.9246843,0.8396,0.8395393002404947,0.8395999999999999,0.8396927515478827,0.8396,0.8396,0.8396,0.8395393002404947,0.8396,0.8396927515478828,0.7323923,0.8226,0.8219362766057922,0.8225999999999999,0.8251467909052586,0.8226,0.8226,0.8226,0.821936276605792,0.8226,0.8251467909052586,0.87440383,0.8287,0.8278928819051676,0.8287000000000001,0.8310198922718571,0.8287,0.8287,0.8287,0.8278928819051679,0.8287,0.8310198922718571
81,75,0,2339.3372337159726,0.0,0.7038813,0.8376,0.8377299069304438,0.8375999999999999,0.838052991857146,0.8376,0.8376,0.8376,0.8377299069304438,0.8376,0.8380529918571458,0.90887463,0.84,0.8399194478926004,0.8400000000000001,0.8401599576971982,0.8399999999999999,0.84,0.84,0.8399194478926003,0.84,0.8401599576971981,0.70329726,0.827,0.8263054546868315,0.827,0.8280078505484504,0.827,0.827,0.827,0.8263054546868316,0.827,0.8280078505484504,0.8686208,0.8292,0.8283792736888002,0.8291999999999999,0.8316582749925665,0.8292,0.8292,0.8292,0.8283792736888,0.8292,0.8316582749925666
82,75,0,2339.3372337159703,0.0,0.7134827,0.8355,0.8356531207746055,0.8355,0.8360709213000115,0.8355,0.8355,0.8355,0.8356531207746056,0.8355,0.8360709213000117,0.92095774,0.8393,0.8392552844604199,0.8393,0.8395111890809966,0.8393,0.8393,0.8393,0.8392552844604199,0.8393,0.8395111890809965,0.72743934,0.8244,0.823422328684941,0.8244,0.8266690184293155,0.8244,0.8244,0.8244,0.823422328684941,0.8244,0.8266690184293156,0.87580633,0.8285,0.8276341619677428,0.8285,0.8310231916397761,0.8285,0.8285,0.8285,0.8276341619677426,0.8285,0.8310231916397761
83,75,0,2339.3372337159635,0.0,0.71394795,0.8354,0.8356547362033094,0.8353999999999999,0.8365276704949147,0.8354,0.8354,0.8354,0.8356547362033095,0.8354,0.8365276704949147,0.91441154,0.8393,0.8393167753451612,0.8392999999999999,0.8395083165581333,0.8393,0.8393,0.8393,0.8393167753451612,0.8393,0.8395083165581333,0.7351129,0.8236,0.8229636570408617,0.8236000000000001,0.827568373918694,0.8236,0.8236,0.8236,0.8229636570408618,0.8236,0.827568373918694,0.8739004,0.8284,0.8276548722236405,0.8284,0.83118439081873,0.8284,0.8284,0.8284,0.8276548722236404,0.8284,0.8311843908187299
84,75,0,2339.3372337159594,0.0,0.7327763,0.8339,0.8341299586732509,0.8339000000000001,0.8354055963095286,0.8339,0.8339,0.8339,0.834129958673251,0.8339,0.8354055963095287,0.92015564,0.8411,0.8410539917931412,0.8411,0.8411567931554961,0.8411,0.8411,0.8411,0.8410539917931412,0.8411,0.8411567931554961,0.74202985,0.8217,0.8211744293213105,0.8216999999999999,0.8249653210932679,0.8217,0.8217,0.8217,0.8211744293213106,0.8217,0.8249653210932678,0.88648534,0.8283,0.8274250745047688,0.8282999999999999,0.8309229864955465,0.8283,0.8283,0.8283,0.8274250745047687,0.8283,0.8309229864955466
85,75,0,2339.337233715953,0.0,0.72119814,0.8349,0.8349902028867071,0.8349,0.8355981423964238,0.8349000000000001,0.8349,0.8349,0.8349902028867071,0.8349,0.8355981423964238,0.9137154,0.8411,0.8409029998094338,0.8411,0.8409148585850806,0.8411,0.8411,0.8411,0.8409029998094338,0.8411,0.8409148585850806,0.749206,0.8193,0.8186192115744799,0.8192999999999999,0.8233215059787516,0.8193,0.8193,0.8193,0.8186192115744799,0.8193,0.8233215059787518,0.8857007,0.8268,0.8258369884554968,0.8268000000000001,0.830167173428219,0.8267999999999999,0.8268,0.8268,0.8258369884554966,0.8268,0.830167173428219
86,75,0,2339.3372337159512,0.0,0.7063078,0.8353,0.8346658185904638,0.8352999999999999,0.8351775059123288,0.8353,0.8353,0.8353,0.8346658185904638,0.8353,0.8351775059123289,0.92829657,0.8409,0.8405891784640811,0.8409000000000001,0.8406722494043498,0.8409,0.8409,0.8409,0.8405891784640811,0.8409,0.8406722494043497,0.73012376,0.8235,0.8218902453415,0.8234999999999999,0.8267335126175697,0.8235,0.8235,0.8235,0.8218902453414999,0.8235,0.8267335126175698,0.8872957,0.83,0.8290998601050676,0.8299999999999998,0.8328690167901703,0.83,0.83,0.83,0.8290998601050676,0.83,0.8328690167901703
87,75,0,2339.337233715944,0.0,0.7041233,0.8352,0.8349304225013909,0.8352,0.8352215995908372,0.8352,0.8352,0.8352,0.8349304225013909,0.8352,0.8352215995908373,0.940708,0.8389,0.8387457743594172,0.8389000000000001,0.8390276395668878,0.8389000000000001,0.8389,0.8389,0.8387457743594173,0.8389,0.8390276395668878,0.7147535,0.8274,0.8262996336372644,0.8274000000000001,0.8298354238279207,0.8274,0.8274,0.8274,0.8262996336372643,0.8274,0.8298354238279207,0.8852581,0.8295,0.8285858840583034,0.8295,0.8324925577426505,0.8295,0.8295,0.8295,0.8285858840583035,0.8295,0.8324925577426505
88,75,0,2339.337233715938,0.0,0.7084625,0.836,0.8356284978391418,0.8360000000000001,0.8357127173536579,0.836,0.836,0.836,0.8356284978391418,0.836,0.8357127173536579,0.919807,0.8383,0.838138932690409,0.8382999999999999,0.8383618930627431,0.8383000000000002,0.8383,0.8383,0.838138932690409,0.8383,0.838361893062743,0.7251368,0.8261,0.8247578538656006,0.8261,0.8281890226948457,0.8261,0.8261,0.8261,0.8247578538656005,0.8261,0.8281890226948457,0.87982893,0.826,0.8251218888767544,0.826,0.8300043283073888,0.826,0.826,0.826,0.8251218888767544,0.826,0.8300043283073887
89,75,0,2339.337233715935,0.0,0.70731837,0.8348,0.8349231543187436,0.8348000000000001,0.8352029172226297,0.8348,0.8348,0.8348,0.8349231543187435,0.8348,0.8352029172226297,0.92267346,0.8388,0.8386593069315185,0.8388,0.838832896340033,0.8388,0.8388,0.8388,0.8386593069315184,0.8388,0.8388328963400329,0.71577156,0.8273,0.8265693916906359,0.8272999999999999,0.8293862521842955,0.8273,0.8273,0.8273,0.826569391690636,0.8273,0.8293862521842953,0.88546133,0.8282,0.8272300374914299,0.8282,0.8312448066657738,0.8282,0.8282,0.8282,0.8272300374914299,0.8282,0.831244806665774
90,75,0,2339.3372337159294,0.0,0.7197813,0.8335,0.8330669931376058,0.8335000000000001,0.8336611619297566,0.8335,0.8335,0.8335,0.8330669931376058,0.8335,0.8336611619297566,0.93916786,0.8389,0.838750751877237,0.8389000000000001,0.8388644188867612,0.8389000000000001,0.8389,0.8389,0.838750751877237,0.8389,0.8388644188867612,0.7319126,0.8237,0.8223885640017393,0.8237,0.8272258010999304,0.8237000000000001,0.8237,0.8237,0.8223885640017393,0.8237,0.8272258010999303,0.8903775,0.8278,0.8267686874334361,0.8278000000000001,0.8311143453394356,0.8278,0.8278,0.8278,0.826768687433436,0.8278,0.8311143453394357
91,75,0,2339.3372337159253,0.0,0.72255933,0.8351,0.8348054956998224,0.8351,0.834781259315388,0.8351,0.8351,0.8351,0.8348054956998225,0.8351,0.8347812593153882,0.9509594,0.8389,0.8387727907341244,0.8389,0.838938511665089,0.8389000000000001,0.8389,0.8389,0.8387727907341241,0.8389,0.838938511665089,0.7374285,0.8251,0.8236388654964794,0.8251000000000002,0.827067193742792,0.8251,0.8251,0.8251,0.8236388654964795,0.8251,0.8270671937427921,0.8913207,0.8283,0.8272550787597293,0.8283000000000001,0.8315159289188468,0.8283,0.8283,0.8283,0.8272550787597293,0.8283,0.8315159289188466
92,75,0,2339.3372337159212,0.0,0.7298573,0.833,0.8328875289313731,0.833,0.8334590252455845,0.833,0.833,0.833,0.832887528931373,0.833,0.8334590252455845,0.92368025,0.8383,0.8382964787551043,0.8382999999999999,0.8384903729915516,0.8383000000000002,0.8383,0.8383,0.8382964787551044,0.8383,0.8384903729915515,0.7332849,0.8242,0.8231517060116393,0.8241999999999999,0.8267383756248808,0.8242,0.8242,0.8242,0.8231517060116393,0.8242,0.8267383756248808,0.8887611,0.8297,0.8288260963572031,0.8297000000000001,0.8329441344774662,0.8297,0.8297,0.8297,0.828826096357203,0.8297,0.8329441344774663
93,75,0,2339.337233715917,0.0,0.72181356,0.8328,0.8331357391862013,0.8328,0.8338119191342701,0.8327999999999999,0.8328,0.8328,0.8331357391862013,0.8328,0.8338119191342701,0.93172365,0.8393,0.8392070659559664,0.8393,0.8392703942113473,0.8393,0.8393,0.8393,0.8392070659559664,0.8393,0.8392703942113471,0.72803104,0.8257,0.824873975552763,0.8257,0.8277689303764962,0.8257,0.8257,0.8257,0.8248739755527631,0.8257,0.8277689303764962,0.8778677,0.8285,0.8275695979180032,0.8285,0.831346013666708,0.8285,0.8285,0.8285,0.8275695979180031,0.8285,0.8313460136667079
94,75,0,2339.337233715913,0.0,0.7308709,0.8328,0.8328528169118083,0.8328,0.8334053082323241,0.8327999999999999,0.8328,0.8328,0.8328528169118082,0.8328,0.8334053082323238,0.93102264,0.8386,0.8385592359062084,0.8386000000000001,0.8386870182247304,0.8386,0.8386,0.8386,0.8385592359062084,0.8386,0.8386870182247301,0.7374096,0.8263,0.8251210091980734,0.8263,0.8285217819908622,0.8263,0.8263,0.8263,0.8251210091980734,0.8263,0.8285217819908621,0.8751623,0.8282,0.8271994725224806,0.8282,0.8306069681511113,0.8282,0.8282,0.8282,0.8271994725224806,0.8282,0.8306069681511113
95,75,0,2339.3372337159076,0.0,0.7250443,0.8345,0.8344316595921477,0.8345,0.8347754937820844,0.8345,0.8345,0.8345,0.8344316595921477,0.8345,0.8347754937820844,0.9360461,0.8392,0.8391868638904635,0.8392000000000002,0.8392956138183522,0.8392,0.8392,0.8392,0.8391868638904634,0.8392,0.839295613818352,0.7455304,0.8237,0.822407411907046,0.8237,0.8264199394389827,0.8237000000000001,0.8237,0.8237,0.8224074119070459,0.8237,0.8264199394389827,0.86812997,0.8295,0.8284666328478585,0.8295,0.831594640594667,0.8295,0.8295,0.8295,0.8284666328478585,0.8295,0.831594640594667
96,75,0,2339.337233715902,0.0,0.72855586,0.8323,0.83229809556152,0.8323,0.8329681440938682,0.8323,0.8323,0.8323,0.8322980955615201,0.8323,0.8329681440938681,0.926634,0.8389,0.8389044645076691,0.8389000000000001,0.8390361351713309,0.8389000000000001,0.8389,0.8389,0.8389044645076691,0.8389,0.8390361351713311,0.74118054,0.8258,0.8245468843376542,0.8257999999999999,0.8281409620093498,0.8258000000000001,0.8258,0.8258,0.8245468843376544,0.8258,0.8281409620093498,0.8630807,0.8312,0.830299021693454,0.8311999999999999,0.8333460040573726,0.8312,0.8312,0.8312,0.830299021693454,0.8312,0.8333460040573729
97,75,0,2339.337233715899,0.0,0.7185905,0.8363,0.8362965668511428,0.8362999999999999,0.836781626628207,0.8363,0.8363,0.8363,0.8362965668511427,0.8363,0.8367816266282069,0.9352506,0.8395,0.8394788012844939,0.8394999999999999,0.8396262830587755,0.8395000000000001,0.8395,0.8395,0.8394788012844938,0.8395,0.8396262830587755,0.75058806,0.8232,0.8219160808678507,0.8231999999999999,0.8264864621586799,0.8232,0.8232,0.8232,0.821916080867851,0.8232,0.8264864621586799,0.8749666,0.8304,0.8292825259235943,0.8304,0.8331201802489222,0.8304000000000001,0.8304,0.8304,0.8292825259235944,0.8304,0.8331201802489224
98,75,0,2339.3372337158944,0.0,0.72980183,0.8333,0.8333468383408495,0.8333,0.8339212755475724,0.8333,0.8333,0.8333,0.8333468383408498,0.8333,0.8339212755475722,0.9501618,0.8395,0.8395146293779489,0.8394999999999999,0.8397395891768532,0.8395000000000001,0.8395,0.8395,0.8395146293779487,0.8395,0.8397395891768532,0.74292237,0.826,0.8248153851614974,0.826,0.8289714294436795,0.826,0.826,0.826,0.8248153851614975,0.826,0.8289714294436795,0.88183904,0.8291,0.8279670939659207,0.8291000000000001,0.832222460923685,0.8291,0.8291,0.8291,0.8279670939659207,0.8291,0.8322224609236849
99,75,0,2339.337233715888,0.0,0.72933656,0.8351,0.8348716981814874,0.8351000000000001,0.8353554486871483,0.8351,0.8351,0.8351,0.8348716981814874,0.8351,0.8353554486871481,0.944577,0.8401,0.8400517625841347,0.8401,0.8403214853972747,0.8401,0.8401,0.8401,0.8400517625841348,0.8401,0.8403214853972748,0.7518045,0.8271,0.8256604133566638,0.8271000000000001,0.8302359725401545,0.8271,0.8271,0.8271,0.8256604133566637,0.8271,0.8302359725401544,0.8843185,0.8299,0.8286270505994615,0.8299,0.833208753695636,0.8298999999999999,0.8299,0.8299,0.8286270505994616,0.8299,0.833208753695636
100,75,0,2339.3372337158853,0.0,0.73145175,0.8345,0.8344339512100973,0.8344999999999999,0.8348364384495979,0.8345,0.8345,0.8345,0.8344339512100972,0.8345,0.8348364384495979,0.9471414,0.8411,0.8411196943528589,0.8411,0.8413717263057772,0.8411,0.8411,0.8411,0.8411196943528588,0.8411,0.8413717263057774,0.7482243,0.8273,0.8259290459570382,0.8272999999999999,0.8300469462086373,0.8273,0.8273,0.8273,0.8259290459570382,0.8273,0.8300469462086372,0.8840817,0.8298,0.8285114280735304,0.8298,0.8328069537437004,0.8298,0.8298,0.8298,0.8285114280735303,0.8298,0.8328069537437004
101,75,0,2339.337233715881,0.0,0.7385293,0.8343,0.8340550759611075,0.8343,0.8342668084171267,0.8343,0.8343,0.8343,0.8340550759611076,0.8343,0.8342668084171267,0.939833,0.8401,0.840115580883233,0.8401000000000002,0.8403989173661837,0.8401,0.8401,0.8401,0.8401155808832329,0.8401,0.8403989173661836,0.77209765,0.8236,0.8219527394806805,0.8235999999999999,0.8266311088727688,0.8236,0.8236,0.8236,0.8219527394806805,0.8236,0.8266311088727689,0.87790734,0.8282,0.8270305621111941,0.8282,0.8321047669290731,0.8282,0.8282,0.8282,0.827030562111194,0.8282,0.8321047669290732
102,75,0,2339.3372337158785,0.0,0.73293144,0.8354,0.8356329080592058,0.8353999999999999,0.8361359495564393,0.8354,0.8354,0.8354,0.8356329080592059,0.8354,0.8361359495564393,0.94608206,0.8387,0.8387373070891387,0.8387,0.8390548010788048,0.8387,0.8387,0.8387,0.8387373070891389,0.8387,0.8390548010788047,0.75025415,0.8267,0.8254123200952606,0.8267,0.8291321640254197,0.8267,0.8267,0.8267,0.8254123200952604,0.8267,0.8291321640254197,0.8868254,0.8288,0.827542121831392,0.8288,0.8321617444599803,0.8288,0.8288,0.8288,0.8275421218313921,0.8288,0.8321617444599803
103,75,0,2339.337233715875,0.0,0.7351319,0.8366,0.8364458093531828,0.8366,0.8368840478223387,0.8366,0.8366,0.8366,0.836445809353183,0.8366,0.8368840478223386,0.9260277,0.8392,0.8391957731601078,0.8392,0.839537415456031,0.8392,0.8392,0.8392,0.8391957731601078,0.8392,0.839537415456031,0.75493413,0.8264,0.8247225169076626,0.8263999999999999,0.828896215512354,0.8264,0.8264,0.8264,0.8247225169076627,0.8264,0.8288962155123542,0.88684607,0.8286,0.8274404916263061,0.8286,0.8321367100069261,0.8286,0.8286,0.8286,0.827440491626306,0.8286,0.8321367100069264
104,75,0,2339.337233715872,0.0,0.7355662,0.8338,0.8338225934808919,0.8337999999999999,0.8348056442866753,0.8338,0.8338,0.8338,0.8338225934808919,0.8338,0.8348056442866753,0.91918933,0.8402,0.8401791799339428,0.8402000000000001,0.8403682677468682,0.8402,0.8402,0.8402,0.8401791799339428,0.8402,0.840368267746868,0.7595357,0.8256,0.824284483994852,0.8256,0.8298330843231095,0.8256,0.8256,0.8256,0.8242844839948521,0.8256,0.8298330843231095,0.8887745,0.8277,0.8264842909651524,0.8276999999999999,0.8319692854394045,0.8277,0.8277,0.8277,0.8264842909651524,0.8277,0.8319692854394045
105,75,0,2339.3372337158667,0.0,0.733929,0.8352,0.8352128778382764,0.8352,0.83583054891411,0.8352,0.8352,0.8352,0.8352128778382762,0.8352,0.8358305489141099,0.9456416,0.84,0.8399498986179136,0.8400000000000001,0.8401029310520685,0.8399999999999999,0.84,0.84,0.8399498986179137,0.84,0.8401029310520683,0.7545634,0.8213,0.8201158999513591,0.8213000000000001,0.8240493372722051,0.8213,0.8213,0.8213,0.8201158999513591,0.8213,0.8240493372722052,0.8994914,0.8277,0.82645534572593,0.8277000000000001,0.8318741941650216,0.8277,0.8277,0.8277,0.8264553457259298,0.8277,0.8318741941650216
106,75,0,2339.337233715861,0.0,0.72274935,0.8363,0.8363052281057476,0.8363000000000002,0.8364350164730441,0.8363,0.8363,0.8363,0.8363052281057475,0.8363,0.8364350164730442,0.93892264,0.8392,0.839241766042362,0.8392,0.8394358613825034,0.8392,0.8392,0.8392,0.839241766042362,0.8392,0.8394358613825034,0.7548334,0.8234,0.8221410646089069,0.8234,0.8264950886492797,0.8234,0.8234,0.8234,0.8221410646089069,0.8234,0.8264950886492796,0.8981484,0.8276,0.8266454999111218,0.8276,0.8316675400229228,0.8276,0.8276,0.8276,0.8266454999111218,0.8276,0.8316675400229228
107,75,0,2339.3372337158585,0.0,0.7386145,0.8365,0.8364547552265709,0.8365,0.8371613011994278,0.8365,0.8365,0.8365,0.8364547552265708,0.8365,0.8371613011994278,0.9251613,0.8413,0.8412899217451149,0.8413,0.8413976681106827,0.8413000000000002,0.8413,0.8413,0.8412899217451147,0.8413,0.8413976681106826,0.7942943,0.8212,0.8201484388258887,0.8211999999999999,0.8281297960554873,0.8212,0.8212,0.8212,0.8201484388258888,0.8212,0.8281297960554872,0.9000953,0.8273,0.8262922570713755,0.8272999999999999,0.8316266767243168,0.8273,0.8273,0.8273,0.8262922570713755,0.8273,0.8316266767243169
108,75,0,2339.3372337158517,0.0,0.72944623,0.8341,0.8343034016060548,0.8341000000000001,0.8348060779774418,0.8341,0.8341,0.8341,0.8343034016060549,0.8341,0.8348060779774418,0.9216685,0.8378,0.8378042228806859,0.8378,0.8379897965915506,0.8378,0.8378,0.8378,0.8378042228806859,0.8378,0.8379897965915507,0.74833214,0.8243,0.8233222644789798,0.8243,0.8275253330828555,0.8243,0.8243,0.8243,0.8233222644789797,0.8243,0.8275253330828555,0.88431907,0.8284,0.8274401386805801,0.8283999999999999,0.8318751965305623,0.8284,0.8284,0.8284,0.8274401386805801,0.8284,0.8318751965305624
109,75,0,2339.3372337158467,0.0,0.72125,0.8338,0.8341254314635526,0.8338000000000001,0.8346604408942662,0.8338,0.8338,0.8338,0.8341254314635526,0.8338,0.8346604408942663,0.9428879,0.8381,0.8380899659796406,0.8381000000000001,0.8382475498903112,0.8381,0.8381,0.8381,0.8380899659796405,0.8381,0.8382475498903111,0.73448956,0.8269,0.8256752618416525,0.8269,0.8285761947998489,0.8269,0.8269,0.8269,0.8256752618416525,0.8269,0.828576194799849,0.8824789,0.8273,0.8259550219723121,0.8273000000000001,0.8305046861969458,0.8273,0.8273,0.8273,0.825955021972312,0.8273,0.8305046861969458
110,75,0,2339.337233715842,0.0,0.7297054,0.8338,0.8337407013281319,0.8337999999999999,0.8338521798178414,0.8338,0.8338,0.8338,0.8337407013281317,0.8338,0.8338521798178415,0.9497973,0.8391,0.839010258387086,0.8391,0.8391190768135788,0.8391,0.8391,0.8391,0.8390102583870861,0.8391,0.8391190768135788,0.7468605,0.8256,0.8240049000338706,0.8256,0.8271788880680135,0.8256,0.8256,0.8256,0.8240049000338706,0.8256,0.8271788880680137,0.8886312,0.8286,0.8271418146480076,0.8286,0.831182861274143,0.8286,0.8286,0.8286,0.8271418146480075,0.8286,0.831182861274143
111,75,0,2339.3372337158376,0.0,0.73542696,0.8355,0.8353371578007962,0.8355,0.8354402634449499,0.8355,0.8355,0.8355,0.8353371578007964,0.8355,0.8354402634449499,0.9344658,0.8379,0.8377025500381035,0.8379,0.8377041015565,0.8379,0.8379,0.8379,0.8377025500381035,0.8379,0.8377041015564999,0.75296164,0.8246,0.822946966101024,0.8246,0.8266386021819233,0.8246,0.8246,0.8246,0.8229469661010238,0.8246,0.8266386021819231,0.8823074,0.8284,0.8269507023858182,0.8284,0.8306181649222818,0.8284,0.8284,0.8284,0.8269507023858182,0.8284,0.8306181649222817
112,75,0,2339.3372337158344,0.0,0.7375646,0.8339,0.8333819885971947,0.8339000000000001,0.8337390185842665,0.8339,0.8339,0.8339,0.8333819885971947,0.8339,0.8337390185842664,0.9474747,0.8376,0.8373788103766163,0.8375999999999999,0.8373311625455278,0.8376,0.8376,0.8376,0.8373788103766164,0.8376,0.8373311625455276,0.7716922,0.8244,0.8222246931694647,0.8244,0.8276596609255895,0.8244,0.8244,0.8244,0.8222246931694648,0.8244,0.8276596609255895,0.89212704,0.8281,0.8267002124941236,0.8281000000000001,0.8306117873032189,0.8281,0.8281,0.8281,0.8267002124941236,0.8281,0.8306117873032188
113,75,0,2339.337233715827,0.0,0.74057,0.8335,0.8333754604430791,0.8335000000000001,0.8339498583956912,0.8335,0.8335,0.8335,0.8333754604430789,0.8335,0.8339498583956912,0.9437389,0.8385,0.8381862189709135,0.8385,0.8380694943732843,0.8385,0.8385,0.8385,0.8381862189709134,0.8385,0.8380694943732844,0.76296014,0.8255,0.8239813216483581,0.8254999999999999,0.8284572856148863,0.8255,0.8255,0.8255,0.823981321648358,0.8255,0.8284572856148863,0.8906036,0.828,0.8263916034215197,0.828,0.830640424633693,0.828,0.828,0.828,0.8263916034215197,0.828,0.8306404246336929
114,75,0,2339.337233715824,0.0,0.73961204,0.8327,0.832479290924477,0.8327,0.833000738998636,0.8327000000000001,0.8327,0.8327,0.8324792909244773,0.8327,0.8330007389986358,0.9288838,0.8394,0.8391691979150749,0.8394,0.8390851874181156,0.8394,0.8394,0.8394,0.8391691979150748,0.8394,0.8390851874181154,0.7529624,0.8272,0.8252507959514738,0.8272,0.8284128739623867,0.8272,0.8272,0.8272,0.8252507959514738,0.8272,0.8284128739623867,0.8890927,0.8303,0.8286923198205424,0.8303,0.8332264192868122,0.8303,0.8303,0.8303,0.8286923198205425,0.8303,0.8332264192868122
115,75,0,2339.337233715819,0.0,0.73257244,0.835,0.8346668399352707,0.835,0.8348737448706378,0.835,0.835,0.835,0.8346668399352708,0.835,0.8348737448706377,0.933526,0.8391,0.8388051982131713,0.8391,0.8387793420661275,0.8391,0.8391,0.8391,0.8388051982131713,0.8391,0.8387793420661276,0.76250064,0.8244,0.8224875160973854,0.8244000000000001,0.8272735861567988,0.8244,0.8244,0.8244,0.8224875160973854,0.8244,0.8272735861567988,0.8928848,0.8298,0.828174969740027,0.8298,0.833285462293196,0.8298,0.8298,0.8298,0.8281749697400271,0.8298,0.833285462293196
116,75,0,2339.337233715816,0.0,0.7382259,0.8356,0.8355590300745881,0.8356000000000001,0.8362761309297891,0.8355999999999999,0.8356,0.8356,0.8355590300745882,0.8356,0.8362761309297891,0.9468658,0.8403,0.8400872474753003,0.8403,0.8400820451370079,0.8403,0.8403,0.8403,0.8400872474753002,0.8403,0.8400820451370078,0.7560662,0.8285,0.8267638737461315,0.8285,0.8313778975557329,0.8285,0.8285,0.8285,0.8267638737461314,0.8285,0.8313778975557329,0.8988082,0.8293,0.8277189014545152,0.8292999999999999,0.8326214477646232,0.8293,0.8293,0.8293,0.8277189014545152,0.8293,0.8326214477646233
117,75,0,2339.3372337158125,0.0,0.7407283,0.8364,0.83577238365742,0.8364,0.8363017457971811,0.8364,0.8364,0.8364,0.83577238365742,0.8364,0.8363017457971811,0.94965535,0.8402,0.8400169961986999,0.8402000000000001,0.840015908293428,0.8402,0.8402,0.8402,0.8400169961986997,0.8402,0.8400159082934281,0.7745971,0.8238,0.821589017416325,0.8238,0.8267366536880525,0.8238,0.8238,0.8238,0.8215890174163248,0.8238,0.8267366536880525,0.8823813,0.8293,0.827722097857581,0.8293000000000001,0.8325010779579639,0.8293,0.8293,0.8293,0.827722097857581,0.8293,0.8325010779579639
118,75,0,2339.3372337158057,0.0,0.7256584,0.8377,0.8371142822169393,0.8377000000000001,0.837107726561479,0.8377,0.8377,0.8377,0.8371142822169393,0.8377,0.8371077265614791,0.94528496,0.8401,0.8398554792369554,0.8401000000000002,0.8398808465649402,0.8401,0.8401,0.8401,0.8398554792369552,0.8401,0.8398808465649403,0.7586999,0.8293,0.8269890479510584,0.8292999999999999,0.8313908877283309,0.8293,0.8293,0.8293,0.8269890479510584,0.8293,0.8313908877283309,0.9123826,0.8295,0.827916751347123,0.8295,0.8333160254910486,0.8295,0.8295,0.8295,0.827916751347123,0.8295,0.8333160254910484
119,75,0,2339.3372337158025,0.0,0.72859323,0.8378,0.8375224737737245,0.8378,0.8378265062446474,0.8378,0.8378,0.8378,0.8375224737737246,0.8378,0.8378265062446473,0.93481094,0.8396,0.8393037075707944,0.8395999999999999,0.8392858694431077,0.8396,0.8396,0.8396,0.8393037075707945,0.8396,0.8392858694431077,0.7636301,0.8259,0.8240869768489251,0.8259000000000001,0.8296869209693352,0.8259,0.8259,0.8259,0.8240869768489251,0.8259,0.8296869209693352,0.88550115,0.8307,0.829200475625734,0.8307,0.8340334578599615,0.8307,0.8307,0.8307,0.829200475625734,0.8307,0.8340334578599613
120,75,0,2339.337233715794,0.0,0.7333259,0.8361,0.8360869389763483,0.8361000000000001,0.8363886188399914,0.8361,0.8361,0.8361,0.8360869389763483,0.8361,0.8363886188399914,0.9352116,0.8398,0.8395505383554387,0.8398000000000001,0.8395120859851712,0.8398,0.8398,0.8398,0.8395505383554384,0.8398,0.8395120859851711,0.7462281,0.8303,0.828730175267214,0.8303,0.831832229311464,0.8303,0.8303,0.8303,0.8287301752672142,0.8303,0.831832229311464,0.88548416,0.827,0.8254108935510203,0.827,0.8302382905585276,0.827,0.827,0.827,0.8254108935510202,0.827,0.8302382905585275
121,75,0,2339.33723371579,0.0,0.7430879,0.8338,0.8335930591249516,0.8337999999999999,0.8345621631329818,0.8338,0.8338,0.8338,0.8335930591249516,0.8338,0.8345621631329817,0.9397787,0.841,0.8407905450528805,0.841,0.84077951145295,0.841,0.841,0.841,0.8407905450528805,0.841,0.8407795114529503,0.75410914,0.8254,0.8234038477841542,0.8253999999999999,0.8268572056635553,0.8254,0.8254,0.8254,0.8234038477841543,0.8254,0.8268572056635553,0.88154143,0.8295,0.8277517802946136,0.8295,0.8322342374012768,0.8295,0.8295,0.8295,0.8277517802946137,0.8295,0.8322342374012768
122,75,0,2339.3372337157857,0.0,0.74419457,0.8365,0.8362873497762534,0.8365,0.8363366372101726,0.8365,0.8365,0.8365,0.8362873497762534,0.8365,0.8363366372101726,0.9485293,0.8402,0.8399090156859084,0.8402000000000001,0.8398444988905591,0.8402,0.8402,0.8402,0.8399090156859084,0.8402,0.8398444988905592,0.7745508,0.8265,0.8247401171808615,0.8265,0.8298949452875461,0.8265,0.8265,0.8265,0.8247401171808615,0.8265,0.8298949452875464,0.8870297,0.8308,0.8293439834187041,0.8308,0.8341540157746069,0.8308,0.8308,0.8308,0.8293439834187042,0.8308,0.8341540157746069
123,75,0,2339.337233715779,0.0,0.7483245,0.8354,0.8350016035770672,0.8354000000000001,0.8356842656655982,0.8354,0.8354,0.8354,0.8350016035770672,0.8354,0.8356842656655983,0.94233435,0.8392,0.8388427924169959,0.8392000000000002,0.8387753182985174,0.8392,0.8392,0.8392,0.8388427924169959,0.8392,0.8387753182985176,0.78851086,0.8237,0.8215497342334764,0.8237,0.8281350341546174,0.8237000000000001,0.8237,0.8237,0.8215497342334763,0.8237,0.8281350341546173,0.8850576,0.8294,0.8279523105225058,0.8294,0.8330327640225068,0.8293999999999999,0.8294,0.8294,0.8279523105225058,0.8294,0.8330327640225068
124,75,0,2339.3372337157753,0.0,0.73690265,0.8364,0.8359489063412662,0.8364,0.8361319638335643,0.8364,0.8364,0.8364,0.8359489063412661,0.8364,0.8361319638335643,0.933038,0.8389,0.8386503489760774,0.8389,0.8386314538592154,0.8389000000000001,0.8389,0.8389,0.8386503489760775,0.8389,0.8386314538592154,0.74558055,0.8275,0.8261828564147982,0.8275,0.8291158329611369,0.8275,0.8275,0.8275,0.8261828564147982,0.8275,0.829115832961137,0.87998474,0.8296,0.8284134682023131,0.8296000000000001,0.8332910675151852,0.8296,0.8296,0.8296,0.8284134682023132,0.8296,0.8332910675151852
125,75,0,2339.3372337157675,0.0,0.72589016,0.8364,0.8363300900111155,0.8364,0.8364455094321667,0.8364,0.8364,0.8364,0.8363300900111155,0.8364,0.8364455094321666,0.9408788,0.8394,0.8392221465011517,0.8394,0.8393148276074817,0.8394,0.8394,0.8394,0.8392221465011517,0.8394,0.8393148276074817,0.7457678,0.8264,0.8252769028022021,0.8263999999999999,0.829833592403947,0.8264,0.8264,0.8264,0.8252769028022021,0.8264,0.8298335924039469,0.8927848,0.83,0.8288945781649388,0.8299999999999998,0.8334506533177966,0.83,0.83,0.83,0.8288945781649387,0.83,0.8334506533177966
126,75,0,2339.3372337157625,0.0,0.74323905,0.8377,0.8372497834020305,0.8377000000000001,0.8373194288402003,0.8377,0.8377,0.8377,0.8372497834020305,0.8377,0.8373194288402,0.9484738,0.8404,0.8402954006852384,0.8404,0.840318534084829,0.8404,0.8404,0.8404,0.8402954006852386,0.8404,0.8403185340848291,0.7726376,0.8253,0.8238187169650416,0.8252999999999998,0.8283506261005295,0.8253,0.8253,0.8253,0.8238187169650417,0.8253,0.8283506261005298,0.8730752,0.831,0.8300006719230291,0.8310000000000001,0.8340962820057569,0.831,0.831,0.831,0.8300006719230291,0.831,0.834096282005757
127,75,0,2339.337233715758,0.0,0.7501877,0.8351,0.8351567876778594,0.8351,0.8354633592152071,0.8351,0.8351,0.8351,0.8351567876778594,0.8351,0.835463359215207,0.9475445,0.8414,0.8412975165466376,0.8413999999999999,0.8413193085684088,0.8414,0.8414,0.8414,0.8412975165466376,0.8414,0.8413193085684086,0.757723,0.8294,0.8281893201191138,0.8294,0.8311171795652215,0.8293999999999999,0.8294,0.8294,0.8281893201191138,0.8294,0.8311171795652214,0.8770256,0.8313,0.8302731570929793,0.8313,0.8339124735353683,0.8313000000000001,0.8313,0.8313,0.8302731570929794,0.8313,0.8339124735353683
128,75,0,2339.3372337157534,0.0,0.74559873,0.8368,0.8365838171413953,0.8368,0.8365340063935015,0.8368,0.8368,0.8368,0.8365838171413954,0.8368,0.8365340063935015,0.93734354,0.8417,0.8416610675365387,0.8417,0.8417046551778231,0.8416999999999999,0.8417,0.8417,0.8416610675365388,0.8417,0.841704655177823,0.75120574,0.8295,0.8281292837487182,0.8295,0.831189969468831,0.8295,0.8295,0.8295,0.8281292837487183,0.8295,0.8311899694688311,0.8780022,0.8317,0.8309650066165271,0.8317,0.8347425118627487,0.8317,0.8317,0.8317,0.8309650066165268,0.8317,0.8347425118627488
129,75,0,2339.3372337157475,0.0,0.73327315,0.8382,0.838229958755852,0.8382,0.8384625758354097,0.8382,0.8382,0.8382,0.838229958755852,0.8382,0.8384625758354095,0.95258117,0.8425,0.8425203003957549,0.8425,0.8427066984551391,0.8425,0.8425,0.8425,0.842520300395755,0.8425,0.8427066984551391,0.74916196,0.829,0.8278568667829799,0.8290000000000001,0.8312041704396507,0.8289999999999998,0.829,0.829,0.8278568667829797,0.829,0.8312041704396507,0.88554823,0.8307,0.8299400753260727,0.8307,0.8338505561095226,0.8307,0.8307,0.8307,0.8299400753260728,0.8307,0.8338505561095226
130,75,0,2339.337233715743,0.0,0.7393242,0.8377,0.8377640679107259,0.8376999999999999,0.8380162357431213,0.8377,0.8377,0.8377,0.8377640679107259,0.8377,0.8380162357431215,0.94814754,0.8416,0.8416191339909919,0.8416,0.8417669098613436,0.8416,0.8416,0.8416,0.841619133990992,0.8416,0.8417669098613434,0.7423461,0.8295,0.8287206380503521,0.8295,0.8308627527556057,0.8295,0.8295,0.8295,0.8287206380503521,0.8295,0.8308627527556056,0.87591386,0.8325,0.831798487298078,0.8324999999999999,0.8358890220520998,0.8325,0.8325,0.8325,0.8317984872980781,0.8325,0.8358890220520998
131,75,0,2339.337233715738,0.0,0.74392325,0.838,0.8376633313466246,0.8380000000000001,0.8377311957292477,0.838,0.838,0.838,0.8376633313466245,0.838,0.8377311957292477,0.94197726,0.8421,0.8421440545074586,0.8421,0.8422836985692476,0.8421,0.8421,0.8421,0.8421440545074586,0.8421,0.8422836985692477,0.7612823,0.8276,0.8264918648195684,0.8276,0.8300593788244333,0.8276,0.8276,0.8276,0.8264918648195683,0.8276,0.830059378824433,0.8689085,0.8327,0.8320574027595073,0.8327000000000002,0.8351472274752068,0.8327000000000001,0.8327,0.8327,0.8320574027595073,0.8327,0.8351472274752069
132,75,0,2339.3372337157316,0.0,0.7333417,0.8361,0.83585983704147,0.8360999999999998,0.8360169206575303,0.8361,0.8361,0.8361,0.83585983704147,0.8361,0.8360169206575305,0.9383547,0.8414,0.8415392993594413,0.8413999999999999,0.8417982349597034,0.8414,0.8414,0.8414,0.8415392993594414,0.8414,0.8417982349597034,0.7477458,0.8301,0.8291564157685792,0.8301000000000001,0.8327855175783097,0.8301,0.8301,0.8301,0.8291564157685792,0.8301,0.8327855175783095,0.869608,0.8336,0.8330743606699492,0.8336,0.8369342909110399,0.8336,0.8336,0.8336,0.8330743606699494,0.8336,0.8369342909110401
133,75,0,2339.337233715727,0.0,0.73031265,0.8379,0.8378255071733756,0.8379,0.8381406143126165,0.8379,0.8379,0.8379,0.8378255071733757,0.8379,0.8381406143126163,0.94326895,0.8424,0.8423344983223802,0.8423999999999999,0.8424311177961543,0.8424000000000001,0.8424,0.8424,0.8423344983223802,0.8424,0.8424311177961544,0.76403373,0.8255,0.8247035833752243,0.8255000000000001,0.8294216511815582,0.8255,0.8255,0.8255,0.8247035833752243,0.8255,0.8294216511815583,0.8662461,0.8326,0.8319943960550422,0.8326,0.8365716265900556,0.8326,0.8326,0.8326,0.8319943960550423,0.8326,0.8365716265900554
134,75,0,2339.337233715722,0.0,0.73145825,0.8378,0.8377442266247204,0.8378,0.8380754994750566,0.8378,0.8378,0.8378,0.8377442266247205,0.8378,0.8380754994750567,0.92895335,0.841,0.841016761166731,0.841,0.8411449322671543,0.841,0.841,0.841,0.8410167611667312,0.841,0.8411449322671543,0.7475577,0.8293,0.8285360150905733,0.8292999999999999,0.8320361542160507,0.8293,0.8293,0.8293,0.8285360150905734,0.8293,0.8320361542160506,0.8817875,0.8308,0.8303302266099115,0.8308,0.834191472845127,0.8308,0.8308,0.8308,0.8303302266099115,0.8308,0.8341914728451271
135,75,0,2339.337233715718,0.0,0.73658884,0.839,0.8387779282760821,0.8389999999999999,0.8391346576761816,0.839,0.839,0.839,0.8387779282760821,0.839,0.8391346576761815,0.93565154,0.8431,0.8431823933456455,0.8431000000000001,0.8433990086523702,0.8431000000000001,0.8431,0.8431,0.8431823933456455,0.8431,0.8433990086523699,0.7546899,0.8289,0.8277925239732424,0.8289,0.8310153716684272,0.8289,0.8289,0.8289,0.8277925239732425,0.8289,0.8310153716684272,0.86700684,0.8317,0.8311990896093404,0.8317,0.8356300429661712,0.8317,0.8317,0.8317,0.8311990896093404,0.8317,0.835630042966171
136,75,0,2339.3372337157116,0.0,0.72856194,0.8367,0.836722341165569,0.8366999999999999,0.8374354503244208,0.8367,0.8367,0.8367,0.836722341165569,0.8367,0.8374354503244207,0.9410088,0.8437,0.8436634817541396,0.8436999999999999,0.8438317076733661,0.8436999999999999,0.8437,0.8437,0.8436634817541395,0.8437,0.843831707673366,0.7317239,0.8285,0.828006625199268,0.8285,0.831035659775395,0.8285,0.8285,0.8285,0.828006625199268,0.8285,0.831035659775395,0.8785781,0.8296,0.8291134211996217,0.8295999999999999,0.8342337376908586,0.8296,0.8296,0.8296,0.8291134211996215,0.8296,0.8342337376908586
137,75,0,2339.337233715706,0.0,0.7325418,0.8364,0.8361867082552209,0.8364,0.8365579007984417,0.8364,0.8364,0.8364,0.8361867082552208,0.8364,0.8365579007984417,0.9401883,0.8417,0.8416913007174761,0.8417,0.841965761776027,0.8416999999999999,0.8417,0.8417,0.841691300717476,0.8417,0.8419657617760271,0.75734764,0.827,0.8262844003902711,0.827,0.8311028985432081,0.827,0.827,0.827,0.826284400390271,0.827,0.8311028985432082,0.88952297,0.8293,0.828747593116732,0.8293000000000001,0.8339537257642238,0.8293,0.8293,0.8293,0.8287475931167319,0.8293,0.8339537257642238
138,75,0,2339.3372337157016,0.0,0.74155986,0.8388,0.8383747160979844,0.8388,0.8387695291544868,0.8388,0.8388,0.8388,0.8383747160979845,0.8388,0.8387695291544868,0.9358002,0.8423,0.842131388162152,0.8423,0.842311950425637,0.8422999999999999,0.8423,0.8423,0.8421313881621522,0.8423,0.8423119504256369,0.7643061,0.8267,0.8257285027649912,0.8267,0.8304235515752338,0.8267,0.8267,0.8267,0.8257285027649912,0.8267,0.830423551575234,0.892941,0.8281,0.8274292341569511,0.8281000000000001,0.8338209645725605,0.8281,0.8281,0.8281,0.8274292341569511,0.8281,0.8338209645725606
139,75,0,2339.337233715695,0.0,0.72922784,0.8395,0.8392684593280582,0.8394999999999999,0.8394621085592906,0.8395000000000001,0.8395,0.8395,0.839268459328058,0.8395,0.8394621085592907,0.94373155,0.8441,0.843988351915652,0.8440999999999999,0.8441171915634316,0.8441000000000001,0.8441,0.8441,0.8439883519156519,0.8441,0.8441171915634317,0.75956887,0.8278,0.8272023827468287,0.8278000000000001,0.8329270646840984,0.8278,0.8278,0.8278,0.8272023827468287,0.8278,0.8329270646840984,0.88276374,0.8307,0.830259910118628,0.8307,0.8356598743177466,0.8307,0.8307,0.8307,0.8302599101186279,0.8307,0.8356598743177467
140,75,0,2339.3372337156925,0.0,0.7380858,0.8387,0.8385886481947498,0.8387,0.8390958193314791,0.8387,0.8387,0.8387,0.8385886481947497,0.8387,0.8390958193314791,0.94439685,0.8438,0.8437289062066992,0.8437999999999999,0.8439333950049827,0.8438,0.8438,0.8438,0.8437289062066989,0.8438,0.8439333950049825,0.773855,0.825,0.82455374966825,0.825,0.8307725016590343,0.825,0.825,0.825,0.82455374966825,0.825,0.8307725016590343,0.88337713,0.8297,0.8292738551812594,0.8297000000000001,0.8350562837992046,0.8297,0.8297,0.8297,0.8292738551812594,0.8297,0.8350562837992045
141,75,0,2339.3372337156893,0.0,0.7487143,0.8393,0.8389214906886739,0.8393,0.8396512215734795,0.8393,0.8393,0.8393,0.838921490688674,0.8393,0.8396512215734798,0.94871914,0.8435,0.8435128337957876,0.8435,0.8437291113352586,0.8435,0.8435,0.8435,0.8435128337957875,0.8435,0.8437291113352589,0.75588757,0.8288,0.8280147414516762,0.8288,0.8324765814215661,0.8288,0.8288,0.8288,0.8280147414516763,0.8288,0.832476581421566,0.8717104,0.8302,0.8299303538747888,0.8301999999999999,0.8353154492475016,0.8302,0.8302,0.8302,0.8299303538747886,0.8302,0.8353154492475015
142,75,0,2339.337233715685,0.0,0.7328199,0.8378,0.8380233367707408,0.8378,0.8389843596172204,0.8378,0.8378,0.8378,0.8380233367707409,0.8378,0.8389843596172204,0.9511867,0.8435,0.8434688891347981,0.8435,0.8436625421775815,0.8435,0.8435,0.8435,0.843468889134798,0.8435,0.8436625421775816,0.7542945,0.8252,0.8255499278797215,0.8252,0.8311290207854892,0.8252,0.8252,0.8252,0.8255499278797215,0.8252,0.8311290207854892,0.8847889,0.8308,0.8305408151642405,0.8308000000000002,0.8359129689414526,0.8308,0.8308,0.8308,0.8305408151642407,0.8308,0.8359129689414527
143,75,0,2339.3372337156793,0.0,0.7305365,0.8416,0.8417041582154801,0.8416,0.8424673191210446,0.8416,0.8416,0.8416,0.84170415821548,0.8416,0.8424673191210442,0.9436416,0.8443,0.844262198024248,0.8442999999999999,0.8444410555304014,0.8443,0.8443,0.8443,0.8442621980242481,0.8443,0.8444410555304012,0.7297383,0.8316,0.8314537639488606,0.8315999999999999,0.8335147312483187,0.8316,0.8316,0.8316,0.8314537639488606,0.8316,0.8335147312483189,0.8699807,0.8311,0.830815206025189,0.8311,0.8358704062681568,0.8311,0.8311,0.8311,0.830815206025189,0.8311,0.8358704062681569
144,75,0,2339.337233715675,0.0,0.735901,0.8392,0.8391804515996697,0.8392,0.8393670822570127,0.8392,0.8392,0.8392,0.8391804515996697,0.8392,0.8393670822570127,0.9417877,0.8446,0.8446163139051809,0.8445999999999998,0.8448308103849614,0.8446,0.8446,0.8446,0.8446163139051807,0.8446,0.8448308103849614,0.76011306,0.8257,0.8252939122924099,0.8257,0.8299018964122824,0.8257,0.8257,0.8257,0.8252939122924099,0.8257,0.8299018964122824,0.8668054,0.8299,0.8295983039867056,0.8299,0.8345305164376253,0.8298999999999999,0.8299,0.8299,0.8295983039867056,0.8299,0.8345305164376252
145,75,0,2339.3372337156693,0.0,0.73610944,0.8405,0.8404762657646925,0.8404999999999999,0.8409786251284836,0.8404999999999999,0.8405,0.8405,0.8404762657646927,0.8405,0.8409786251284839,0.9541791,0.8449,0.8448382660526533,0.8449,0.8450030146880131,0.8449,0.8449,0.8449,0.8448382660526533,0.8449,0.8450030146880132,0.7613102,0.8274,0.8272897120493772,0.8274000000000001,0.8324949453027075,0.8274,0.8274,0.8274,0.8272897120493772,0.8274,0.8324949453027076,0.8667082,0.8297,0.8295121727210493,0.8297000000000001,0.834379337993864,0.8297,0.8297,0.8297,0.8295121727210492,0.8297,0.8343793379938641
146,75,0,2339.337233715664,0.0,0.7419906,0.8404,0.8404910715797549,0.8404,0.8409806079118567,0.8404,0.8404,0.8404,0.8404910715797549,0.8404,0.8409806079118569,0.95452815,0.8463,0.8462349352653329,0.8462999999999999,0.8463343260522749,0.8463,0.8463,0.8463,0.8462349352653329,0.8463,0.846334326052275,0.77407473,0.825,0.8247868673078738,0.825,0.8302273061501688,0.825,0.825,0.825,0.8247868673078738,0.825,0.8302273061501688,0.8699963,0.8281,0.82749462838933,0.8280999999999998,0.8328078701546376,0.8281,0.8281,0.8281,0.82749462838933,0.8281,0.8328078701546375
147,75,0,2339.337233715658,0.0,0.73635906,0.8407,0.8406496835758455,0.8407,0.8409222670377622,0.8407,0.8407,0.8407,0.8406496835758455,0.8407,0.8409222670377622,0.9423664,0.8445,0.844481672387268,0.8444999999999998,0.8446414798159025,0.8445,0.8445,0.8445,0.8444816723872682,0.8445,0.8446414798159025,0.7542183,0.8259,0.8255340878240556,0.8259000000000001,0.8290512423428738,0.8259,0.8259,0.8259,0.8255340878240555,0.8259,0.8290512423428736,0.8714965,0.8285,0.8280932127408243,0.8285,0.833056958844886,0.8285,0.8285,0.8285,0.8280932127408243,0.8285,0.833056958844886
148,75,0,2339.3372337156557,0.0,0.7486731,0.8394,0.8387982972868707,0.8394,0.8388706588875039,0.8394,0.8394,0.8394,0.8387982972868705,0.8394,0.8388706588875037,0.953525,0.8427,0.8426623082158777,0.8427,0.8427843029261636,0.8427,0.8427,0.8427,0.8426623082158777,0.8427,0.8427843029261636,0.75542355,0.8323,0.8312723294913876,0.8323,0.8340593618833758,0.8323,0.8323,0.8323,0.8312723294913876,0.8323,0.8340593618833755,0.88158214,0.8283,0.8278269789838637,0.8282999999999999,0.8332305123515061,0.8283,0.8283,0.8283,0.8278269789838636,0.8283,0.8332305123515064
149,75,0,2339.3372337156493,0.0,0.75376856,0.8395,0.839485963385885,0.8394999999999999,0.8397483571602503,0.8395000000000001,0.8395,0.8395,0.839485963385885,0.8395,0.8397483571602504,0.94547033,0.8445,0.844464093440668,0.8445,0.8445914184090831,0.8445,0.8445,0.8445,0.8444640934406682,0.8445,0.844591418409083,0.7716171,0.8268,0.8265567801931896,0.8268000000000001,0.8306887539858993,0.8267999999999999,0.8268,0.8268,0.8265567801931895,0.8268,0.8306887539858994,0.88636583,0.83,0.8295011320080109,0.8299999999999998,0.8345754633152256,0.83,0.83,0.83,0.8295011320080108,0.83,0.8345754633152256
150,75,0,2339.337233715645,0.0,0.7420101,0.838,0.8378331882726405,0.8380000000000001,0.8380322035228117,0.838,0.838,0.838,0.8378331882726405,0.838,0.8380322035228117,0.9560121,0.8441,0.8439979430815528,0.8441000000000001,0.8441247173476606,0.8441000000000001,0.8441,0.8441,0.8439979430815528,0.8441,0.8441247173476606,0.7668582,0.8261,0.8254962135274407,0.8261,0.8295522290104935,0.8261,0.8261,0.8261,0.8254962135274407,0.8261,0.8295522290104936,0.8881489,0.8313,0.8307893744854182,0.8313,0.8354174302947885,0.8313000000000001,0.8313,0.8313,0.830789374485418,0.8313,0.8354174302947885
151,75,0,2339.3372337156393,0.0,0.7455048,0.838,0.838020432422607,0.8380000000000001,0.8383806444287922,0.838,0.838,0.838,0.8380204324226072,0.838,0.838380644428792,0.9588453,0.8447,0.8446037719949165,0.8447000000000001,0.844722070323864,0.8447,0.8447,0.8447,0.8446037719949165,0.8447,0.8447220703238639,0.78329426,0.8239,0.8236237656551966,0.8239000000000001,0.8292305646254274,0.8239000000000001,0.8239,0.8239,0.8236237656551966,0.8239,0.8292305646254273,0.90308213,0.8308,0.8303663929137848,0.8308,0.8354367842869838,0.8308,0.8308,0.8308,0.8303663929137849,0.8308,0.8354367842869841
152,75,0,2339.337233715636,0.0,0.74849963,0.8386,0.8386278472188848,0.8386000000000001,0.8393257068897123,0.8386,0.8386,0.8386,0.8386278472188847,0.8386,0.8393257068897121,0.9548169,0.8434,0.8433305658690514,0.8434000000000001,0.8435609316998626,0.8434,0.8434,0.8434,0.8433305658690513,0.8434,0.8435609316998626,0.7732883,0.8264,0.8258378898089443,0.8263999999999999,0.8302014583213981,0.8264,0.8264,0.8264,0.8258378898089445,0.8264,0.8302014583213982,0.8843436,0.829,0.8283984170064503,0.829,0.8335724273806514,0.8289999999999998,0.829,0.829,0.8283984170064503,0.829,0.8335724273806513
153,75,0,2339.337233715631,0.0,0.7535535,0.836,0.8360504131863136,0.8360000000000001,0.836518401254275,0.836,0.836,0.836,0.8360504131863136,0.836,0.8365184012542751,0.9587332,0.8432,0.8430467120327032,0.8432000000000001,0.843229952001713,0.8432,0.8432,0.8432,0.8430467120327032,0.8432,0.8432299520017128,0.79316413,0.8237,0.8232604943757394,0.8237,0.828952466370503,0.8237000000000001,0.8237,0.8237,0.8232604943757393,0.8237,0.8289524663705029,0.87880456,0.8278,0.8268792575160162,0.8277999999999999,0.8324061247226469,0.8278,0.8278,0.8278,0.8268792575160161,0.8278,0.832406124722647
154,75,0,2339.337233715626,0.0,0.74414223,0.8386,0.8383262159511926,0.8386000000000001,0.8384143549312325,0.8386,0.8386,0.8386,0.8383262159511927,0.8386,0.8384143549312324,0.9593529,0.8433,0.8430633890172233,0.8432999999999999,0.8430400413230744,0.8433,0.8433,0.8433,0.8430633890172232,0.8433,0.8430400413230745,0.7592432,0.8304,0.8294166593078935,0.8304,0.8323524225342812,0.8304000000000001,0.8304,0.8304,0.8294166593078935,0.8304,0.8323524225342811,0.884209,0.8301,0.8291549635317594,0.8301000000000001,0.833934151359545,0.8301,0.8301,0.8301,0.8291549635317595,0.8301,0.8339341513595451
155,75,0,2339.337233715625,0.0,0.7496848,0.8404,0.8404312506703265,0.8404,0.8407170962780783,0.8404,0.8404,0.8404,0.8404312506703265,0.8404,0.8407170962780783,0.9703095,0.8433,0.8432366411997412,0.8432999999999999,0.8433654225114221,0.8433,0.8433,0.8433,0.8432366411997413,0.8433,0.843365422511422,0.76749676,0.829,0.8281283718686392,0.829,0.8305903674903794,0.8289999999999998,0.829,0.829,0.8281283718686393,0.829,0.8305903674903795,0.88981444,0.8294,0.8286651910716698,0.8294,0.8335061813798639,0.8293999999999999,0.8294,0.8294,0.8286651910716697,0.8294,0.8335061813798637
156,75,0,2339.3372337156184,0.0,0.74939287,0.8407,0.8401298768974776,0.8407,0.8403471618620172,0.8407,0.8407,0.8407,0.8401298768974776,0.8407,0.8403471618620171,0.95413417,0.8441,0.8439918303552838,0.8441000000000001,0.8441222212970944,0.8441000000000001,0.8441,0.8441,0.843991830355284,0.8441,0.8441222212970945,0.78506035,0.8258,0.8244937573969899,0.8257999999999999,0.8296419538115376,0.8258000000000001,0.8258,0.8258,0.8244937573969899,0.8258,0.8296419538115377,0.87799376,0.8295,0.8288478746994761,0.8295,0.8341614049295437,0.8295,0.8295,0.8295,0.8288478746994759,0.8295,0.8341614049295436
157,75,0,2339.3372337156115,0.0,0.7497627,0.8398,0.8397946346745702,0.8398,0.839968541317001,0.8398,0.8398,0.8398,0.8397946346745703,0.8398,0.8399685413170012,0.94393,0.844,0.8438820925375449,0.844,0.8440067740677589,0.844,0.844,0.844,0.8438820925375449,0.844,0.844006774067759,0.7850784,0.8258,0.8251151117369533,0.8257999999999999,0.8294508179561971,0.8258000000000001,0.8258,0.8258,0.8251151117369533,0.8258,0.8294508179561971,0.88273126,0.8281,0.8275107981078278,0.8281000000000001,0.8327626150989154,0.8281,0.8281,0.8281,0.8275107981078278,0.8281,0.8327626150989154
158,75,0,2339.3372337156047,0.0,0.7469738,0.8391,0.8391670325591564,0.8391,0.8398068094238009,0.8391,0.8391,0.8391,0.8391670325591564,0.8391,0.8398068094238009,0.9480417,0.8447,0.8446586722764613,0.8447000000000001,0.8448849793162804,0.8447,0.8447,0.8447,0.8446586722764614,0.8447,0.8448849793162805,0.7787868,0.8255,0.8249264470767941,0.8255000000000001,0.8302620211521683,0.8255,0.8255,0.8255,0.8249264470767941,0.8255,0.8302620211521684,0.883632,0.8285,0.8277472811852121,0.8285,0.8337849666092503,0.8285,0.8285,0.8285,0.8277472811852123,0.8285,0.8337849666092503
159,75,0,2339.337233715599,0.0,0.74162316,0.8389,0.8381783774325182,0.8389,0.8380498606644702,0.8389000000000001,0.8389,0.8389,0.8381783774325184,0.8389,0.8380498606644702,0.9501211,0.8442,0.8439698499428075,0.8442000000000001,0.8439992843381974,0.8442,0.8442,0.8442,0.8439698499428075,0.8442,0.8439992843381974,0.7815596,0.8248,0.8231316761254233,0.8248000000000001,0.8294301561072249,0.8248,0.8248,0.8248,0.8231316761254235,0.8248,0.829430156107225,0.88901424,0.8304,0.829402662245149,0.8304,0.8354700739262059,0.8304000000000001,0.8304,0.8304,0.8294026622451489,0.8304,0.8354700739262058
160,75,0,2339.3372337155943,0.0,0.73991317,0.8398,0.8396218231052621,0.8398,0.8398774752723709,0.8398,0.8398,0.8398,0.839621823105262,0.8398,0.8398774752723708,0.9458973,0.8432,0.8428962169510745,0.8432000000000001,0.8428332159409431,0.8432,0.8432,0.8432,0.8428962169510748,0.8432,0.8428332159409431,0.7777568,0.8242,0.8233264536910813,0.8241999999999999,0.8287975802767404,0.8242,0.8242,0.8242,0.8233264536910814,0.8242,0.8287975802767406,0.866074,0.8295,0.8284722325100569,0.8295,0.8338895706840654,0.8295,0.8295,0.8295,0.8284722325100571,0.8295,0.8338895706840652
161,75,0,2339.337233715588,0.0,0.74400973,0.8389,0.8384461573488418,0.8389,0.8387303575144017,0.8389000000000001,0.8389,0.8389,0.8384461573488418,0.8389,0.8387303575144016,0.9334754,0.8433,0.8430617074675748,0.8432999999999999,0.843019366143694,0.8433,0.8433,0.8433,0.8430617074675747,0.8433,0.8430193661436939,0.7737244,0.8274,0.8260856229237682,0.8274000000000001,0.8297118986328602,0.8274,0.8274,0.8274,0.8260856229237683,0.8274,0.8297118986328603,0.8909759,0.8308,0.8298472928942612,0.8308,0.8356596488925068,0.8308,0.8308,0.8308,0.8298472928942614,0.8308,0.8356596488925067
162,75,0,2339.3372337155815,0.0,0.7308252,0.84,0.8392937509775222,0.8400000000000001,0.8392980690434723,0.8399999999999999,0.84,0.84,0.8392937509775223,0.84,0.839298069043472,0.9368907,0.8442,0.8440959094288477,0.8442000000000001,0.8441175623255288,0.8442,0.8442,0.8442,0.8440959094288477,0.8442,0.8441175623255287,0.76787627,0.8301,0.8285429958832168,0.8301000000000001,0.8341203211624497,0.8301,0.8301,0.8301,0.8285429958832167,0.8301,0.8341203211624497,0.890308,0.8326,0.8316134854427475,0.8326,0.8372116727036836,0.8326,0.8326,0.8326,0.8316134854427475,0.8326,0.8372116727036835
163,75,0,2339.3372337155756,0.0,0.74533284,0.8399,0.8389864954035176,0.8399000000000001,0.8393022327581281,0.8399,0.8399,0.8399,0.8389864954035177,0.8399,0.8393022327581281,0.9502917,0.8438,0.8436262467904548,0.8438000000000001,0.8436115473340335,0.8438,0.8438,0.8438,0.8436262467904547,0.8438,0.8436115473340334,0.77461755,0.8302,0.8284694374572986,0.8301999999999999,0.8341693106877843,0.8302,0.8302,0.8302,0.8284694374572984,0.8302,0.8341693106877841,0.8764127,0.8305,0.8296080273632416,0.8305000000000001,0.835956170008376,0.8305,0.8305,0.8305,0.8296080273632415,0.8305,0.835956170008376
164,75,0,2339.33723371557,0.0,0.7393065,0.8406,0.8400068467078061,0.8405999999999999,0.8400056038598095,0.8406,0.8406,0.8406,0.8400068467078061,0.8406,0.8400056038598095,0.9444967,0.8431,0.842913912460373,0.8431,0.8428606584985262,0.8431000000000001,0.8431,0.8431,0.8429139124603727,0.8431,0.8428606584985262,0.76476294,0.8314,0.8298342373024014,0.8314,0.8338640820450272,0.8314,0.8314,0.8314,0.8298342373024014,0.8314,0.8338640820450272,0.89186037,0.8311,0.8300053926892932,0.8311,0.8368359831985483,0.8311,0.8311,0.8311,0.8300053926892933,0.8311,0.8368359831985482
165,75,0,2339.337233715565,0.0,0.73822755,0.8418,0.8414600972142458,0.8418000000000001,0.8414849621587164,0.8418,0.8418,0.8418,0.8414600972142458,0.8418,0.8414849621587164,0.942822,0.8438,0.8436167073297411,0.8437999999999999,0.8435731964297867,0.8438,0.8438,0.8438,0.8436167073297413,0.8438,0.8435731964297866,0.78829026,0.8291,0.8277356321278401,0.8291000000000001,0.8337631885419239,0.8291,0.8291,0.8291,0.8277356321278401,0.8291,0.8337631885419238,0.8998712,0.829,0.8277353870561317,0.829,0.8344496918868523,0.8289999999999998,0.829,0.829,0.8277353870561317,0.829,0.8344496918868523
166,75,0,2339.3372337155606,0.0,0.74027663,0.8408,0.8405378586730567,0.8408,0.8406017196109479,0.8408,0.8408,0.8408,0.8405378586730566,0.8408,0.840601719610948,0.9515517,0.8434,0.8432630564437732,0.8434000000000001,0.8432267918135269,0.8434,0.8434,0.8434,0.8432630564437732,0.8434,0.8432267918135269,0.7812565,0.8299,0.8288561465906777,0.8299,0.8345844667063371,0.8298999999999999,0.8299,0.8299,0.8288561465906777,0.8299,0.8345844667063371,0.9065887,0.828,0.8270386489239103,0.828,0.8342315704203658,0.828,0.828,0.828,0.8270386489239104,0.828,0.8342315704203658
167,75,0,2339.3372337155547,0.0,0.7322713,0.8408,0.8404803518527297,0.8408,0.8405514839521746,0.8408,0.8408,0.8408,0.8404803518527296,0.8408,0.8405514839521746,0.94527537,0.8442,0.8441721056298979,0.8442000000000001,0.8442579491461885,0.8442,0.8442,0.8442,0.8441721056298979,0.8442,0.8442579491461883,0.7855134,0.8284,0.8272070865159774,0.8283999999999999,0.834378151055207,0.8284,0.8284,0.8284,0.8272070865159771,0.8284,0.834378151055207,0.89753455,0.8286,0.8278173104958524,0.8286,0.8354721503860756,0.8286,0.8286,0.8286,0.8278173104958525,0.8286,0.8354721503860754
168,75,0,2339.337233715549,0.0,0.73647374,0.8407,0.8406665509358741,0.8407,0.8411879483854008,0.8407,0.8407,0.8407,0.840666550935874,0.8407,0.8411879483854009,0.9486015,0.8444,0.8443314692444899,0.8443999999999999,0.844432430781476,0.8444,0.8444,0.8444,0.8443314692444899,0.8444,0.8444324307814761,0.77807736,0.8286,0.8276547543365771,0.8286,0.8340872111415386,0.8286,0.8286,0.8286,0.8276547543365772,0.8286,0.8340872111415387,0.89295965,0.8288,0.8280705311292005,0.8288,0.8354429939108521,0.8288,0.8288,0.8288,0.8280705311292006,0.8288,0.8354429939108519
169,75,0,2339.3372337155424,0.0,0.7404329,0.8423,0.8421947244968242,0.8422999999999998,0.8423391721253045,0.8422999999999999,0.8423,0.8423,0.8421947244968243,0.8423,0.8423391721253047,0.94735646,0.8448,0.844746507067647,0.8448,0.8448928819409189,0.8447999999999999,0.8448,0.8448,0.8447465070676471,0.8448,0.8448928819409189,0.7777204,0.8279,0.8268297878122259,0.8279,0.8325843011536934,0.8279,0.8279,0.8279,0.826829787812226,0.8279,0.8325843011536934,0.89945626,0.8283,0.8277275351228349,0.8282999999999999,0.8362282350395267,0.8283,0.8283,0.8283,0.8277275351228349,0.8283,0.8362282350395268
170,75,0,2339.337233715538,0.0,0.74884343,0.8406,0.8405416017582648,0.8406,0.8412055123177928,0.8406,0.8406,0.8406,0.8405416017582648,0.8406,0.8412055123177928,0.95080584,0.8448,0.8447269365200271,0.8448,0.8448800336802031,0.8447999999999999,0.8448,0.8448,0.8447269365200271,0.8448,0.844880033680203,0.81565875,0.8229,0.8219378203403307,0.8229,0.8306559594409537,0.8229,0.8229,0.8229,0.8219378203403307,0.8229,0.8306559594409537,0.89114845,0.8297,0.8290757041792052,0.8297000000000001,0.837025562790287,0.8297,0.8297,0.8297,0.8290757041792053,0.8297,0.8370255627902868
171,75,0,2339.3372337155315,0.0,0.77267486,0.8367,0.8372280470265123,0.8366999999999999,0.8401827361073227,0.8367,0.8367,0.8367,0.8372280470265123,0.8367,0.8401827361073229,0.96401507,0.844,0.8439087784087738,0.8440000000000001,0.8442611879812858,0.844,0.844,0.844,0.8439087784087737,0.844,0.8442611879812859,0.80652124,0.823,0.8233589972287854,0.8230000000000001,0.8332977641877479,0.823,0.823,0.823,0.8233589972287857,0.823,0.8332977641877478,0.9055561,0.8302,0.8294358937139862,0.8301999999999999,0.8381422959911535,0.8302,0.8302,0.8302,0.8294358937139861,0.8302,0.8381422959911535
172,75,0,2339.337233715525,0.0,0.7393557,0.8415,0.8414160462781026,0.8414999999999999,0.8418420860565202,0.8415,0.8415,0.8415,0.8414160462781026,0.8415,0.8418420860565202,0.9511547,0.8445,0.8444094476482146,0.8445,0.8446561268631344,0.8445,0.8445,0.8445,0.8444094476482146,0.8445,0.8446561268631345,0.7885929,0.8289,0.827996962355505,0.8289,0.8352971548597535,0.8289,0.8289,0.8289,0.8279969623555052,0.8289,0.8352971548597538,0.8930609,0.8307,0.8296660082204621,0.8307,0.8372676043916633,0.8307,0.8307,0.8307,0.829666008220462,0.8307,0.8372676043916631
173,75,0,2339.3372337155224,0.0,0.73560965,0.8428,0.8427479249588732,0.8428000000000001,0.8429660990048541,0.8428,0.8428,0.8428,0.8427479249588731,0.8428,0.842966099004854,0.9440201,0.8455,0.8453997544092807,0.8455,0.8454895332718607,0.8455,0.8455,0.8455,0.8453997544092806,0.8455,0.8454895332718608,0.7657392,0.8308,0.8300209410317704,0.8308,0.8348006172482945,0.8308,0.8308,0.8308,0.8300209410317706,0.8308,0.8348006172482947,0.8791916,0.8309,0.8300724018885978,0.8309000000000001,0.8367568549172761,0.8309,0.8309,0.8309,0.8300724018885978,0.8309,0.836756854917276
174,75,0,2339.33723371552,0.0,0.7374616,0.8419,0.8419985127726555,0.8419000000000001,0.8425323427218128,0.8419000000000001,0.8419,0.8419,0.8419985127726555,0.8419,0.8425323427218128,0.937199,0.8464,0.8462861576145088,0.8464,0.846279608319245,0.8464,0.8464,0.8464,0.8462861576145088,0.8464,0.8462796083192452,0.77039474,0.829,0.8281900394288032,0.829,0.8333288417790765,0.8289999999999998,0.829,0.829,0.8281900394288032,0.829,0.8333288417790765,0.896637,0.8332,0.8322499369491478,0.8332,0.8390017765981183,0.8332,0.8332,0.8332,0.832249936949148,0.8332,0.8390017765981184
175,75,0,2339.3372337155147,0.0,0.73712957,0.8413,0.8412627420519969,0.8413,0.8417071116921999,0.8413000000000002,0.8413,0.8413,0.8412627420519968,0.8413,0.8417071116921999,0.95380056,0.8459,0.8458001025368566,0.8459,0.8458552170824596,0.8459,0.8459,0.8459,0.8458001025368567,0.8459,0.8458552170824596,0.77208585,0.8298,0.8289573813398425,0.8298,0.8352374481405235,0.8298,0.8298,0.8298,0.8289573813398423,0.8298,0.8352374481405235,0.876096,0.832,0.8312144143420446,0.8320000000000001,0.8376286182206464,0.832,0.832,0.832,0.8312144143420446,0.832,0.8376286182206464
176,75,0,2339.337233715507,0.0,0.74676186,0.84,0.8400678529921615,0.8400000000000001,0.8406473326017634,0.8399999999999999,0.84,0.84,0.8400678529921614,0.84,0.8406473326017633,0.95032185,0.8442,0.8441628215135912,0.8442000000000001,0.8443581036621346,0.8442,0.8442,0.8442,0.8441628215135912,0.8442,0.8443581036621345,0.76468086,0.8302,0.8295119846567365,0.8301999999999999,0.8339368203189294,0.8302,0.8302,0.8302,0.8295119846567364,0.8302,0.8339368203189294,0.86568254,0.8318,0.8309899908469285,0.8318,0.8368794289707125,0.8318,0.8318,0.8318,0.8309899908469284,0.8318,0.8368794289707124
177,75,0,2339.337233715504,0.0,0.73610115,0.8404,0.8404610669013433,0.8404,0.8409608384700752,0.8404,0.8404,0.8404,0.8404610669013433,0.8404,0.8409608384700752,0.94645447,0.8437,0.8436316573905804,0.8437000000000001,0.8437878472336786,0.8436999999999999,0.8437,0.8437,0.8436316573905805,0.8437,0.8437878472336786,0.7677303,0.83,0.8293407845265188,0.8299999999999998,0.8346729852332878,0.83,0.83,0.83,0.8293407845265185,0.83,0.8346729852332877,0.87590605,0.8316,0.8306620667624494,0.8316000000000001,0.8369284012308065,0.8316,0.8316,0.8316,0.8306620667624492,0.8316,0.8369284012308064
178,75,0,2339.3372337154997,0.0,0.7430758,0.8398,0.8399744462480587,0.8398,0.8409270841843757,0.8398,0.8398,0.8398,0.8399744462480588,0.8398,0.8409270841843756,0.9551924,0.8432,0.8431418958239281,0.8432000000000001,0.8433442134664247,0.8432,0.8432,0.8432,0.843141895823928,0.8432,0.8433442134664246,0.7858636,0.8288,0.828137596608166,0.8288,0.8356502037908953,0.8288,0.8288,0.8288,0.828137596608166,0.8288,0.8356502037908953,0.88549685,0.8323,0.8314247136579442,0.8322999999999998,0.8379225968413161,0.8323,0.8323,0.8323,0.8314247136579441,0.8323,0.8379225968413161
179,75,0,2339.3372337154938,0.0,0.74185497,0.8399,0.8400058006358035,0.8399000000000001,0.8405834964296643,0.8399,0.8399,0.8399,0.8400058006358034,0.8399,0.8405834964296645,0.95443475,0.8454,0.8452891930996952,0.8454,0.8454237428827815,0.8454,0.8454,0.8454,0.8452891930996952,0.8454,0.8454237428827815,0.78531367,0.8307,0.8298681055466373,0.8307,0.8358899194303799,0.8307,0.8307,0.8307,0.8298681055466374,0.8307,0.83588991943038,0.88405335,0.8332,0.8321429461919665,0.8331999999999999,0.838422911937012,0.8332,0.8332,0.8332,0.8321429461919666,0.8332,0.8384229119370118
180,75,0,2339.3372337154888,0.0,0.7414249,0.8399,0.8396898057485132,0.8398999999999999,0.8398880745296671,0.8399,0.8399,0.8399,0.839689805748513,0.8399,0.8398880745296671,0.95206,0.8447,0.8445986599956192,0.8446999999999999,0.8446899403264053,0.8447,0.8447,0.8447,0.8445986599956193,0.8447,0.8446899403264053,0.79079676,0.8294,0.8281754233863726,0.8294,0.8347899811044039,0.8293999999999999,0.8294,0.8294,0.8281754233863725,0.8294,0.8347899811044038,0.8806529,0.831,0.829920336827802,0.8310000000000001,0.8365086269425854,0.831,0.831,0.831,0.829920336827802,0.831,0.8365086269425854
181,75,0,2339.337233715483,0.0,0.7364996,0.8414,0.8413020243210166,0.8413999999999999,0.8413968023863697,0.8414,0.8414,0.8414,0.8413020243210166,0.8414,0.8413968023863697,0.9516242,0.8445,0.8444339027789839,0.8445,0.844491696229686,0.8445,0.8445,0.8445,0.844433902778984,0.8445,0.8444916962296862,0.77352315,0.8304,0.8291068456556383,0.8304,0.8344606180081806,0.8304000000000001,0.8304,0.8304,0.8291068456556382,0.8304,0.8344606180081806,0.8747751,0.8327,0.8314681696321202,0.8327,0.8381010418215107,0.8327000000000001,0.8327,0.8327,0.83146816963212,0.8327,0.8381010418215106
182,75,0,2339.3372337154806,0.0,0.75444543,0.8387,0.8387328190256534,0.8387,0.8401181807353091,0.8387,0.8387,0.8387,0.8387328190256536,0.8387,0.8401181807353092,0.9582772,0.8445,0.8444485302420743,0.8445,0.8446624723268439,0.8445,0.8445,0.8445,0.8444485302420744,0.8445,0.844662472326844,0.80359083,0.8257,0.8244608855024615,0.8257,0.8330130778815734,0.8257,0.8257,0.8257,0.8244608855024617,0.8257,0.8330130778815735,0.87855977,0.8316,0.8304069826521484,0.8315999999999999,0.8368897164111155,0.8316,0.8316,0.8316,0.8304069826521483,0.8316,0.8368897164111156
183,75,0,2339.3372337154733,0.0,0.74646026,0.8387,0.8384894661287843,0.8387,0.8389563439352994,0.8387,0.8387,0.8387,0.8384894661287843,0.8387,0.8389563439352995,0.95873,0.8452,0.8451829088532083,0.8452,0.845478518625062,0.8452,0.8452,0.8452,0.8451829088532082,0.8452,0.845478518625062,0.7592375,0.8329,0.8315443973820308,0.8329000000000001,0.834558714311376,0.8329000000000001,0.8329,0.8329,0.8315443973820309,0.8329,0.8345587143113758,0.8765633,0.8339,0.8327836149322396,0.8339000000000001,0.8389847821222091,0.8339,0.8339,0.8339,0.8327836149322395,0.8339,0.8389847821222091
184,75,0,2339.337233715471,0.0,0.73247707,0.8424,0.8422261592516694,0.8423999999999999,0.8425405184798589,0.8424000000000001,0.8424,0.8424,0.8422261592516693,0.8424,0.8425405184798587,0.9519525,0.8433,0.8432995342515719,0.8432999999999999,0.8437439363984283,0.8433,0.8433,0.8433,0.843299534251572,0.8433,0.8437439363984284,0.766407,0.8314,0.8300728720265138,0.8314,0.8356357230254087,0.8314,0.8314,0.8314,0.8300728720265139,0.8314,0.8356357230254087,0.880825,0.8325,0.8314993248174346,0.8325000000000001,0.8379504666667772,0.8325,0.8325,0.8325,0.8314993248174347,0.8325,0.8379504666667772
185,75,0,2339.3372337154647,0.0,0.73443156,0.8412,0.8415331112719524,0.8412,0.8421095224565093,0.8412,0.8412,0.8412,0.8415331112719525,0.8412,0.8421095224565094,0.9369166,0.847,0.8471013481852019,0.8470000000000001,0.8474639847714277,0.847,0.847,0.847,0.8471013481852018,0.847,0.8474639847714277,0.7710994,0.8303,0.8299176308629679,0.8302999999999999,0.8356567568600319,0.8303,0.8303,0.8303,0.8299176308629678,0.8303,0.8356567568600318,0.85820705,0.8331,0.832091011186382,0.8331,0.8388230765484528,0.8331,0.8331,0.8331,0.832091011186382,0.8331,0.8388230765484527
186,75,0,2339.337233715458,0.0,0.7314022,0.8423,0.8423531872153477,0.8423,0.8426895398465302,0.8422999999999999,0.8423,0.8423,0.8423531872153479,0.8423,0.8426895398465302,0.94895667,0.8466,0.8465207640977281,0.8466000000000001,0.8466560981170771,0.8466,0.8466,0.8466,0.846520764097728,0.8466,0.8466560981170771,0.77502483,0.8309,0.8300440486941211,0.8309,0.8361761919039468,0.8309,0.8309,0.8309,0.8300440486941212,0.8309,0.8361761919039468,0.86971503,0.8352,0.8342707856530162,0.8352,0.8404869886597949,0.8352,0.8352,0.8352,0.834270785653016,0.8352,0.840486988659795
187,75,0,2339.3372337154537,0.0,0.74157137,0.8425,0.8424686516966371,0.8425,0.8427907481245945,0.8425,0.8425,0.8425,0.8424686516966371,0.8425,0.8427907481245944,0.94432825,0.8468,0.8466659752751571,0.8468,0.8468802379236792,0.8468,0.8468,0.8468,0.8466659752751572,0.8468,0.8468802379236792,0.7750642,0.8321,0.8310598753114629,0.8321,0.8362673262378214,0.8321,0.8321,0.8321,0.8310598753114627,0.8321,0.8362673262378214,0.87075466,0.8339,0.8329704815988223,0.8339000000000001,0.839873566368283,0.8339,0.8339,0.8339,0.8329704815988221,0.8339,0.839873566368283
188,75,0,2339.3372337154497,0.0,0.747671,0.8409,0.8406757267949342,0.8409000000000001,0.8414472869308243,0.8409,0.8409,0.8409,0.8406757267949341,0.8409,0.8414472869308244,0.956289,0.8459,0.8458637026408823,0.8459,0.8461981902569203,0.8459,0.8459,0.8459,0.8458637026408822,0.8459,0.8461981902569201,0.7913245,0.8293,0.8280920855010352,0.8292999999999999,0.8351723952469579,0.8293,0.8293,0.8293,0.8280920855010352,0.8293,0.835172395246958,0.8897003,0.8317,0.8309533659585053,0.8317,0.8386142994446525,0.8317,0.8317,0.8317,0.8309533659585053,0.8317,0.8386142994446525
189,75,0,2339.3372337154437,0.0,0.7467297,0.8421,0.8419920631700013,0.8421,0.842146967227913,0.8421,0.8421,0.8421,0.841992063170001,0.8421,0.842146967227913,0.9372545,0.8444,0.8443611519663315,0.8444,0.8446785563889888,0.8444,0.8444,0.8444,0.8443611519663317,0.8444,0.8446785563889887,0.79734373,0.8278,0.8267572666321998,0.8277999999999999,0.8329420049809017,0.8278,0.8278,0.8278,0.8267572666322,0.8278,0.8329420049809015,0.8856417,0.8317,0.8309318014847129,0.8317,0.8379296157850377,0.8317,0.8317,0.8317,0.8309318014847129,0.8317,0.8379296157850374
190,75,0,2339.3372337154406,0.0,0.7416786,0.8413,0.8414661085440457,0.8412999999999998,0.8420238898912793,0.8413000000000002,0.8413,0.8413,0.8414661085440457,0.8413,0.8420238898912794,0.956461,0.8459,0.8458936891420894,0.8459,0.8460888334967258,0.8459,0.8459,0.8459,0.8458936891420894,0.8459,0.8460888334967258,0.799626,0.8275,0.8271208355530175,0.8275,0.8342911822808864,0.8275,0.8275,0.8275,0.8271208355530176,0.8275,0.8342911822808863,0.89438826,0.8321,0.8312969945522048,0.8321,0.8380325958585881,0.8321,0.8321,0.8321,0.8312969945522047,0.8321,0.8380325958585881
191,75,0,2339.3372337154346,0.0,0.74616367,0.8414,0.8412580289467918,0.8413999999999999,0.8414641611515113,0.8414,0.8414,0.8414,0.8412580289467918,0.8414,0.8414641611515115,0.9509967,0.8453,0.845311739177442,0.8453000000000002,0.8455284565913121,0.8453,0.8453,0.8453,0.845311739177442,0.8453,0.8455284565913121,0.80202526,0.8285,0.827406488690767,0.8285,0.8344973462021589,0.8285,0.8285,0.8285,0.827406488690767,0.8285,0.8344973462021588,0.88384247,0.8316,0.8307043240132874,0.8315999999999999,0.8378945219049848,0.8316,0.8316,0.8316,0.8307043240132874,0.8316,0.8378945219049848
192,75,0,2339.3372337154306,0.0,0.74258626,0.8427,0.8426082394799215,0.8427,0.8427538963886907,0.8427,0.8427,0.8427,0.8426082394799216,0.8427,0.8427538963886907,0.95737785,0.8453,0.8452309445313857,0.8453000000000002,0.8454096250129156,0.8453,0.8453,0.8453,0.8452309445313858,0.8453,0.8454096250129156,0.8017911,0.8289,0.8276776626759723,0.8289,0.8345297378932436,0.8289,0.8289,0.8289,0.8276776626759723,0.8289,0.8345297378932437,0.8890849,0.8325,0.8316217918279089,0.8325000000000001,0.8391668458253827,0.8325,0.8325,0.8325,0.8316217918279087,0.8325,0.8391668458253827
193,75,0,2339.3372337154246,0.0,0.74744266,0.8405,0.8406900272835511,0.8404999999999999,0.841219145856549,0.8404999999999999,0.8405,0.8405,0.8406900272835511,0.8405,0.8412191458565489,0.9465126,0.8461,0.8461058082539779,0.8461000000000001,0.8463281611009634,0.8461,0.8461,0.8461,0.8461058082539777,0.8461,0.8463281611009633,0.8019166,0.8279,0.8273084119776554,0.8279000000000002,0.8340747285046224,0.8279,0.8279,0.8279,0.8273084119776553,0.8279,0.8340747285046224,0.8771087,0.8296,0.8288384886012814,0.8296000000000001,0.835975599540577,0.8296,0.8296,0.8296,0.8288384886012815,0.8296,0.8359755995405771
194,75,0,2339.337233715421,0.0,0.75934905,0.8413,0.8415765440381472,0.8413,0.8425538773699909,0.8413000000000002,0.8413,0.8413,0.8415765440381472,0.8413,0.8425538773699909,0.9499469,0.8454,0.8454151354987303,0.8454,0.8456788594028677,0.8454,0.8454,0.8454,0.8454151354987305,0.8454,0.8456788594028676,0.7944019,0.8295,0.8290606922232557,0.8295,0.8344453773286613,0.8295,0.8295,0.8295,0.8290606922232557,0.8295,0.8344453773286612,0.88383174,0.8303,0.8294563899735893,0.8303,0.836325315935899,0.8303,0.8303,0.8303,0.8294563899735893,0.8303,0.8363253159358989
195,75,0,2339.337233715415,0.0,0.7385061,0.8437,0.8435712437827323,0.8436999999999999,0.8437323749587101,0.8436999999999999,0.8437,0.8437,0.8435712437827322,0.8437,0.8437323749587101,0.9516784,0.8455,0.8454985260719164,0.8455,0.8457174954212228,0.8455,0.8455,0.8455,0.8454985260719162,0.8455,0.8457174954212229,0.78575295,0.8282,0.8268597668710654,0.8282,0.8329239852782205,0.8282,0.8282,0.8282,0.8268597668710654,0.8282,0.8329239852782206,0.8868211,0.8301,0.8291780356167513,0.8301000000000001,0.8360762649438594,0.8301,0.8301,0.8301,0.8291780356167514,0.8301,0.8360762649438594
196,75,0,2339.3372337154096,0.0,0.7434585,0.8407,0.8405982424586245,0.8407,0.8410312522290455,0.8407,0.8407,0.8407,0.8405982424586246,0.8407,0.8410312522290456,0.95012796,0.8448,0.8447460478002838,0.8448,0.8448339165696357,0.8447999999999999,0.8448,0.8448,0.8447460478002836,0.8448,0.8448339165696358,0.79471594,0.8279,0.8266658547946818,0.8279,0.8335286796719188,0.8279,0.8279,0.8279,0.8266658547946819,0.8279,0.8335286796719189,0.86987275,0.8329,0.8319145662091583,0.8328999999999999,0.838039721561317,0.8329000000000001,0.8329,0.8329,0.8319145662091584,0.8329,0.8380397215613171
197,75,0,2339.3372337154074,0.0,0.7383306,0.8411,0.8410798233671446,0.8411,0.8412298553450531,0.8411,0.8411,0.8411,0.8410798233671447,0.8411,0.8412298553450533,0.95220363,0.8473,0.847263743361647,0.8473,0.8474244775933645,0.8472999999999999,0.8473,0.8473,0.8472637433616472,0.8473,0.8474244775933645,0.7867267,0.8301,0.8288918749923496,0.8301000000000001,0.834181057270641,0.8301,0.8301,0.8301,0.8288918749923496,0.8301,0.8341810572706408,0.8806205,0.832,0.8311244321529905,0.8320000000000001,0.8375234301109055,0.832,0.832,0.832,0.8311244321529905,0.832,0.8375234301109056
198,75,0,2339.3372337154015,0.0,0.7430114,0.8412,0.841364882750009,0.8412000000000001,0.8417542568181972,0.8412,0.8412,0.8412,0.841364882750009,0.8412,0.8417542568181973,0.9514787,0.8451,0.8452243336341091,0.8451000000000001,0.8455469631036058,0.8451,0.8451,0.8451,0.8452243336341091,0.8451,0.845546963103606,0.78974247,0.8299,0.828956222100303,0.8299,0.8346477913404714,0.8298999999999999,0.8299,0.8299,0.8289562221003031,0.8299,0.8346477913404711,0.8898449,0.8311,0.8303270711061881,0.8311,0.8370631708271379,0.8311,0.8311,0.8311,0.8303270711061881,0.8311,0.837063170827138
199,75,0,2339.3372337153946,0.0,0.7435638,0.8414,0.8419118160373612,0.8413999999999999,0.8429796863928896,0.8414,0.8414,0.8414,0.841911816037361,0.8414,0.8429796863928898,0.952892,0.8458,0.8459380039441156,0.8458,0.8462848967666483,0.8458,0.8458,0.8458,0.8459380039441153,0.8458,0.8462848967666483,0.78476536,0.8284,0.8282299872068274,0.8283999999999999,0.8352796343047529,0.8284,0.8284,0.8284,0.8282299872068274,0.8284,0.835279634304753,0.8884781,0.8317,0.8309928701393758,0.8317,0.8377530131322584,0.8317,0.8317,0.8317,0.830992870139376,0.8317,0.8377530131322583
200,75,0,2339.3372337153896,0.0,0.7395985,0.8425,0.8427486001435753,0.8425,0.8433018377189867,0.8425,0.8425,0.8425,0.8427486001435752,0.8425,0.8433018377189866,0.95638025,0.8445,0.8445785192570214,0.8445,0.844806033163151,0.8445,0.8445,0.8445,0.8445785192570214,0.8445,0.8448060331631508,0.7920662,0.8303,0.8296494970879829,0.8302999999999999,0.8364963531632158,0.8303,0.8303,0.8303,0.8296494970879831,0.8303,0.8364963531632158,0.8840113,0.8322,0.8314063369666819,0.8321999999999999,0.8382476144490532,0.8322,0.8322,0.8322,0.8314063369666818,0.8322,0.8382476144490533
