round,active_ordinary_count,active_anomaly_count,avg_ordinary_tokens,avg_anomaly_tokens,test_loss_offline,test_acc_offline,test_macro_f1_offline,test_macro_recall_offline,test_macro_precision_offline,test_micro_f1_offline,test_micro_recall_offline,test_micro_precision_offline,test_weighted_f1_offline,test_weighted_recall_offline,test_weighted_precision_offline,test_loss_online,test_acc_online,test_macro_f1_online,test_macro_recall_online,test_macro_precision_online,test_micro_f1_online,test_micro_recall_online,test_micro_precision_online,test_weighted_f1_online,test_weighted_recall_online,test_weighted_precision_online,test_loss_offline_backdoor,test_acc_offline_backdoor,test_macro_f1_offline_backdoor,test_macro_recall_offline_backdoor,test_macro_precision_offline_backdoor,test_micro_f1_offline_backdoor,test_micro_recall_offline_backdoor,test_micro_precision_offline_backdoor,test_weighted_f1_offline_backdoor,test_weighted_recall_offline_backdoor,test_weighted_precision_offline_backdoor,test_loss_online_backdoor,test_acc_online_backdoor,test_macro_f1_online_backdoor,test_macro_recall_online_backdoor,test_macro_precision_online_backdoor,test_micro_f1_online_backdoor,test_micro_recall_online_backdoor,test_micro_precision_online_backdoor,test_weighted_f1_online_backdoor,test_weighted_recall_online_backdoor,test_weighted_precision_online_backdoor
0,99,1,2000.0,2000.0,2.4872777,0.0957,0.05101666655873631,0.09570000000000001,0.06828740148645371,0.0957,0.0957,0.0957,0.05101666655873631,0.0957,0.06828740148645372,0.5984219,0.8055,0.8053535424407837,0.8055,0.8056721514800664,0.8054999999999999,0.8055,0.8055,0.8053535424407837,0.8055,0.8056721514800662,2.4828231,0.0921,0.04833253029446831,0.0921,0.06234586877425754,0.09210000000000002,0.0921,0.0921,0.04833253029446831,0.0921,0.06234586877425754,0.59670156,0.8039,0.8045464425581027,0.8039,0.8057872847592877,0.8039000000000001,0.8039,0.8039,0.8045464425581026,0.8039,0.8057872847592876
1,99,1,2001.499194014366,1851.5797925770462,0.6082772,0.7871,0.7866827762320527,0.7870999999999999,0.7869899173404397,0.7871000000000001,0.7871,0.7871,0.7866827762320526,0.7871,0.7869899173404395,0.6910783,0.8113,0.8113263984854825,0.8112999999999999,0.811747312361842,0.8113,0.8113,0.8113,0.8113263984854825,0.8113,0.8117473123618419,0.61537045,0.7848,0.7846111916290335,0.7847999999999999,0.786008543128395,0.7848,0.7848,0.7848,0.7846111916290336,0.7848,0.786008543128395,0.6584272,0.8097,0.8103604328134502,0.8097,0.8119278799425409,0.8097,0.8097,0.8097,0.8103604328134502,0.8097,0.8119278799425409
2,99,1,2002.1201283370958,1790.1072946256647,0.64168894,0.7956,0.7961214553545328,0.7956,0.7979420538425008,0.7956,0.7956,0.7956,0.7961214553545328,0.7956,0.7979420538425008,0.76808316,0.8142,0.8143047979611602,0.8141999999999999,0.8147273684829394,0.8142,0.8142,0.8142,0.81430479796116,0.8142,0.8147273684829395,0.6394542,0.7911,0.7923061807922949,0.7910999999999999,0.7964360816841435,0.7911000000000001,0.7911,0.7911,0.7923061807922949,0.7911,0.7964360816841434,0.7272535,0.8117,0.8120934644424123,0.8117000000000001,0.8138685967503481,0.8116999999999999,0.8117,0.8117,0.8120934644424124,0.8117,0.8138685967503481
3,99,1,2002.8607581179906,1716.784946316301,0.65088695,0.8008,0.8008837563079638,0.8008,0.803048676618844,0.8008,0.8008,0.8008,0.8008837563079638,0.8008,0.803048676618844,0.7910444,0.8181,0.8181751333937844,0.8181,0.8186617011706769,0.8180999999999999,0.8181,0.8181,0.8181751333937844,0.8181,0.8186617011706768,0.6317034,0.8001,0.8001856129597197,0.8000999999999999,0.8020190863517316,0.8000999999999999,0.8001,0.8001,0.8001856129597198,0.8001,0.8020190863517317,0.7436391,0.8149,0.8152128434361424,0.8149,0.8170872257246803,0.8149000000000001,0.8149,0.8149,0.8152128434361423,0.8149,0.8170872257246803
4,99,1,2003.4978953489328,1653.7083604519917,0.66278654,0.8031,0.8031289343341731,0.8031,0.8042071777267974,0.8031,0.8031,0.8031,0.8031289343341732,0.8031,0.8042071777267973,0.79870903,0.8196,0.8197651551215467,0.8196,0.8203022083839302,0.8196,0.8196,0.8196,0.8197651551215466,0.8196,0.8203022083839303,0.66344446,0.796,0.7964751994605022,0.796,0.8010928543928253,0.796,0.796,0.796,0.7964751994605022,0.796,0.8010928543928252,0.7590428,0.8163,0.816429541147702,0.8163,0.81773488449215,0.8162999999999999,0.8163,0.8163,0.8164295411477023,0.8163,0.8177348844921501
5,99,1,2004.0774440535772,1596.3330386913535,0.67522204,0.8056,0.8062649327470544,0.8055999999999999,0.8086727406003025,0.8056000000000001,0.8056,0.8056,0.8062649327470545,0.8056,0.8086727406003025,0.8212625,0.8215,0.821783584311904,0.8215,0.8223751939956034,0.8215,0.8215,0.8215,0.8217835843119041,0.8215,0.8223751939956033,0.66256106,0.8018,0.8025310826848756,0.8018000000000001,0.80618599444953,0.8018,0.8018,0.8018,0.8025310826848757,0.8018,0.8061859944495299,0.77141047,0.8189,0.8191943181096304,0.8189,0.8207028869707065,0.8189,0.8189,0.8189,0.8191943181096305,0.8189,0.8207028869707066
6,99,1,2004.628865197521,1541.7423454400682,0.6630414,0.8078,0.8071828195062978,0.8078000000000001,0.8079216676322479,0.8078,0.8078,0.8078,0.8071828195062977,0.8078,0.8079216676322478,0.822224,0.8228,0.8228721829504628,0.8228,0.8233749072462802,0.8227999999999999,0.8228,0.8228,0.8228721829504628,0.8228,0.82337490724628,0.663612,0.8034,0.8030045157992467,0.8033999999999999,0.8067941837128345,0.8034,0.8034,0.8034,0.8030045157992466,0.8034,0.8067941837128344,0.78572005,0.8201,0.8205362080483212,0.8201,0.8232009837952413,0.8201,0.8201,0.8201,0.8205362080483212,0.8201,0.8232009837952413
7,99,1,2005.1592497297581,1489.2342767477387,0.6830859,0.8085,0.808394051970105,0.8084999999999999,0.809756922513816,0.8085,0.8085,0.8085,0.8083940519701049,0.8085,0.809756922513816,0.8173137,0.825,0.825118651531351,0.825,0.8256188591213519,0.825,0.825,0.825,0.8251186515313511,0.825,0.825618859121352,0.676966,0.804,0.8037929006616444,0.804,0.8083094480787046,0.804,0.804,0.804,0.8037929006616444,0.804,0.8083094480787048,0.79319733,0.8191,0.8195538853139859,0.8191,0.822346477997882,0.8191,0.8191,0.8191,0.8195538853139857,0.8191,0.822346477997882
8,99,1,2005.7834388384633,1427.4395549850954,0.6636637,0.8123,0.8110306764544521,0.8123000000000001,0.8118303345927899,0.8123,0.8123,0.8123,0.811030676454452,0.8123,0.8118303345927901,0.81632596,0.8237,0.8237333529089588,0.8237,0.8242635241134717,0.8237000000000001,0.8237,0.8237,0.8237333529089589,0.8237,0.8242635241134719,0.6714333,0.8051,0.8031907211221203,0.8051,0.8072197048278558,0.8051,0.8051,0.8051,0.8031907211221202,0.8051,0.8072197048278558,0.79031646,0.8215,0.8213035747589345,0.8215,0.8234446455515595,0.8215,0.8215,0.8215,0.8213035747589346,0.8215,0.8234446455515596
9,99,1,2006.474951696846,1358.979782004671,0.6674814,0.8111,0.81099822058685,0.8111,0.8127889306441365,0.8111,0.8111,0.8111,0.8109982205868499,0.8111,0.8127889306441365,0.8226358,0.8253,0.8255506654274856,0.8253,0.826439765549571,0.8253,0.8253,0.8253,0.8255506654274856,0.8253,0.826439765549571,0.66788137,0.8096,0.8091415156016369,0.8096,0.8129393779874672,0.8096,0.8096,0.8096,0.8091415156016368,0.8096,0.8129393779874672,0.78367054,0.8218,0.8219030601787299,0.8218,0.8249689087620744,0.8217999999999999,0.8218,0.8218,0.82190306017873,0.8218,0.8249689087620745
10,99,1,2007.1341989621717,1293.7143027362542,0.66290027,0.8159,0.8163269210130919,0.8159000000000001,0.8170867930145697,0.8159,0.8159,0.8159,0.8163269210130918,0.8159,0.8170867930145697,0.80884826,0.8259,0.8260933642471964,0.8259000000000001,0.8267693031878658,0.8259,0.8259,0.8259,0.8260933642471963,0.8259,0.8267693031878657,0.66585916,0.8118,0.8117406863911825,0.8118000000000001,0.8145707974925603,0.8117999999999999,0.8118,0.8118,0.8117406863911824,0.8118,0.8145707974925602,0.7894356,0.8241,0.8240315566371482,0.8240999999999999,0.8266515616992951,0.8240999999999999,0.8241,0.8241,0.8240315566371482,0.8241,0.8266515616992952
11,99,1,2007.621789332768,1245.4428560462952,0.6753091,0.8116,0.8120399634629543,0.8116000000000001,0.8136914111853739,0.8115999999999999,0.8116,0.8116,0.8120399634629544,0.8116,0.813691411185374,0.8167074,0.8279,0.8279962139510483,0.8279,0.8283670013177286,0.8279,0.8279,0.8279,0.8279962139510484,0.8279,0.8283670013177287,0.6816709,0.8081,0.8080267630036326,0.8080999999999999,0.8121506733906273,0.8081,0.8081,0.8081,0.8080267630036324,0.8081,0.8121506733906274,0.7911551,0.8227,0.8226606594031518,0.8226999999999999,0.8254700153311605,0.8227,0.8227,0.8227,0.8226606594031518,0.8227,0.8254700153311604
12,99,1,2008.176842621468,1190.4925804640668,0.6692507,0.8071,0.8068877007877155,0.8070999999999999,0.8115061851811649,0.8071,0.8071,0.8071,0.8068877007877157,0.8071,0.8115061851811649,0.81051165,0.8287,0.8288843559687011,0.8287000000000001,0.82945798484819,0.8287,0.8287,0.8287,0.8288843559687011,0.8287,0.8294579848481901,0.64788723,0.8091,0.8080825741991402,0.8090999999999999,0.8106938944089229,0.8090999999999999,0.8091,0.8091,0.8080825741991402,0.8091,0.810693894408923,0.777419,0.824,0.8240661483102262,0.8240000000000001,0.8267740788009084,0.824,0.824,0.824,0.824066148310226,0.824,0.8267740788009085
13,99,1,2008.7335994345106,1135.373655972122,0.65924966,0.8192,0.8194800518540457,0.8192,0.8204963276111374,0.8191999999999999,0.8192,0.8192,0.8194800518540458,0.8192,0.8204963276111376,0.8195864,0.8271,0.8272856297820012,0.8271000000000001,0.8278443065647414,0.8271,0.8271,0.8271,0.8272856297820009,0.8271,0.8278443065647414,0.65299094,0.8174,0.8172703611129333,0.8173999999999999,0.8198257669883067,0.8174,0.8174,0.8174,0.817270361112933,0.8174,0.8198257669883067,0.77873254,0.8262,0.8264130231959885,0.8262,0.8290120470104627,0.8262,0.8262,0.8262,0.8264130231959885,0.8262,0.8290120470104628
14,99,1,2009.2580030012327,1083.4577028654105,0.6690103,0.8172,0.8168585816788794,0.8172,0.8176755185100983,0.8172,0.8172,0.8172,0.8168585816788794,0.8172,0.8176755185100983,0.8210862,0.8285,0.8286831129637775,0.8285,0.8293249793099673,0.8285,0.8285,0.8285,0.8286831129637776,0.8285,0.8293249793099673,0.66418093,0.8121,0.8117649522085211,0.8121,0.8143801997760376,0.8121,0.8121,0.8121,0.8117649522085211,0.8121,0.8143801997760375,0.7813679,0.825,0.8251099657033125,0.825,0.8275869323097463,0.825,0.825,0.825,0.8251099657033126,0.825,0.8275869323097464
15,99,1,2009.8565415008325,1024.2023914043402,0.6635386,0.8145,0.8148741159280191,0.8145,0.8167909222674563,0.8145,0.8145,0.8145,0.814874115928019,0.8145,0.8167909222674563,0.821976,0.8303,0.8303332041108087,0.8303,0.8307042724914604,0.8303,0.8303,0.8303,0.8303332041108088,0.8303,0.8307042724914605,0.66432923,0.8099,0.8108420070351373,0.8099000000000001,0.8159976971343603,0.8099,0.8099,0.8099,0.8108420070351372,0.8099,0.8159976971343603,0.77311975,0.8264,0.8264986103726087,0.8263999999999999,0.8287721805578426,0.8264,0.8264,0.8264,0.8264986103726087,0.8264,0.8287721805578427
16,99,0,2010.3326066824447,0.0,0.6537161,0.8194,0.8194480370628103,0.8193999999999999,0.8200203498170721,0.8194,0.8194,0.8194,0.8194480370628102,0.8194,0.8200203498170722,0.8203329,0.8305,0.8305027782502229,0.8305,0.8307960718761972,0.8305,0.8305,0.8305,0.8305027782502229,0.8305,0.8307960718761973,0.672616,0.8106,0.8119945009111598,0.8106,0.8186889805371695,0.8106,0.8106,0.8106,0.8119945009111597,0.8106,0.8186889805371694,0.8222174,0.8209,0.8216194805923033,0.8209,0.8255871470117431,0.8209000000000001,0.8209,0.8209,0.8216194805923033,0.8209,0.8255871470117431
17,99,0,2010.3326066824416,0.0,0.6544099,0.8188,0.8186959822502216,0.8188000000000001,0.8190269998917319,0.8188,0.8188,0.8188,0.8186959822502217,0.8188,0.819026999891732,0.82970095,0.8294,0.8293251953810031,0.8293999999999999,0.8296137194251726,0.8293999999999999,0.8294,0.8294,0.8293251953810031,0.8294,0.8296137194251725,0.6683383,0.8106,0.8116492408941178,0.8106,0.8163713411290134,0.8106,0.8106,0.8106,0.8116492408941179,0.8106,0.8163713411290134,0.8157867,0.822,0.8226050791094079,0.8220000000000001,0.8261423342532146,0.822,0.822,0.822,0.8226050791094082,0.822,0.8261423342532146
18,99,0,2010.3326066824388,0.0,0.6600068,0.8211,0.8213878406772037,0.8211,0.8221719923476799,0.8211,0.8211,0.8211,0.8213878406772037,0.8211,0.8221719923476799,0.8264996,0.8306,0.8304057618808287,0.8305999999999999,0.830449079771918,0.8306,0.8306,0.8306,0.8304057618808288,0.8306,0.830449079771918,0.6848438,0.8107,0.8117458516041063,0.8107,0.8179100560204343,0.8107,0.8107,0.8107,0.8117458516041063,0.8107,0.8179100560204344,0.81020486,0.8224,0.8228717485255614,0.8224,0.8259038514459964,0.8224,0.8224,0.8224,0.8228717485255614,0.8224,0.8259038514459965
19,99,0,2010.3326066824366,0.0,0.6529042,0.8184,0.8188915033313885,0.8184000000000001,0.8201972162480315,0.8184,0.8184,0.8184,0.8188915033313886,0.8184,0.8201972162480315,0.83000195,0.8309,0.8308355671202505,0.8309000000000001,0.8309529540233426,0.8309,0.8309,0.8309,0.8308355671202505,0.8309,0.8309529540233427,0.6567046,0.8151,0.8161065042471852,0.8150999999999999,0.8202494288425694,0.8150999999999999,0.8151,0.8151,0.8161065042471851,0.8151,0.8202494288425695,0.8112899,0.8261,0.8264505776273096,0.8261000000000001,0.8287887634080233,0.8261,0.8261,0.8261,0.8264505776273096,0.8261,0.8287887634080234
20,99,0,2010.3326066824357,0.0,0.64067745,0.8228,0.8232003900421535,0.8228,0.8240638129179132,0.8227999999999999,0.8228,0.8228,0.8232003900421534,0.8228,0.8240638129179133,0.83522815,0.8318,0.8317264415910912,0.8318,0.8317949819783795,0.8318,0.8318,0.8318,0.8317264415910911,0.8318,0.8317949819783796,0.6514102,0.8162,0.8167412663094309,0.8161999999999999,0.8195773253304051,0.8162,0.8162,0.8162,0.8167412663094308,0.8162,0.8195773253304051,0.79330397,0.8266,0.8268975870928477,0.8266,0.8286536072661403,0.8266,0.8266,0.8266,0.8268975870928478,0.8266,0.8286536072661401
21,99,0,2010.3326066824354,0.0,0.65648615,0.823,0.8228876238775941,0.8230000000000001,0.8230239307399172,0.823,0.823,0.823,0.822887623877594,0.823,0.8230239307399173,0.8559139,0.8307,0.8305406211709343,0.8307,0.8306012302623917,0.8307,0.8307,0.8307,0.8305406211709343,0.8307,0.8306012302623919,0.67885906,0.8155,0.815688835811831,0.8155000000000001,0.8199666067397757,0.8155,0.8155,0.8155,0.815688835811831,0.8155,0.8199666067397756,0.8103402,0.8269,0.8271492823358372,0.8269,0.829369340122485,0.8269,0.8269,0.8269,0.8271492823358373,0.8269,0.829369340122485
22,99,0,2010.3326066824318,0.0,0.6676638,0.8201,0.820432262643308,0.8200999999999998,0.8211513562903118,0.8201,0.8201,0.8201,0.820432262643308,0.8201,0.8211513562903118,0.8395323,0.8285,0.8284379228668968,0.8285,0.8286554581231919,0.8285,0.8285,0.8285,0.8284379228668968,0.8285,0.828655458123192,0.6739557,0.8151,0.8158049011956063,0.8150999999999999,0.8193909028431943,0.8150999999999999,0.8151,0.8151,0.8158049011956063,0.8151,0.8193909028431943,0.8343004,0.8252,0.8253470565212206,0.8252,0.8277188358109658,0.8252,0.8252,0.8252,0.8253470565212206,0.8252,0.827718835810966
23,99,0,2010.3326066824293,0.0,0.68835545,0.8193,0.8193446112508914,0.8192999999999999,0.8219438010445883,0.8193,0.8193,0.8193,0.8193446112508913,0.8193,0.8219438010445883,0.83855164,0.8318,0.8317811124424137,0.8318,0.8320072678630848,0.8318,0.8318,0.8318,0.8317811124424137,0.8318,0.8320072678630848,0.6999201,0.8135,0.8136437634956973,0.8135,0.8182474120065144,0.8135,0.8135,0.8135,0.8136437634956973,0.8135,0.8182474120065144,0.8146497,0.8267,0.8268530448614199,0.8267,0.8291791225666907,0.8267,0.8267,0.8267,0.8268530448614198,0.8267,0.8291791225666906
24,99,0,2010.3326066824268,0.0,0.6941792,0.8197,0.8190741277201127,0.8197000000000001,0.8207181991722123,0.8197,0.8197,0.8197,0.8190741277201128,0.8197,0.8207181991722122,0.8489329,0.8331,0.833139586960499,0.8331000000000002,0.8334712937103094,0.8331,0.8331,0.8331,0.8331395869604988,0.8331,0.8334712937103094,0.72405666,0.808,0.8074386286029387,0.808,0.8137845582736338,0.808,0.808,0.808,0.8074386286029387,0.808,0.8137845582736338,0.8026891,0.8281,0.8282412790291556,0.8280999999999998,0.830289655762118,0.8281,0.8281,0.8281,0.8282412790291557,0.8281,0.830289655762118
25,99,0,2010.332606682424,0.0,0.6704332,0.8237,0.8240484539748018,0.8237,0.8258924028976231,0.8237000000000001,0.8237,0.8237,0.8240484539748016,0.8237,0.8258924028976233,0.8396959,0.8332,0.8331613351136153,0.8332,0.8334918513871135,0.8332,0.8332,0.8332,0.8331613351136155,0.8332,0.8334918513871135,0.67860216,0.8175,0.8180537321829224,0.8175000000000001,0.8221701260687645,0.8175,0.8175,0.8175,0.8180537321829224,0.8175,0.8221701260687645,0.7952936,0.8285,0.8287838880892953,0.8285,0.8309641784393816,0.8285,0.8285,0.8285,0.8287838880892953,0.8285,0.8309641784393818
26,99,0,2010.3326066824231,0.0,0.67431307,0.8229,0.8227949191393433,0.8229,0.823866273256313,0.8229,0.8229,0.8229,0.8227949191393434,0.8229,0.8238662732563131,0.83282185,0.8327,0.832696167543028,0.8327,0.8330508584637182,0.8327000000000001,0.8327,0.8327,0.8326961675430281,0.8327,0.8330508584637181,0.68302566,0.8187,0.8193265185632586,0.8187,0.8227651975459231,0.8186999999999999,0.8187,0.8187,0.8193265185632584,0.8187,0.8227651975459231,0.8156176,0.8283,0.828774200467502,0.8282999999999999,0.8315226807482498,0.8283,0.8283,0.8283,0.8287742004675023,0.8283,0.8315226807482496
27,99,0,2010.3326066824204,0.0,0.66106135,0.8242,0.8239178479044771,0.8242,0.8242058049157437,0.8242,0.8242,0.8242,0.8239178479044771,0.8242,0.8242058049157437,0.85302734,0.8337,0.8337318361635722,0.8337,0.8341304905578649,0.8337,0.8337,0.8337,0.833731836163572,0.8337,0.8341304905578649,0.6913752,0.8151,0.8149534658937254,0.8151000000000002,0.8193316787505255,0.8150999999999999,0.8151,0.8151,0.8149534658937255,0.8151,0.8193316787505255,0.79877716,0.829,0.8293338204229913,0.829,0.8315777180131937,0.8289999999999998,0.829,0.829,0.8293338204229913,0.829,0.8315777180131938
28,99,0,2010.3326066824197,0.0,0.6725438,0.8232,0.822617780199192,0.8231999999999999,0.8239378887240256,0.8232,0.8232,0.8232,0.8226177801991919,0.8232,0.8239378887240258,0.8460643,0.8335,0.8335561695565108,0.8334999999999999,0.8339625774715108,0.8335,0.8335,0.8335,0.8335561695565109,0.8335,0.8339625774715108,0.7044939,0.8164,0.8161748776775604,0.8164000000000001,0.8212342847446784,0.8164,0.8164,0.8164,0.8161748776775605,0.8164,0.8212342847446784,0.7975091,0.8269,0.827084364227613,0.8269,0.8297057267137831,0.8269,0.8269,0.8269,0.8270843642276131,0.8269,0.8297057267137831
29,99,0,2010.3326066824143,0.0,0.6680047,0.8257,0.8261303983067615,0.8257,0.8271554529663586,0.8257,0.8257,0.8257,0.8261303983067615,0.8257,0.8271554529663586,0.8561574,0.834,0.8340634726817404,0.834,0.8344459168832034,0.834,0.834,0.834,0.8340634726817403,0.834,0.8344459168832032,0.6770279,0.8202,0.8206855571974139,0.8202,0.8235524987386101,0.8202,0.8202,0.8202,0.8206855571974138,0.8202,0.8235524987386101,0.8147969,0.8276,0.8276996919698476,0.8276,0.8301111449376236,0.8276,0.8276,0.8276,0.8276996919698475,0.8276,0.8301111449376238
30,99,0,2010.332606682414,0.0,0.674475,0.8231,0.8230677764483343,0.8230999999999999,0.8251762326835183,0.8231,0.8231,0.8231,0.8230677764483342,0.8231,0.8251762326835181,0.8458174,0.8346,0.8345483370242339,0.8346,0.8347734250639759,0.8346,0.8346,0.8346,0.834548337024234,0.8346,0.8347734250639758,0.68390656,0.8197,0.8200760571548045,0.8196999999999999,0.8243427651368366,0.8197,0.8197,0.8197,0.8200760571548044,0.8197,0.8243427651368366,0.7996506,0.8287,0.8286730723360194,0.8287000000000001,0.831019430243313,0.8287,0.8287,0.8287,0.8286730723360193,0.8287,0.831019430243313
31,99,0,2010.3326066824122,0.0,0.707771,0.8202,0.8199686573499492,0.8202000000000002,0.8230059438673412,0.8202,0.8202,0.8202,0.8199686573499492,0.8202,0.823005943867341,0.8477665,0.8346,0.8345808330243566,0.8346,0.8348198570995902,0.8346,0.8346,0.8346,0.8345808330243565,0.8346,0.8348198570995901,0.6995751,0.818,0.8178872964651178,0.8180000000000002,0.8217645385494237,0.818,0.818,0.818,0.8178872964651177,0.818,0.8217645385494238,0.8035542,0.8263,0.8263903407359171,0.8263,0.828757136357237,0.8263,0.8263,0.8263,0.8263903407359173,0.8263,0.8287571363572369
32,99,0,2010.3326066824045,0.0,0.6702957,0.8258,0.825375843725608,0.8258000000000001,0.8263267409786543,0.8258000000000001,0.8258,0.8258,0.8253758437256081,0.8258,0.8263267409786542,0.8504377,0.8364,0.8362803914856951,0.8363999999999999,0.8364879460185752,0.8364,0.8364,0.8364,0.836280391485695,0.8364,0.8364879460185753,0.6873799,0.8205,0.820319001727075,0.8205,0.824108709708036,0.8204999999999999,0.8205,0.8205,0.8203190017270751,0.8205,0.8241087097080358,0.79076475,0.8292,0.8292832109243606,0.8291999999999999,0.831733220404496,0.8292,0.8292,0.8292,0.8292832109243605,0.8292,0.8317332204044962
33,99,0,2010.3326066824015,0.0,0.6673874,0.8266,0.826415287616889,0.8266,0.8268534364217557,0.8266,0.8266,0.8266,0.826415287616889,0.8266,0.8268534364217556,0.852303,0.834,0.8339442901736238,0.834,0.8342058566681049,0.834,0.834,0.834,0.8339442901736238,0.834,0.834205856668105,0.6648507,0.8217,0.8216416709629311,0.8217000000000001,0.8234101311394364,0.8217,0.8217,0.8217,0.821641670962931,0.8217,0.8234101311394365,0.80305195,0.8268,0.8269833952853247,0.8268000000000001,0.8305255865518953,0.8267999999999999,0.8268,0.8268,0.8269833952853247,0.8268,0.8305255865518951
34,99,0,2010.3326066824002,0.0,0.669925,0.8261,0.8265180906976324,0.8261,0.8280668300190651,0.8261,0.8261,0.8261,0.8265180906976324,0.8261,0.8280668300190651,0.850475,0.8348,0.834760137996807,0.8348000000000001,0.8350255095107817,0.8348,0.8348,0.8348,0.8347601379968071,0.8348,0.8350255095107817,0.6720571,0.8209,0.8216483874645807,0.8209000000000002,0.8254525970436075,0.8209000000000001,0.8209,0.8209,0.8216483874645806,0.8209,0.8254525970436076,0.8077434,0.8301,0.830322693177453,0.8301000000000001,0.8332556469643879,0.8301,0.8301,0.8301,0.8303226931774529,0.8301,0.8332556469643878
35,99,0,2010.3326066823972,0.0,0.6522215,0.8295,0.8289972216765003,0.8295,0.8289960438673397,0.8295,0.8295,0.8295,0.8289972216765001,0.8295,0.8289960438673397,0.8668589,0.8344,0.8342705981382957,0.8344000000000001,0.8344384204514578,0.8344,0.8344,0.8344,0.8342705981382956,0.8344,0.8344384204514579,0.6491487,0.8257,0.8251919404378206,0.8257,0.826121761174139,0.8257,0.8257,0.8257,0.8251919404378206,0.8257,0.826121761174139,0.80547386,0.8307,0.8307573274862715,0.8307,0.8327238333715596,0.8307,0.8307,0.8307,0.8307573274862714,0.8307,0.8327238333715598
36,99,0,2010.332606682395,0.0,0.68146574,0.8307,0.8301463426334618,0.8306999999999999,0.8303444350833231,0.8307,0.8307,0.8307,0.8301463426334618,0.8307,0.830344435083323,0.86606365,0.8341,0.8341129923197791,0.8341000000000001,0.8343560433386618,0.8341,0.8341,0.8341,0.834112992319779,0.8341,0.8343560433386618,0.68047243,0.8257,0.8251750851867093,0.8257000000000001,0.8264798464920802,0.8257,0.8257,0.8257,0.8251750851867095,0.8257,0.8264798464920801,0.7933455,0.8317,0.831832011470215,0.8317,0.8336431530720819,0.8317,0.8317,0.8317,0.8318320114702148,0.8317,0.8336431530720821
37,99,0,2010.3326066823902,0.0,0.6721837,0.8253,0.8254083357460862,0.8253,0.826324709499451,0.8253,0.8253,0.8253,0.8254083357460864,0.8253,0.8263247094994509,0.8561014,0.8359,0.8359773916492479,0.8359,0.8363327854828342,0.8359,0.8359,0.8359,0.8359773916492479,0.8359,0.8363327854828342,0.67202413,0.8232,0.8234213921734252,0.8231999999999999,0.8255414017094156,0.8232,0.8232,0.8232,0.8234213921734251,0.8232,0.8255414017094156,0.80668116,0.8324,0.8324013309560684,0.8324000000000001,0.8342866749364657,0.8324,0.8324,0.8324,0.8324013309560682,0.8324,0.8342866749364657
38,99,0,2010.3326066823877,0.0,0.6843009,0.8274,0.8275879998046737,0.8274000000000001,0.8287333190520908,0.8274,0.8274,0.8274,0.8275879998046736,0.8274,0.8287333190520907,0.8761701,0.8369,0.8369781554183311,0.8369,0.8374028257689176,0.8369,0.8369,0.8369,0.8369781554183312,0.8369,0.8374028257689177,0.6670512,0.8281,0.8286484132760474,0.8281000000000001,0.8304878988964857,0.8281,0.8281,0.8281,0.8286484132760473,0.8281,0.8304878988964856,0.8083414,0.8324,0.832464956210049,0.8324,0.834704629430709,0.8324,0.8324,0.8324,0.8324649562100489,0.8324,0.8347046294307091
39,99,0,2010.332606682385,0.0,0.6761123,0.8288,0.8289545185170363,0.8288,0.8298858969416854,0.8288,0.8288,0.8288,0.8289545185170364,0.8288,0.8298858969416854,0.8835832,0.8364,0.836530845756803,0.8364,0.8369619885475045,0.8364,0.8364,0.8364,0.8365308457568029,0.8364,0.8369619885475044,0.66996765,0.8264,0.8266618273728371,0.8263999999999999,0.8288720625005135,0.8264,0.8264,0.8264,0.8266618273728372,0.8264,0.8288720625005137,0.8179763,0.8302,0.8302993578825886,0.8301999999999999,0.8328352529327864,0.8302,0.8302,0.8302,0.8302993578825886,0.8302,0.8328352529327865
40,99,0,2010.3326066823813,0.0,0.67701083,0.8264,0.8265922505815144,0.8264000000000001,0.828004574073352,0.8264,0.8264,0.8264,0.8265922505815142,0.8264,0.8280045740733519,0.88303614,0.8354,0.8354727411211487,0.8354000000000001,0.8358730656574431,0.8354,0.8354,0.8354,0.8354727411211487,0.8354,0.8358730656574433,0.67312324,0.8251,0.8251505600901353,0.8251,0.8274411785554483,0.8251,0.8251,0.8251,0.8251505600901355,0.8251,0.8274411785554483,0.8085367,0.8298,0.8299010705326546,0.8298,0.8323821534821425,0.8298,0.8298,0.8298,0.8299010705326546,0.8298,0.8323821534821425
41,99,0,2010.3326066823786,0.0,0.67259854,0.8305,0.8304868292312975,0.8305,0.8310807101500337,0.8305,0.8305,0.8305,0.8304868292312977,0.8305,0.8310807101500337,0.8721,0.838,0.8380656833167783,0.8380000000000001,0.8384008891076558,0.838,0.838,0.838,0.8380656833167782,0.838,0.8384008891076558,0.6824372,0.8257,0.8256446120365626,0.8257,0.8287641864121588,0.8257,0.8257,0.8257,0.8256446120365625,0.8257,0.8287641864121588,0.8212136,0.8294,0.8294247718157426,0.8294,0.8323666872057209,0.8293999999999999,0.8294,0.8294,0.8294247718157427,0.8294,0.8323666872057209
42,99,0,2010.332606682377,0.0,0.6825222,0.8321,0.831937824750727,0.8321,0.8329950811947837,0.8321,0.8321,0.8321,0.8319378247507271,0.8321,0.8329950811947838,0.8819181,0.8376,0.8376706651072008,0.8375999999999999,0.8380714982780562,0.8376,0.8376,0.8376,0.8376706651072009,0.8376,0.838071498278056,0.68127877,0.8264,0.8260721346139034,0.8263999999999999,0.8282691294084203,0.8264,0.8264,0.8264,0.8260721346139033,0.8264,0.8282691294084205,0.8171811,0.83,0.8299979190103637,0.8300000000000001,0.833037803945067,0.83,0.83,0.83,0.8299979190103637,0.83,0.8330378039450669
43,99,0,2010.3326066823734,0.0,0.672368,0.8337,0.8338103768198083,0.8337,0.8345339628173605,0.8337,0.8337,0.8337,0.8338103768198083,0.8337,0.8345339628173604,0.8684878,0.8383,0.8384643151914544,0.8382999999999999,0.8388927211136405,0.8383000000000002,0.8383,0.8383,0.8384643151914545,0.8383,0.8388927211136407,0.67987746,0.8243,0.824254636847899,0.8243,0.8266356201917823,0.8243,0.8243,0.8243,0.824254636847899,0.8243,0.8266356201917823,0.80609804,0.8304,0.8304358061824624,0.8304,0.8335895324907444,0.8304000000000001,0.8304,0.8304,0.8304358061824625,0.8304,0.8335895324907444
44,99,0,2010.3326066823709,0.0,0.6747493,0.8336,0.833848124448599,0.8336,0.8344960846655953,0.8336,0.8336,0.8336,0.8338481244485991,0.8336,0.8344960846655953,0.86250603,0.8386,0.8387179653565375,0.8385999999999999,0.8390130673409587,0.8386,0.8386,0.8386,0.8387179653565375,0.8386,0.8390130673409587,0.67607015,0.8279,0.8281163827305242,0.8279,0.8304641515598339,0.8279,0.8279,0.8279,0.8281163827305241,0.8279,0.830464151559834,0.7903125,0.8318,0.8317068008737859,0.8318,0.8349696227416837,0.8318,0.8318,0.8318,0.831706800873786,0.8318,0.8349696227416836
45,99,0,2010.3326066823681,0.0,0.686974,0.8303,0.8305610808478525,0.8302999999999999,0.8322132887991873,0.8303,0.8303,0.8303,0.8305610808478523,0.8303,0.8322132887991874,0.87022674,0.8373,0.8373154866233715,0.8372999999999999,0.8374844637665815,0.8373000000000002,0.8373,0.8373,0.8373154866233715,0.8373,0.8374844637665816,0.70495,0.8232,0.8232022863931784,0.8231999999999999,0.8280984175722373,0.8232,0.8232,0.8232,0.8232022863931783,0.8232,0.8280984175722375,0.823591,0.8303,0.8300286589076358,0.8303,0.8333125780790593,0.8303,0.8303,0.8303,0.8300286589076357,0.8303,0.8333125780790595
46,99,0,2010.332606682367,0.0,0.67797816,0.8308,0.8310597513104037,0.8308,0.8318162917240324,0.8308,0.8308,0.8308,0.8310597513104035,0.8308,0.8318162917240326,0.87529707,0.8379,0.8378320841020779,0.8379,0.8379299841996135,0.8379,0.8379,0.8379,0.8378320841020779,0.8379,0.8379299841996135,0.6844878,0.8244,0.8244375407062368,0.8244,0.8276169322102221,0.8244,0.8244,0.8244,0.8244375407062369,0.8244,0.8276169322102221,0.81588954,0.8315,0.831239570825597,0.8314999999999999,0.8349317199111452,0.8315,0.8315,0.8315,0.8312395708255972,0.8315,0.8349317199111452
47,99,0,2010.332606682364,0.0,0.6779187,0.8333,0.8333165158367816,0.8333000000000002,0.833490376868989,0.8333,0.8333,0.8333,0.8333165158367816,0.8333,0.8334903768689889,0.8707028,0.8373,0.8372381771162031,0.8372999999999999,0.8373372628888788,0.8373000000000002,0.8373,0.8373,0.8372381771162032,0.8373,0.8373372628888789,0.6829507,0.8255,0.8254878937881756,0.8255000000000001,0.8275440178984959,0.8255,0.8255,0.8255,0.8254878937881757,0.8255,0.8275440178984959,0.82234824,0.831,0.8308558995532138,0.8310000000000001,0.8346933136064953,0.831,0.831,0.831,0.8308558995532139,0.831,0.8346933136064953
48,99,0,2010.3326066823631,0.0,0.67178714,0.8346,0.8347805534809305,0.8346,0.835388311856564,0.8346,0.8346,0.8346,0.8347805534809306,0.8346,0.835388311856564,0.8740138,0.8381,0.8380365735603842,0.8381000000000001,0.8381261315655187,0.8381,0.8381,0.8381,0.8380365735603842,0.8381,0.8381261315655187,0.6802911,0.8258,0.826199529588993,0.8257999999999999,0.8288194167804225,0.8258000000000001,0.8258,0.8258,0.826199529588993,0.8258,0.8288194167804224,0.802405,0.8306,0.8305840833648933,0.8305999999999999,0.833704305046381,0.8306,0.8306,0.8306,0.8305840833648932,0.8306,0.8337043050463809
49,99,0,2010.3326066823583,0.0,0.668541,0.8342,0.8343914865169223,0.8341999999999998,0.8348973928805007,0.8342,0.8342,0.8342,0.8343914865169225,0.8342,0.8348973928805006,0.8617656,0.8379,0.8378733576029938,0.8379,0.8381153012634359,0.8379,0.8379,0.8379,0.8378733576029938,0.8379,0.8381153012634359,0.6754493,0.827,0.8273747756984863,0.827,0.8301630956216564,0.827,0.827,0.827,0.8273747756984864,0.827,0.8301630956216562,0.80720645,0.8312,0.8313080267597245,0.8311999999999999,0.8347435907398333,0.8312,0.8312,0.8312,0.8313080267597245,0.8312,0.8347435907398333
50,99,0,2010.3326066823558,0.0,0.67932713,0.8344,0.8340828894848569,0.8344000000000001,0.8344232509603595,0.8344,0.8344,0.8344,0.8340828894848568,0.8344,0.8344232509603595,0.8783283,0.8397,0.8395820109080759,0.8397,0.8397240446208973,0.8396999999999999,0.8397,0.8397,0.8395820109080759,0.8397,0.8397240446208974,0.6887924,0.8283,0.8282709436550002,0.8282999999999999,0.8315657283494637,0.8283,0.8283,0.8283,0.8282709436550002,0.8283,0.8315657283494639,0.81192005,0.8347,0.8347843789772996,0.8347,0.8385370988596238,0.8347,0.8347,0.8347,0.8347843789772998,0.8347,0.8385370988596236
51,99,0,2010.3326066823524,0.0,0.6773725,0.8333,0.8332708417432635,0.8333,0.8340720207689183,0.8333,0.8333,0.8333,0.8332708417432636,0.8333,0.8340720207689181,0.87489474,0.8396,0.8395447929214515,0.8396000000000001,0.8397464208622848,0.8396,0.8396,0.8396,0.8395447929214513,0.8396,0.8397464208622849,0.67971027,0.8275,0.8280578159978269,0.8275,0.831262083068221,0.8275,0.8275,0.8275,0.8280578159978269,0.8275,0.831262083068221,0.8234121,0.8338,0.833938747704968,0.8338000000000001,0.8376819208880015,0.8338,0.8338,0.8338,0.8339387477049682,0.8338,0.8376819208880013
52,99,0,2010.3326066823504,0.0,0.677771,0.8331,0.8332834160489933,0.8331,0.8340987416444342,0.8331,0.8331,0.8331,0.8332834160489933,0.8331,0.8340987416444343,0.86988527,0.8386,0.8387522097948501,0.8386000000000001,0.8391929054631895,0.8386,0.8386,0.8386,0.83875220979485,0.8386,0.8391929054631895,0.6761713,0.8289,0.829316533939787,0.8289,0.8315964987880845,0.8289,0.8289,0.8289,0.829316533939787,0.8289,0.8315964987880845,0.8069632,0.8348,0.834993313969999,0.8348000000000001,0.8381840762759515,0.8348,0.8348,0.8348,0.8349933139699991,0.8348,0.8381840762759514
53,99,0,2010.3326066823483,0.0,0.70165247,0.8321,0.8329540563740544,0.8321,0.8346172905232292,0.8321,0.8321,0.8321,0.8329540563740544,0.8321,0.8346172905232293,0.88250136,0.8377,0.8378316912023633,0.8377000000000001,0.8382345667065177,0.8377,0.8377,0.8377,0.8378316912023632,0.8377,0.8382345667065175,0.6977657,0.8255,0.8265446818068607,0.8255000000000001,0.829787285038108,0.8255,0.8255,0.8255,0.8265446818068609,0.8255,0.829787285038108,0.80952567,0.8332,0.8331961424674008,0.8332,0.8362518310648508,0.8332,0.8332,0.8332,0.8331961424674007,0.8332,0.8362518310648509
54,99,0,2010.3326066823465,0.0,0.68210304,0.8335,0.8329524392909049,0.8335000000000001,0.8330563822302842,0.8335,0.8335,0.8335,0.8329524392909047,0.8335,0.8330563822302842,0.88398504,0.8383,0.8382958465919617,0.8383,0.8384845229639193,0.8383000000000002,0.8383,0.8383,0.8382958465919615,0.8383,0.8384845229639193,0.67770666,0.829,0.8286157228742829,0.8290000000000001,0.8303879403694989,0.8289999999999998,0.829,0.829,0.8286157228742828,0.829,0.8303879403694989,0.8154107,0.8338,0.8339860703664648,0.8337999999999999,0.8369370754565578,0.8338,0.8338,0.8338,0.8339860703664647,0.8338,0.8369370754565578
55,99,0,2010.3326066823422,0.0,0.67984354,0.8352,0.8352638365868398,0.8351999999999998,0.835605196832358,0.8352,0.8352,0.8352,0.8352638365868397,0.8352,0.8356051968323581,0.88675976,0.8383,0.8382862901427339,0.8383,0.8384564101618587,0.8383000000000002,0.8383,0.8383,0.8382862901427339,0.8383,0.8384564101618587,0.68853074,0.8289,0.829172019338183,0.8289,0.8319417894066582,0.8289,0.8289,0.8289,0.8291720193381829,0.8289,0.8319417894066582,0.814023,0.8328,0.8330040889358628,0.8328,0.8362037168434331,0.8327999999999999,0.8328,0.8328,0.833004088935863,0.8328,0.836203716843433
56,99,0,2010.3326066823395,0.0,0.6759155,0.832,0.8320856253664306,0.8320000000000001,0.832614612396465,0.832,0.832,0.832,0.8320856253664304,0.832,0.8326146123964651,0.88726604,0.8387,0.8387521203381327,0.8387,0.8389194497837934,0.8387,0.8387,0.8387,0.8387521203381327,0.8387,0.8389194497837936,0.6895231,0.8266,0.8267956890167468,0.8266,0.8309935273577562,0.8266,0.8266,0.8266,0.8267956890167468,0.8266,0.8309935273577564,0.809067,0.8326,0.8328462792157376,0.8326,0.8359798508489084,0.8326,0.8326,0.8326,0.8328462792157375,0.8326,0.8359798508489082
57,99,0,2010.3326066823372,0.0,0.6889007,0.8348,0.8346843906608689,0.8348000000000001,0.8347033050177254,0.8348,0.8348,0.8348,0.8346843906608686,0.8348,0.8347033050177255,0.88665116,0.8385,0.8384677694004777,0.8385,0.8385842649438958,0.8385,0.8385,0.8385,0.8384677694004778,0.8385,0.8385842649438958,0.70708954,0.829,0.8289019375244695,0.829,0.8322867183035372,0.8289999999999998,0.829,0.829,0.8289019375244696,0.829,0.8322867183035373,0.81524915,0.8329,0.8332181540817943,0.8329000000000001,0.8375567758290154,0.8329000000000001,0.8329,0.8329,0.8332181540817944,0.8329,0.8375567758290153
58,99,0,2010.332606682334,0.0,0.6801073,0.8314,0.8317244201078335,0.8314,0.832332698690322,0.8314,0.8314,0.8314,0.8317244201078334,0.8314,0.8323326986903221,0.8733049,0.8383,0.8382613740701375,0.8382999999999999,0.8383493742245276,0.8383000000000002,0.8383,0.8383,0.8382613740701373,0.8383,0.8383493742245275,0.68851,0.8271,0.827507643383225,0.8271000000000001,0.8313005430710974,0.8271,0.8271,0.8271,0.8275076433832248,0.8271,0.8313005430710974,0.801438,0.833,0.8332269442205767,0.833,0.8368080580462639,0.833,0.833,0.833,0.8332269442205766,0.833,0.8368080580462638
59,99,0,2010.3326066823317,0.0,0.686394,0.8333,0.8334745826339626,0.8333,0.8344012845061879,0.8333,0.8333,0.8333,0.8334745826339626,0.8333,0.834401284506188,0.8808581,0.8404,0.8403924954055082,0.8404,0.8405226780777226,0.8404,0.8404,0.8404,0.8403924954055083,0.8404,0.8405226780777227,0.7030527,0.8256,0.8260053623102092,0.8256,0.8306031334984599,0.8256,0.8256,0.8256,0.8260053623102093,0.8256,0.8306031334984598,0.8172975,0.8329,0.8331477223865816,0.8329000000000001,0.8370129211254558,0.8329000000000001,0.8329,0.8329,0.8331477223865817,0.8329,0.8370129211254557
60,99,0,2010.3326066823292,0.0,0.69519323,0.8337,0.8336253227163188,0.8337,0.8340961534399014,0.8337,0.8337,0.8337,0.8336253227163188,0.8337,0.8340961534399012,0.8879861,0.8388,0.838797876730534,0.8388,0.83894446714241,0.8388,0.8388,0.8388,0.838797876730534,0.8388,0.8389444671424099,0.70811474,0.83,0.8300313349502948,0.8300000000000001,0.8337750662770362,0.83,0.83,0.83,0.8300313349502949,0.83,0.8337750662770362,0.8083854,0.8332,0.8334374526179922,0.8332,0.8372011150956494,0.8332,0.8332,0.8332,0.8334374526179922,0.8332,0.8372011150956492
61,99,0,2010.3326066823267,0.0,0.68292814,0.8323,0.8325304133304481,0.8322999999999998,0.8333366848916596,0.8323,0.8323,0.8323,0.8325304133304482,0.8323,0.8333366848916596,0.8850994,0.8378,0.837922707716903,0.8378,0.8382785411824084,0.8378,0.8378,0.8378,0.8379227077169031,0.8378,0.8382785411824083,0.7110912,0.8228,0.8229612302785505,0.8228,0.8282160230457235,0.8227999999999999,0.8228,0.8228,0.8229612302785505,0.8228,0.8282160230457234,0.81243557,0.8334,0.8335754323505384,0.8333999999999999,0.8372552537011767,0.8334,0.8334,0.8334,0.8335754323505385,0.8334,0.8372552537011768
62,99,0,2010.3326066823242,0.0,0.68734133,0.8333,0.8336171439451464,0.8333,0.8345155631496904,0.8333,0.8333,0.8333,0.8336171439451464,0.8333,0.8345155631496906,0.88704807,0.839,0.839102232426163,0.8390000000000001,0.8393460996658497,0.839,0.839,0.839,0.8391022324261632,0.839,0.8393460996658497,0.70888233,0.8277,0.827824579461414,0.8277000000000001,0.8317147801846169,0.8277,0.8277,0.8277,0.8278245794614139,0.8277,0.831714780184617,0.810863,0.8337,0.834042965477062,0.8337,0.837669451084699,0.8337,0.8337,0.8337,0.834042965477062,0.8337,0.8376694510846991
63,99,0,2010.3326066823197,0.0,0.6854031,0.8332,0.8333556720265204,0.8332,0.8339708316389455,0.8332,0.8332,0.8332,0.8333556720265204,0.8332,0.8339708316389457,0.8890219,0.8392,0.8392520308804814,0.8392,0.8394833985449676,0.8392,0.8392,0.8392,0.8392520308804813,0.8392,0.8394833985449677,0.7008647,0.8284,0.8286435731250631,0.8284,0.8327001862818799,0.8284,0.8284,0.8284,0.8286435731250633,0.8284,0.8327001862818799,0.8101337,0.8342,0.8343615663290839,0.8342,0.8383604035663949,0.8342,0.8342,0.8342,0.8343615663290841,0.8342,0.8383604035663947
64,99,0,2010.33260668232,0.0,0.6981686,0.8324,0.8331056528431938,0.8324,0.8343062435551477,0.8324,0.8324,0.8324,0.8331056528431938,0.8324,0.8343062435551477,0.8845252,0.8377,0.8378110260215401,0.8376999999999999,0.8380728904238113,0.8377,0.8377,0.8377,0.83781102602154,0.8377,0.8380728904238114,0.72061217,0.827,0.827706847023704,0.827,0.8322314881042896,0.827,0.827,0.827,0.827706847023704,0.827,0.8322314881042896,0.80743575,0.8357,0.8360205300134357,0.8357000000000001,0.8398190951644224,0.8357,0.8357,0.8357,0.8360205300134356,0.8357,0.8398190951644224
65,99,0,2010.3326066823183,0.0,0.6943961,0.8361,0.836128221657248,0.8361000000000001,0.8363799263440701,0.8361,0.8361,0.8361,0.8361282216572481,0.8361,0.8363799263440702,0.89331913,0.8394,0.8394195869302624,0.8393999999999998,0.8396656742027029,0.8394,0.8394,0.8394,0.8394195869302623,0.8394,0.839665674202703,0.70919794,0.8311,0.8313597197493869,0.8311,0.8344336451718537,0.8311,0.8311,0.8311,0.8313597197493869,0.8311,0.8344336451718536,0.81490135,0.8337,0.8339683401178533,0.8337,0.8379448060514811,0.8337,0.8337,0.8337,0.8339683401178533,0.8337,0.8379448060514813
66,99,0,2010.332606682315,0.0,0.7007528,0.8332,0.8333117005200018,0.8331999999999999,0.834119046555984,0.8332,0.8332,0.8332,0.833311700520002,0.8332,0.8341190465559841,0.8702148,0.8391,0.8391157998496382,0.8391,0.8394051994688233,0.8391,0.8391,0.8391,0.8391157998496382,0.8391,0.8394051994688232,0.6986499,0.8272,0.8277542375045494,0.8272,0.8307388641877091,0.8272,0.8272,0.8272,0.8277542375045496,0.8272,0.8307388641877093,0.81446505,0.8324,0.8326740234253649,0.8324,0.8370851350123069,0.8324,0.8324,0.8324,0.8326740234253648,0.8324,0.8370851350123069
67,99,0,2010.3326066823104,0.0,0.6889482,0.8341,0.833830071750697,0.8341,0.8342269671323965,0.8341,0.8341,0.8341,0.833830071750697,0.8341,0.8342269671323965,0.8850858,0.8393,0.8391839540144751,0.8393,0.8393531223254863,0.8393,0.8393,0.8393,0.8391839540144752,0.8393,0.8393531223254862,0.700108,0.8274,0.8275308163929715,0.8273999999999999,0.8309150294974561,0.8274,0.8274,0.8274,0.8275308163929717,0.8274,0.8309150294974561,0.82177794,0.8324,0.8324634617120678,0.8324,0.8373167184436259,0.8324,0.8324,0.8324,0.8324634617120679,0.8324,0.8373167184436259
68,99,0,2010.332606682309,0.0,0.694996,0.8333,0.8333011254583885,0.8332999999999998,0.8337479443361822,0.8333,0.8333,0.8333,0.8333011254583885,0.8333,0.833747944336182,0.8903674,0.8397,0.8396600943751686,0.8397,0.8398977036207504,0.8396999999999999,0.8397,0.8397,0.8396600943751686,0.8397,0.8398977036207506,0.7245722,0.8267,0.8267887138548048,0.8267,0.8320689942223213,0.8267,0.8267,0.8267,0.8267887138548049,0.8267,0.8320689942223213,0.8141787,0.8329,0.8329877257681961,0.8329000000000001,0.8379311076507221,0.8329000000000001,0.8329,0.8329,0.8329877257681962,0.8329,0.8379311076507222
69,99,0,2010.3326066823076,0.0,0.6885124,0.8358,0.8352500329892063,0.8358000000000001,0.8352834127917225,0.8358,0.8358,0.8358,0.8352500329892062,0.8358,0.8352834127917224,0.8760573,0.8408,0.8407309572897944,0.8408,0.8408950723873649,0.8408,0.8408,0.8408,0.8407309572897942,0.8408,0.8408950723873649,0.7185773,0.8284,0.8277337225990798,0.8284,0.8326060898791333,0.8284,0.8284,0.8284,0.82773372259908,0.8284,0.8326060898791333,0.8105462,0.8338,0.8338504173569321,0.8337999999999999,0.8393087009742306,0.8338,0.8338,0.8338,0.833850417356932,0.8338,0.8393087009742307
70,99,0,2010.3326066823038,0.0,0.68605214,0.8356,0.8358681377406407,0.8356,0.8370123753303087,0.8355999999999999,0.8356,0.8356,0.8358681377406406,0.8356,0.8370123753303087,0.8796078,0.8409,0.8408896344199907,0.8409000000000001,0.8410978663682289,0.8409,0.8409,0.8409,0.8408896344199905,0.8409,0.841097866368229,0.7234979,0.823,0.8238207685327682,0.8230000000000001,0.8301951998002588,0.823,0.823,0.823,0.8238207685327681,0.823,0.8301951998002589,0.8195311,0.8333,0.8335395832324028,0.8333,0.838494032424261,0.8333,0.8333,0.8333,0.833539583232403,0.8333,0.838494032424261
71,99,0,2010.332606682303,0.0,0.68370533,0.8372,0.8371951925160402,0.8371999999999999,0.8375174892589803,0.8372,0.8372,0.8372,0.8371951925160404,0.8372,0.8375174892589803,0.8880963,0.8408,0.8408363401396268,0.8408,0.8410687288081686,0.8408,0.8408,0.8408,0.8408363401396267,0.8408,0.8410687288081686,0.70561534,0.8294,0.829727229058381,0.8294,0.8333969288816592,0.8293999999999999,0.8294,0.8294,0.8297272290583809,0.8294,0.8333969288816592,0.83610046,0.8328,0.8330757102308478,0.8328,0.8379217280262298,0.8327999999999999,0.8328,0.8328,0.833075710230848,0.8328,0.8379217280262298
72,99,0,2010.3326066822988,0.0,0.6945476,0.8344,0.8341885821418181,0.8343999999999999,0.8342024888133931,0.8344,0.8344,0.8344,0.8341885821418182,0.8344,0.834202488813393,0.8969404,0.8392,0.8391485512867334,0.8392,0.8393284863099391,0.8392,0.8392,0.8392,0.8391485512867334,0.8392,0.8393284863099391,0.72679657,0.8251,0.8254677668083291,0.8251,0.8304531952516646,0.8251,0.8251,0.8251,0.8254677668083292,0.8251,0.8304531952516647,0.8330501,0.8313,0.8317979589566222,0.8313,0.8374281423695928,0.8313000000000001,0.8313,0.8313,0.8317979589566225,0.8313,0.8374281423695927
73,99,0,2010.3326066822951,0.0,0.6972498,0.8344,0.8344188752076332,0.8344000000000001,0.8350997511277634,0.8344,0.8344,0.8344,0.8344188752076332,0.8344,0.8350997511277632,0.89661974,0.8401,0.8399721783854052,0.8401,0.8401130579179862,0.8401,0.8401,0.8401,0.839972178385405,0.8401,0.8401130579179862,0.7308701,0.8247,0.8254195199840962,0.8247,0.8313347799695283,0.8247,0.8247,0.8247,0.8254195199840962,0.8247,0.8313347799695282,0.8371369,0.8308,0.8312361615915341,0.8308,0.8374247920043867,0.8308,0.8308,0.8308,0.8312361615915341,0.8308,0.8374247920043867
74,99,0,2010.332606682295,0.0,0.6974976,0.8374,0.8373653383780582,0.8374,0.8376842887154883,0.8374,0.8374,0.8374,0.837365338378058,0.8374,0.8376842887154882,0.8942219,0.8409,0.84080944203338,0.8409000000000001,0.8410235776128216,0.8409,0.8409,0.8409,0.8408094420333798,0.8409,0.8410235776128216,0.73306787,0.8257,0.8263326029489495,0.8257,0.8321696324824618,0.8257,0.8257,0.8257,0.8263326029489494,0.8257,0.8321696324824618,0.8197363,0.8323,0.83284769206947,0.8323,0.83941868480202,0.8323,0.8323,0.8323,0.8328476920694698,0.8323,0.83941868480202
75,99,0,2010.3326066822913,0.0,0.70250726,0.8366,0.8365085642261001,0.8366,0.836628653586118,0.8366,0.8366,0.8366,0.8365085642261001,0.8366,0.8366286535861182,0.89154327,0.8405,0.8405197879201436,0.8404999999999999,0.8408286633351902,0.8404999999999999,0.8405,0.8405,0.8405197879201438,0.8405,0.8408286633351904,0.718795,0.8299,0.8304041887182925,0.8299,0.8344907675393802,0.8298999999999999,0.8299,0.8299,0.8304041887182925,0.8299,0.8344907675393802,0.82407033,0.8332,0.8337820854023132,0.8331999999999999,0.8395363466747924,0.8332,0.8332,0.8332,0.833782085402313,0.8332,0.8395363466747924
76,99,0,2010.332606682291,0.0,0.69327646,0.838,0.837866937974401,0.8379999999999999,0.8381024406592432,0.838,0.838,0.838,0.8378669379744011,0.838,0.8381024406592432,0.8921625,0.8405,0.8404985948144056,0.8405000000000001,0.8406811655359062,0.8404999999999999,0.8405,0.8405,0.8404985948144055,0.8405,0.8406811655359062,0.7267342,0.8284,0.828646169264497,0.8284,0.833598606528666,0.8284,0.8284,0.8284,0.8286461692644969,0.8284,0.8335986065286659,0.83710235,0.8322,0.8327073424394245,0.8321999999999999,0.8386997336417019,0.8322,0.8322,0.8322,0.8327073424394245,0.8322,0.8386997336417018
77,99,0,2010.3326066822863,0.0,0.6955432,0.8375,0.8375637914556398,0.8375,0.8379267856422491,0.8375,0.8375,0.8375,0.8375637914556396,0.8375,0.8379267856422492,0.89064246,0.8407,0.8407212510891506,0.8407,0.8409397382402226,0.8407,0.8407,0.8407,0.8407212510891506,0.8407,0.8409397382402225,0.7383578,0.827,0.8274644243377569,0.827,0.8332184807251245,0.827,0.827,0.827,0.827464424337757,0.827,0.8332184807251246,0.8297706,0.8322,0.832664138580849,0.8321999999999999,0.838453656487331,0.8322,0.8322,0.8322,0.8326641385808489,0.8322,0.838453656487331
78,99,0,2010.3326066822872,0.0,0.7052915,0.8346,0.8347910372799054,0.8346,0.8353849355554563,0.8346,0.8346,0.8346,0.8347910372799053,0.8346,0.8353849355554565,0.8946578,0.8422,0.8422418495805118,0.8422000000000001,0.8424365742201149,0.8422,0.8422,0.8422,0.842241849580512,0.8422,0.8424365742201148,0.7440571,0.8262,0.8268299634293695,0.8262,0.832920483298906,0.8262,0.8262,0.8262,0.8268299634293697,0.8262,0.832920483298906,0.8373242,0.8325,0.8331447768163363,0.8324999999999999,0.8395499728141516,0.8325,0.8325,0.8325,0.8331447768163361,0.8325,0.8395499728141514
79,99,0,2010.3326066822829,0.0,0.70525134,0.8367,0.836412831785435,0.8366999999999999,0.8366210349685987,0.8367,0.8367,0.8367,0.8364128317854351,0.8367,0.8366210349685987,0.8951873,0.8429,0.8429308671207929,0.8429,0.8430583292734759,0.8429,0.8429,0.8429,0.8429308671207929,0.8429,0.8430583292734758,0.745402,0.8274,0.8274698115270237,0.8274000000000001,0.8336395988457383,0.8274,0.8274,0.8274,0.8274698115270237,0.8274,0.8336395988457381,0.8285994,0.8323,0.832792754618254,0.8323,0.8389186508233356,0.8323,0.8323,0.8323,0.832792754618254,0.8323,0.8389186508233357
80,99,0,2010.3326066822806,0.0,0.69767517,0.8392,0.8391079526483898,0.8392000000000002,0.8393669995270259,0.8392,0.8392,0.8392,0.8391079526483898,0.8392,0.8393669995270259,0.9050705,0.8446,0.8445781380457458,0.8446,0.8446602890991107,0.8446,0.8446,0.8446,0.8445781380457458,0.8446,0.8446602890991107,0.74061966,0.8305,0.8309192870001842,0.8305,0.837110124731779,0.8305,0.8305,0.8305,0.8309192870001844,0.8305,0.8371101247317789,0.83476406,0.8333,0.8337392281717498,0.8333,0.840010928596217,0.8333,0.8333,0.8333,0.83373922817175,0.8333,0.840010928596217
81,99,0,2010.332606682277,0.0,0.703234,0.8387,0.8391528851800496,0.8386999999999999,0.839899393283756,0.8387,0.8387,0.8387,0.8391528851800496,0.8387,0.8398993932837558,0.9032954,0.8438,0.8437778185390851,0.8438000000000001,0.843892060432754,0.8438,0.8438,0.8438,0.8437778185390853,0.8438,0.8438920604327541,0.7732635,0.8228,0.823735922122291,0.8228,0.8324564278610685,0.8227999999999999,0.8228,0.8228,0.8237359221222911,0.8228,0.8324564278610685,0.8496666,0.832,0.832385462575419,0.8320000000000001,0.8386442040107316,0.832,0.832,0.832,0.8323854625754191,0.832,0.8386442040107315
82,99,0,2010.3326066822742,0.0,0.71213037,0.8362,0.8364175614373366,0.8362,0.8369243982472151,0.8362,0.8362,0.8362,0.8364175614373364,0.8362,0.836924398247215,0.8992926,0.8456,0.8455773016601128,0.8455999999999999,0.845654740254799,0.8456,0.8456,0.8456,0.8455773016601128,0.8456,0.845654740254799,0.7678802,0.8245,0.8252651232680351,0.8245000000000001,0.8326442416918198,0.8245,0.8245,0.8245,0.8252651232680354,0.8245,0.8326442416918198,0.8406098,0.8321,0.8326202866246455,0.8321,0.8391406692057937,0.8321,0.8321,0.8321,0.8326202866246453,0.8321,0.8391406692057937
83,99,0,2010.3326066822722,0.0,0.7007852,0.8389,0.8389978307190589,0.8389000000000001,0.8392860350052201,0.8389000000000001,0.8389,0.8389,0.8389978307190588,0.8389,0.83928603500522,0.8962566,0.8451,0.8452211731694366,0.8450999999999999,0.8453911408279444,0.8451,0.8451,0.8451,0.8452211731694368,0.8451,0.8453911408279445,0.7561706,0.826,0.8265745388911536,0.8260000000000002,0.8336787514525914,0.826,0.826,0.826,0.8265745388911537,0.826,0.8336787514525913,0.8405274,0.8323,0.8330034419104141,0.8323,0.8394586036548486,0.8323,0.8323,0.8323,0.8330034419104142,0.8323,0.8394586036548486
84,99,0,2010.33260668227,0.0,0.6985143,0.8393,0.8396896454959407,0.8392999999999999,0.8405606674245641,0.8393,0.8393,0.8393,0.8396896454959409,0.8393,0.8405606674245643,0.89975226,0.8444,0.8444412765495001,0.8443999999999999,0.844562418323404,0.8444,0.8444,0.8444,0.8444412765495001,0.8444,0.8445624183234042,0.73728156,0.8266,0.8277031788737632,0.8266,0.8340074709394646,0.8266,0.8266,0.8266,0.8277031788737631,0.8266,0.8340074709394645,0.8408359,0.834,0.8346665361618337,0.8339999999999999,0.841032015136015,0.834,0.834,0.834,0.8346665361618336,0.834,0.8410320151360151
85,99,0,2010.3326066822688,0.0,0.69545025,0.8362,0.8363087046720101,0.8362,0.8367873187315586,0.8362,0.8362,0.8362,0.8363087046720102,0.8362,0.8367873187315586,0.9062875,0.8447,0.8446762159846687,0.8447000000000001,0.8448141923034396,0.8447,0.8447,0.8447,0.8446762159846685,0.8447,0.8448141923034397,0.74376565,0.8247,0.8256848828754869,0.8247,0.832943721049707,0.8247,0.8247,0.8247,0.8256848828754868,0.8247,0.8329437210497072,0.84213495,0.8345,0.835028926614483,0.8344999999999999,0.8409189116219705,0.8345,0.8345,0.8345,0.8350289266144831,0.8345,0.8409189116219704
86,99,0,2010.3326066822665,0.0,0.7072528,0.8379,0.8373858259270847,0.8379000000000001,0.8373094184356571,0.8379,0.8379,0.8379,0.8373858259270847,0.8379,0.8373094184356571,0.9066779,0.8439,0.8438455363541678,0.8439,0.8439619060513539,0.8439,0.8439,0.8439,0.8438455363541678,0.8439,0.8439619060513538,0.7449968,0.8304,0.830502388675247,0.8304,0.8365528199461443,0.8304000000000001,0.8304,0.8304,0.830502388675247,0.8304,0.8365528199461442,0.8338111,0.8344,0.834765067615613,0.8343999999999999,0.8407200259802565,0.8344,0.8344,0.8344,0.8347650676156131,0.8344,0.8407200259802564
87,99,0,2010.3326066822635,0.0,0.70073986,0.8369,0.8368212072718997,0.8369,0.8371333405700778,0.8369,0.8369,0.8369,0.8368212072718998,0.8369,0.8371333405700778,0.90831816,0.8447,0.844704279881468,0.8446999999999999,0.8448849215926311,0.8447,0.8447,0.8447,0.844704279881468,0.8447,0.8448849215926312,0.7324705,0.8292,0.8299375595810741,0.8291999999999999,0.8354922101111697,0.8292,0.8292,0.8292,0.8299375595810742,0.8292,0.8354922101111697,0.8390869,0.8339,0.8343365219663748,0.8339000000000001,0.8405182321429232,0.8339,0.8339,0.8339,0.8343365219663746,0.8339,0.8405182321429233
88,99,0,2010.3326066822592,0.0,0.6908402,0.8398,0.83949579393189,0.8398,0.8397750477390875,0.8398,0.8398,0.8398,0.83949579393189,0.8398,0.8397750477390877,0.89396954,0.8438,0.8437408478849548,0.8438000000000001,0.843857267133145,0.8438,0.8438,0.8438,0.8437408478849547,0.8438,0.8438572671331449,0.7287251,0.831,0.8312991812826228,0.8310000000000001,0.8375114872571725,0.831,0.831,0.831,0.8312991812826229,0.831,0.8375114872571725,0.8598469,0.8348,0.8354217428953946,0.8347999999999999,0.8416346995091887,0.8348,0.8348,0.8348,0.8354217428953947,0.8348,0.841634699509189
89,99,0,2010.3326066822572,0.0,0.71050185,0.8364,0.8364446151911121,0.8364,0.8369703211216459,0.8364,0.8364,0.8364,0.8364446151911122,0.8364,0.8369703211216458,0.88608503,0.842,0.8419107520643001,0.842,0.8420026729287464,0.842,0.842,0.842,0.8419107520643001,0.842,0.8420026729287463,0.76031065,0.8272,0.8279959315849279,0.8272,0.8355134332819641,0.8272,0.8272,0.8272,0.8279959315849279,0.8272,0.8355134332819641,0.83064514,0.8331,0.8336009426283466,0.8331,0.840157182710036,0.8331,0.8331,0.8331,0.8336009426283466,0.8331,0.8401571827100359
90,99,0,2010.332606682257,0.0,0.70458835,0.8388,0.8386084439820713,0.8388,0.8388573382253206,0.8388,0.8388,0.8388,0.8386084439820716,0.8388,0.8388573382253206,0.89191484,0.8429,0.8427956548410073,0.8429,0.8428674041891672,0.8429,0.8429,0.8429,0.8427956548410072,0.8429,0.8428674041891674,0.73460877,0.8307,0.8311183353333865,0.8306999999999999,0.8361258697717939,0.8307,0.8307,0.8307,0.8311183353333865,0.8307,0.8361258697717938,0.84104735,0.8357,0.8360170433402205,0.8356999999999999,0.8416155527887794,0.8357,0.8357,0.8357,0.8360170433402203,0.8357,0.8416155527887793
91,99,0,2010.332606682252,0.0,0.7207014,0.8357,0.8356871569967648,0.8356999999999999,0.8359547720532048,0.8357,0.8357,0.8357,0.8356871569967649,0.8357,0.8359547720532046,0.9077641,0.8437,0.8436068603093261,0.8436999999999999,0.8436158966848678,0.8436999999999999,0.8437,0.8437,0.8436068603093261,0.8437,0.8436158966848678,0.7447442,0.8324,0.8330159292849817,0.8324,0.8375280720194496,0.8324,0.8324,0.8324,0.8330159292849818,0.8324,0.8375280720194496,0.85493165,0.8359,0.836168734314683,0.8359,0.8416751606798121,0.8359,0.8359,0.8359,0.836168734314683,0.8359,0.8416751606798122
92,99,0,2010.3326066822506,0.0,0.71968627,0.8397,0.8399550373888018,0.8396999999999999,0.8406402705583085,0.8396999999999999,0.8397,0.8397,0.8399550373888018,0.8397,0.8406402705583085,0.913108,0.8443,0.8442292878662746,0.8442999999999999,0.8442833318881033,0.8443,0.8443,0.8443,0.8442292878662747,0.8443,0.8442833318881033,0.76313674,0.8285,0.8294970212833437,0.8285,0.8360898222357352,0.8285,0.8285,0.8285,0.8294970212833438,0.8285,0.8360898222357352,0.8571295,0.8349,0.8353856801623257,0.8349,0.8415495262024763,0.8349000000000001,0.8349,0.8349,0.8353856801623256,0.8349,0.8415495262024764
93,99,0,2010.3326066822476,0.0,0.7172616,0.8379,0.8373097959727234,0.8379,0.8375571299176977,0.8379,0.8379,0.8379,0.8373097959727235,0.8379,0.8375571299176976,0.9116541,0.8443,0.8442538714359642,0.8442999999999999,0.8443502326209018,0.8443,0.8443,0.8443,0.8442538714359643,0.8443,0.8443502326209018,0.7736027,0.8266,0.8266767837662312,0.8266,0.8335689733058809,0.8266,0.8266,0.8266,0.8266767837662313,0.8266,0.8335689733058809,0.84851015,0.833,0.8334914154321348,0.833,0.8400013845371606,0.833,0.833,0.833,0.8334914154321347,0.833,0.8400013845371607
94,99,0,2010.332606682244,0.0,0.7145612,0.84,0.8400966027908259,0.8399999999999999,0.8404119889064902,0.8399999999999999,0.84,0.84,0.840096602790826,0.84,0.8404119889064903,0.90706915,0.8436,0.8435275745992614,0.8436,0.8436299312605957,0.8436,0.8436,0.8436,0.8435275745992616,0.8436,0.8436299312605957,0.77942526,0.8255,0.8266491395543742,0.8254999999999999,0.8344506756204819,0.8255,0.8255,0.8255,0.826649139554374,0.8255,0.834450675620482,0.8501428,0.8335,0.834118039708845,0.8335000000000001,0.840793075606878,0.8335,0.8335,0.8335,0.834118039708845,0.8335,0.8407930756068779
95,99,0,2010.332606682241,0.0,0.711262,0.8396,0.8396345629831081,0.8396000000000001,0.8399121752512272,0.8396,0.8396,0.8396,0.8396345629831079,0.8396,0.8399121752512272,0.90309405,0.8444,0.844452441749468,0.8444,0.8446608331696979,0.8444,0.8444,0.8444,0.8444524417494679,0.8444,0.8446608331696978,0.73673767,0.8312,0.8320870340836773,0.8311999999999999,0.8365351646026855,0.8312,0.8312,0.8312,0.8320870340836775,0.8312,0.8365351646026855,0.84985214,0.8345,0.8351038721489022,0.8345,0.8409471458060761,0.8345,0.8345,0.8345,0.8351038721489024,0.8345,0.8409471458060761
96,99,0,2010.3326066822387,0.0,0.7182105,0.8394,0.8393412499191741,0.8394,0.8396830799845814,0.8394,0.8394,0.8394,0.8393412499191744,0.8394,0.8396830799845814,0.90473574,0.8434,0.8434634715531658,0.8433999999999999,0.8437235513998467,0.8434,0.8434,0.8434,0.8434634715531656,0.8434,0.8437235513998467,0.7754538,0.8254,0.82610089042239,0.8253999999999999,0.8331465228028613,0.8254,0.8254,0.8254,0.82610089042239,0.8254,0.8331465228028612,0.8479035,0.8328,0.8333745189505872,0.8328,0.8394159737728384,0.8327999999999999,0.8328,0.8328,0.8333745189505871,0.8328,0.8394159737728385
97,99,0,2010.332606682236,0.0,0.7162307,0.8401,0.8401942064216732,0.8401,0.8408922452461709,0.8401,0.8401,0.8401,0.8401942064216733,0.8401,0.8408922452461711,0.90106,0.8432,0.8432629322503258,0.8432000000000001,0.8434622595977338,0.8432,0.8432,0.8432,0.8432629322503259,0.8432,0.8434622595977338,0.7671624,0.8269,0.82776695771382,0.8269,0.8347091754166127,0.8269,0.8269,0.8269,0.82776695771382,0.8269,0.8347091754166127,0.8485963,0.8325,0.8328682769640844,0.8324999999999999,0.8392988925055829,0.8325,0.8325,0.8325,0.8328682769640844,0.8325,0.8392988925055828
98,99,0,2010.3326066822347,0.0,0.7104604,0.838,0.8382706822714698,0.8380000000000001,0.8390103203563248,0.838,0.838,0.838,0.83827068227147,0.838,0.8390103203563247,0.89398456,0.8444,0.8444144215247427,0.8443999999999999,0.8446896128782921,0.8444,0.8444,0.8444,0.8444144215247428,0.8444,0.8446896128782919,0.756214,0.8283,0.8291131887122118,0.8282999999999999,0.8350895422116565,0.8283,0.8283,0.8283,0.829113188712212,0.8283,0.8350895422116565,0.85362774,0.833,0.8332608337833995,0.833,0.8391804086024388,0.833,0.833,0.833,0.8332608337833995,0.833,0.8391804086024387
99,99,0,2010.3326066822324,0.0,0.7110864,0.8414,0.8413436777698532,0.8413999999999999,0.8413918498976125,0.8414,0.8414,0.8414,0.8413436777698533,0.8414,0.8413918498976125,0.9053034,0.8445,0.8444690169067949,0.8445,0.8445845420659722,0.8445,0.8445,0.8445,0.8444690169067948,0.8445,0.844584542065972,0.74961716,0.8319,0.8323444069864561,0.8318999999999999,0.8370803419758994,0.8319,0.8319,0.8319,0.832344406986456,0.8319,0.8370803419758995,0.8426174,0.8329,0.8330003057763588,0.8328999999999999,0.8387799181552925,0.8329000000000001,0.8329,0.8329,0.8330003057763588,0.8329,0.8387799181552926
100,99,0,2010.3326066822294,0.0,0.71693146,0.8388,0.8385956046071257,0.8388,0.8388447273186088,0.8388,0.8388,0.8388,0.8385956046071257,0.8388,0.8388447273186089,0.90547967,0.8459,0.845834350263444,0.8459000000000001,0.8459077916281486,0.8459,0.8459,0.8459,0.845834350263444,0.8459,0.8459077916281483,0.7467991,0.8311,0.8312748875470023,0.8311000000000002,0.8351702438509536,0.8311,0.8311,0.8311,0.8312748875470021,0.8311,0.8351702438509535,0.8340737,0.8356,0.8357171114673054,0.8356,0.840881931291339,0.8355999999999999,0.8356,0.8356,0.8357171114673054,0.8356,0.8408819312913393
101,99,0,2010.3326066822267,0.0,0.71495664,0.8395,0.839135865304755,0.8394999999999999,0.8391734771561538,0.8395000000000001,0.8395,0.8395,0.8391358653047551,0.8395,0.8391734771561538,0.89988,0.8445,0.8445377195181205,0.8445,0.8446266059469517,0.8445,0.8445,0.8445,0.8445377195181205,0.8445,0.8446266059469517,0.76109684,0.8289,0.8288771674565808,0.8289,0.8344029954769402,0.8289,0.8289,0.8289,0.8288771674565809,0.8289,0.8344029954769403,0.84406775,0.8324,0.8326348269273354,0.8324,0.8383988041027713,0.8324,0.8324,0.8324,0.8326348269273354,0.8324,0.8383988041027712
102,99,0,2010.3326066822247,0.0,0.7165934,0.8408,0.8407178980157193,0.8408,0.840877572446613,0.8408,0.8408,0.8408,0.8407178980157192,0.8408,0.840877572446613,0.8964307,0.8446,0.8445785425581649,0.8446000000000001,0.8446876243192156,0.8446,0.8446,0.8446,0.8445785425581648,0.8446,0.8446876243192157,0.76022494,0.8309,0.8309144108823124,0.8309,0.8363888919836352,0.8309,0.8309,0.8309,0.8309144108823125,0.8309,0.8363888919836352,0.8252248,0.8348,0.8349628135644807,0.8348000000000001,0.8402833219827018,0.8348,0.8348,0.8348,0.8349628135644805,0.8348,0.8402833219827018
103,99,0,2010.3326066822235,0.0,0.7081195,0.8414,0.8415307858921036,0.8414000000000001,0.8418515223727917,0.8414,0.8414,0.8414,0.8415307858921036,0.8414,0.8418515223727916,0.914761,0.8451,0.8451322206578598,0.8451000000000001,0.8453203179831428,0.8451,0.8451,0.8451,0.8451322206578598,0.8451,0.8453203179831428,0.7598654,0.8296,0.8299409823928086,0.8296000000000001,0.8362367082551799,0.8296,0.8296,0.8296,0.8299409823928084,0.8296,0.8362367082551798,0.84929734,0.834,0.8343252001254239,0.834,0.8400837091819084,0.834,0.834,0.834,0.8343252001254238,0.834,0.8400837091819087
104,99,0,2010.3326066822215,0.0,0.70039773,0.8411,0.8410660346969145,0.8411,0.8413510724289848,0.8411,0.8411,0.8411,0.8410660346969145,0.8411,0.8413510724289847,0.9159466,0.8464,0.8463280998182501,0.8464,0.8464466687281298,0.8464,0.8464,0.8464,0.84632809981825,0.8464,0.8464466687281298,0.74861836,0.829,0.8294418856297587,0.829,0.8365143839765097,0.8289999999999998,0.829,0.829,0.8294418856297588,0.829,0.8365143839765098,0.8516659,0.8338,0.8339644049217755,0.8337999999999999,0.840042965551142,0.8338,0.8338,0.8338,0.8339644049217755,0.8338,0.840042965551142
105,99,0,2010.3326066822206,0.0,0.7056134,0.8421,0.8421326169708442,0.8421000000000001,0.8426867121829767,0.8421,0.8421,0.8421,0.8421326169708444,0.8421,0.8426867121829767,0.91321564,0.8457,0.8457612212889642,0.8457000000000001,0.8460453627209557,0.8457,0.8457,0.8457,0.8457612212889642,0.8457,0.8460453627209555,0.7513129,0.8315,0.8319717609082462,0.8315000000000001,0.8380237946949242,0.8315,0.8315,0.8315,0.8319717609082461,0.8315,0.8380237946949243,0.83572394,0.8334,0.8336830257949803,0.8333999999999999,0.8396218151302671,0.8334,0.8334,0.8334,0.8336830257949803,0.8334,0.8396218151302671
106,99,0,2010.3326066822187,0.0,0.71491194,0.8396,0.8397891590771949,0.8395999999999999,0.8404329571143965,0.8396,0.8396,0.8396,0.8397891590771948,0.8396,0.8404329571143966,0.9002357,0.8448,0.8449514507678149,0.8448,0.8452796888042838,0.8447999999999999,0.8448,0.8448,0.844951450767815,0.8448,0.8452796888042838,0.772192,0.8283,0.8291000382943061,0.8282999999999999,0.8363784540772252,0.8283,0.8283,0.8283,0.8291000382943061,0.8283,0.8363784540772252,0.846607,0.8343,0.8347399145919645,0.8343,0.8410120188532588,0.8343,0.8343,0.8343,0.8347399145919644,0.8343,0.8410120188532588
107,99,0,2010.3326066822178,0.0,0.7215579,0.84,0.8402066572337447,0.8400000000000001,0.8405484262999515,0.8399999999999999,0.84,0.84,0.8402066572337448,0.84,0.8405484262999514,0.92271745,0.8448,0.8449257691432285,0.8448,0.8452201002684173,0.8447999999999999,0.8448,0.8448,0.8449257691432286,0.8448,0.8452201002684174,0.77011716,0.8305,0.830919772965761,0.8305,0.8364411405607921,0.8305,0.8305,0.8305,0.8309197729657611,0.8305,0.8364411405607921,0.8360924,0.8344,0.8347705583674057,0.8343999999999999,0.8404339495209603,0.8344,0.8344,0.8344,0.8347705583674054,0.8344,0.8404339495209604
108,99,0,2010.3326066822167,0.0,0.7156779,0.8412,0.8411112714790384,0.8412,0.8413689256942881,0.8412,0.8412,0.8412,0.8411112714790384,0.8412,0.8413689256942882,0.9221543,0.8446,0.8446787185013045,0.8446,0.8449899745681513,0.8446,0.8446,0.8446,0.8446787185013045,0.8446,0.8449899745681514,0.7451289,0.8314,0.8315375381194869,0.8314,0.8369145987883542,0.8314,0.8314,0.8314,0.8315375381194868,0.8314,0.8369145987883543,0.82920647,0.835,0.8353844146959846,0.835,0.8410814907429733,0.835,0.835,0.835,0.8353844146959848,0.835,0.8410814907429732
109,99,0,2010.332606682213,0.0,0.72206575,0.8391,0.8393550833087954,0.8391,0.8401178668196694,0.8391,0.8391,0.8391,0.8393550833087953,0.8391,0.8401178668196694,0.9146481,0.844,0.8439513094109848,0.844,0.8440968870897937,0.844,0.844,0.844,0.8439513094109848,0.844,0.8440968870897937,0.7574475,0.8306,0.8312556587827723,0.8306000000000001,0.836780212166093,0.8306,0.8306,0.8306,0.8312556587827723,0.8306,0.836780212166093,0.8390407,0.8343,0.8345381855891223,0.8343000000000002,0.8398442530564448,0.8343,0.8343,0.8343,0.8345381855891224,0.8343,0.839844253056445
110,99,0,2010.332606682211,0.0,0.722335,0.8399,0.8394145294796328,0.8398999999999999,0.8396755532132861,0.8399,0.8399,0.8399,0.8394145294796328,0.8399,0.8396755532132861,0.91096056,0.8446,0.8445550540738234,0.8446,0.8446752780853387,0.8446,0.8446,0.8446,0.8445550540738234,0.8446,0.8446752780853387,0.7350682,0.8332,0.8331771113752326,0.8332,0.8363460688862154,0.8332,0.8332,0.8332,0.8331771113752325,0.8332,0.8363460688862154,0.8276872,0.8353,0.835654797306673,0.8352999999999999,0.8407523466580538,0.8353,0.8353,0.8353,0.835654797306673,0.8353,0.8407523466580537
111,99,0,2010.3326066822096,0.0,0.7132436,0.84,0.8397668182252145,0.8399999999999999,0.8401361235539996,0.8399999999999999,0.84,0.84,0.8397668182252148,0.84,0.8401361235539995,0.90474796,0.847,0.8470150599682194,0.8470000000000001,0.8471422299686309,0.847,0.847,0.847,0.8470150599682195,0.847,0.847142229968631,0.7382148,0.8336,0.8335475919162816,0.8336,0.8376625311970995,0.8336,0.8336,0.8336,0.8335475919162815,0.8336,0.8376625311970997,0.8205836,0.8344,0.8347544684976222,0.8343999999999999,0.8402308694852823,0.8344,0.8344,0.8344,0.8347544684976222,0.8344,0.8402308694852824
112,99,0,2010.332606682206,0.0,0.714079,0.8388,0.8392817894393755,0.8388,0.8404193770963884,0.8388,0.8388,0.8388,0.8392817894393753,0.8388,0.8404193770963883,0.89551044,0.8453,0.8453090531419688,0.8452999999999999,0.8454722265830709,0.8453,0.8453,0.8453,0.8453090531419688,0.8453,0.8454722265830709,0.77416116,0.8252,0.8261541701162868,0.8251999999999999,0.8337868117864365,0.8252,0.8252,0.8252,0.8261541701162867,0.8252,0.8337868117864365,0.823868,0.8344,0.8348348988781655,0.8343999999999999,0.8403483411370967,0.8344,0.8344,0.8344,0.8348348988781654,0.8344,0.8403483411370966
113,99,0,2010.3326066822035,0.0,0.7125245,0.842,0.8416166564343193,0.8419999999999999,0.841863043731434,0.842,0.842,0.842,0.8416166564343194,0.842,0.841863043731434,0.89986384,0.8468,0.8467453107969526,0.8468,0.846845714779826,0.8468,0.8468,0.8468,0.8467453107969526,0.8468,0.8468457147798261,0.7490695,0.8329,0.8329149451748261,0.8328999999999999,0.8383737169078144,0.8329000000000001,0.8329,0.8329,0.8329149451748261,0.8329,0.8383737169078141,0.8308707,0.8331,0.8334295153147362,0.8331000000000002,0.8394862621520689,0.8331,0.8331,0.8331,0.8334295153147361,0.8331,0.8394862621520691
114,99,0,2010.3326066822003,0.0,0.7124209,0.8404,0.8396175842157095,0.8404,0.839679038455991,0.8404,0.8404,0.8404,0.8396175842157095,0.8404,0.839679038455991,0.90071136,0.8461,0.8459590979717306,0.8461000000000001,0.8459905533910623,0.8461,0.8461,0.8461,0.8459590979717309,0.8461,0.8459905533910623,0.7410784,0.8312,0.8304167494161672,0.8311999999999999,0.8354228517078408,0.8312,0.8312,0.8312,0.8304167494161672,0.8312,0.8354228517078407,0.8248539,0.835,0.8351553376597985,0.835,0.8402877248589125,0.835,0.835,0.835,0.8351553376597985,0.835,0.8402877248589125
115,99,0,2010.332606682197,0.0,0.7102708,0.8409,0.8405040959806378,0.8408999999999999,0.8406009251276145,0.8409,0.8409,0.8409,0.8405040959806376,0.8409,0.8406009251276145,0.916192,0.8449,0.8448034727446844,0.8449,0.844814325033685,0.8449,0.8449,0.8449,0.8448034727446844,0.8449,0.8448143250336849,0.75986123,0.8304,0.8301633348861113,0.8304,0.8358990803912478,0.8304000000000001,0.8304,0.8304,0.8301633348861113,0.8304,0.8358990803912478,0.8219182,0.8358,0.8359260242272087,0.8358000000000001,0.8405630699725088,0.8358,0.8358,0.8358,0.8359260242272086,0.8358,0.8405630699725088
116,99,0,2010.3326066821944,0.0,0.71832734,0.8385,0.838646044065538,0.8385,0.8389678114687007,0.8385,0.8385,0.8385,0.8386460440655381,0.8385,0.8389678114687005,0.90893877,0.8455,0.8454357390689132,0.8455,0.8455587132270572,0.8455,0.8455,0.8455,0.8454357390689132,0.8455,0.8455587132270573,0.7507714,0.8303,0.8307530804961958,0.8303,0.8350880405372948,0.8303,0.8303,0.8303,0.8307530804961958,0.8303,0.8350880405372947,0.8213172,0.8356,0.8359402903483607,0.8356,0.8407233361754084,0.8355999999999999,0.8356,0.8356,0.8359402903483606,0.8356,0.8407233361754084
117,99,0,2010.3326066821924,0.0,0.72720784,0.8384,0.838530168073109,0.8384,0.8389829270988052,0.8384,0.8384,0.8384,0.8385301680731089,0.8384,0.8389829270988053,0.91080546,0.8452,0.845245137995396,0.8452,0.8454914689721156,0.8452,0.8452,0.8452,0.845245137995396,0.8452,0.8454914689721154,0.75951123,0.8333,0.8337635961168045,0.8333,0.838080654720325,0.8333,0.8333,0.8333,0.8337635961168045,0.8333,0.838080654720325,0.83103454,0.8358,0.8360934243589331,0.8358000000000001,0.8411264567569445,0.8358,0.8358,0.8358,0.8360934243589331,0.8358,0.8411264567569444
118,99,0,2010.3326066821885,0.0,0.7232157,0.8405,0.8405806203720966,0.8404999999999999,0.8409510033964492,0.8404999999999999,0.8405,0.8405,0.8405806203720964,0.8405,0.8409510033964495,0.9073447,0.8459,0.8459248105779192,0.8459,0.8461274095970497,0.8459,0.8459,0.8459,0.8459248105779194,0.8459,0.8461274095970497,0.75268865,0.8328,0.8331858886706787,0.8328,0.8374312336866424,0.8327999999999999,0.8328,0.8328,0.8331858886706787,0.8328,0.8374312336866422,0.8261804,0.836,0.8363099788054835,0.8360000000000001,0.8414719151275939,0.836,0.836,0.836,0.8363099788054836,0.836,0.841471915127594
119,99,0,2010.3326066821853,0.0,0.7201581,0.841,0.8410047668738411,0.841,0.8414668617489482,0.841,0.841,0.841,0.8410047668738413,0.841,0.8414668617489482,0.91250604,0.8454,0.8455611944644043,0.8454,0.8458444500987815,0.8454,0.8454,0.8454,0.8455611944644043,0.8454,0.8458444500987816,0.7487143,0.8334,0.833756514497102,0.8333999999999999,0.8385464965241113,0.8334,0.8334,0.8334,0.8337565144971019,0.8334,0.8385464965241114,0.8211671,0.8348,0.8351462973204942,0.8347999999999999,0.8397958836317019,0.8348,0.8348,0.8348,0.8351462973204942,0.8348,0.8397958836317019
120,99,0,2010.3326066821817,0.0,0.7253603,0.8392,0.8393460265934207,0.8392,0.839753770098894,0.8392,0.8392,0.8392,0.8393460265934207,0.8392,0.839753770098894,0.90644836,0.8457,0.8457797968358459,0.8457000000000001,0.8460241811274143,0.8457,0.8457,0.8457,0.845779796835846,0.8457,0.8460241811274142,0.75784206,0.8319,0.8327372908951751,0.8319000000000001,0.8376303466655793,0.8319,0.8319,0.8319,0.8327372908951751,0.8319,0.8376303466655792,0.82995164,0.8358,0.836201930719124,0.8358000000000001,0.8411725251432145,0.8358,0.8358,0.8358,0.8362019307191239,0.8358,0.8411725251432146
121,99,0,2010.3326066821785,0.0,0.7249183,0.8403,0.8403661504196359,0.8403,0.8406662824084433,0.8403,0.8403,0.8403,0.8403661504196359,0.8403,0.8406662824084431,0.90973026,0.8453,0.8452606317630608,0.8452999999999999,0.8454079580957383,0.8453,0.8453,0.8453,0.8452606317630609,0.8453,0.8454079580957384,0.7656082,0.8295,0.829963003410908,0.8295,0.8354519017447999,0.8295,0.8295,0.8295,0.8299630034109079,0.8295,0.8354519017447998,0.8166203,0.8347,0.8349452339436871,0.8347000000000001,0.8399441417388862,0.8347,0.8347,0.8347,0.834945233943687,0.8347,0.8399441417388862
122,99,0,2010.3326066821753,0.0,0.72705054,0.8424,0.842153359675415,0.8423999999999999,0.8424858245219282,0.8424000000000001,0.8424,0.8424,0.842153359675415,0.8424,0.8424858245219282,0.91105115,0.8471,0.8471380109837525,0.8471,0.847418296514961,0.8470999999999999,0.8471,0.8471,0.8471380109837526,0.8471,0.8474182965149611,0.76011664,0.8326,0.8328716018889546,0.8326,0.8379210660620974,0.8326,0.8326,0.8326,0.8328716018889545,0.8326,0.8379210660620973,0.8163675,0.8339,0.8342640934219414,0.8339000000000001,0.8389145621006721,0.8339,0.8339,0.8339,0.8342640934219415,0.8339,0.8389145621006721
123,99,0,2010.3326066821724,0.0,0.7426571,0.839,0.8390194859849226,0.8390000000000001,0.8395348590746492,0.839,0.839,0.839,0.8390194859849227,0.839,0.8395348590746493,0.92054725,0.8465,0.8465929267081315,0.8465,0.846897521980738,0.8465,0.8465,0.8465,0.8465929267081316,0.8465,0.846897521980738,0.79291236,0.8291,0.8294045471625802,0.8291000000000001,0.835608832541698,0.8291,0.8291,0.8291,0.82940454716258,0.8291,0.835608832541698,0.8203585,0.8334,0.8339930177712652,0.8333999999999999,0.8392103470459171,0.8334,0.8334,0.8334,0.8339930177712653,0.8334,0.8392103470459171
124,99,0,2010.3326066821692,0.0,0.7307112,0.8407,0.8407547743243576,0.8407,0.841101271131483,0.8407,0.8407,0.8407,0.8407547743243576,0.8407,0.841101271131483,0.91138947,0.846,0.8460272188403787,0.8459999999999999,0.8462695996180554,0.8459999999999999,0.846,0.846,0.8460272188403786,0.846,0.8462695996180554,0.76704407,0.8324,0.8329227842406242,0.8324,0.8378972004783876,0.8324,0.8324,0.8324,0.8329227842406243,0.8324,0.8378972004783877,0.8263435,0.8364,0.8368193809378646,0.8364,0.8416998038370382,0.8364,0.8364,0.8364,0.8368193809378645,0.8364,0.841699803837038
125,99,0,2010.3326066821694,0.0,0.7280225,0.8386,0.8385846462591964,0.8385999999999999,0.8389159949781128,0.8386,0.8386,0.8386,0.8385846462591963,0.8386,0.8389159949781128,0.9223133,0.8442,0.8442468278067958,0.8442000000000001,0.8445141711230499,0.8442,0.8442,0.8442,0.8442468278067956,0.8442,0.84451417112305,0.75733906,0.8314,0.8319838675653008,0.8313999999999998,0.8360167325718437,0.8314,0.8314,0.8314,0.8319838675653007,0.8314,0.8360167325718437,0.83666134,0.8356,0.836045862844701,0.8356,0.8410343996985452,0.8355999999999999,0.8356,0.8356,0.836045862844701,0.8356,0.8410343996985452
126,99,0,2010.3326066821653,0.0,0.7319041,0.84,0.8402780811027786,0.8400000000000001,0.8410730215468142,0.8399999999999999,0.84,0.84,0.8402780811027786,0.84,0.8410730215468144,0.9207263,0.8455,0.8455137359857975,0.8455,0.8457546820563018,0.8455,0.8455,0.8455,0.8455137359857976,0.8455,0.8457546820563017,0.7693593,0.8299,0.8310104069963643,0.8299,0.8370229540314498,0.8298999999999999,0.8299,0.8299,0.8310104069963643,0.8299,0.8370229540314497,0.823359,0.8337,0.8342354953897104,0.8337,0.8402867072517501,0.8337,0.8337,0.8337,0.8342354953897102,0.8337,0.84028670725175
127,99,0,2010.3326066821635,0.0,0.7294256,0.8405,0.8409250766119,0.8404999999999999,0.8419225813561326,0.8404999999999999,0.8405,0.8405,0.8409250766119,0.8405,0.8419225813561326,0.92825145,0.8446,0.8447021576480982,0.8446,0.8450253162565737,0.8446,0.8446,0.8446,0.844702157648098,0.8446,0.8450253162565737,0.76092005,0.8309,0.8317654341043308,0.8309000000000001,0.8364302615164183,0.8309,0.8309,0.8309,0.831765434104331,0.8309,0.8364302615164183,0.8164839,0.835,0.8354947097007599,0.835,0.8402876796955979,0.835,0.835,0.835,0.83549470970076,0.835,0.8402876796955978
128,99,0,2010.3326066821608,0.0,0.7237909,0.8428,0.8429158036544507,0.8428000000000001,0.8432337874507354,0.8428,0.8428,0.8428,0.8429158036544508,0.8428,0.8432337874507353,0.91516757,0.8448,0.8448983397188566,0.8448,0.8453151619215638,0.8447999999999999,0.8448,0.8448,0.8448983397188568,0.8448,0.8453151619215638,0.76254433,0.8307,0.8313620375759025,0.8307,0.8363596992409669,0.8307,0.8307,0.8307,0.8313620375759024,0.8307,0.8363596992409668,0.8076916,0.8343,0.8349181723772559,0.8343,0.8406575950224868,0.8343,0.8343,0.8343,0.8349181723772557,0.8343,0.8406575950224867
129,99,0,2010.3326066821578,0.0,0.7214125,0.84,0.8400702085059677,0.8399999999999999,0.8403314459048484,0.8399999999999999,0.84,0.84,0.8400702085059678,0.84,0.8403314459048484,0.91804045,0.8448,0.8449398236688745,0.8448,0.8453418921176897,0.8447999999999999,0.8448,0.8448,0.8449398236688744,0.8448,0.8453418921176897,0.75694615,0.8327,0.8333448225653072,0.8327,0.838241949932246,0.8327000000000001,0.8327,0.8327,0.8333448225653072,0.8327,0.8382419499322459,0.81464297,0.8352,0.8358722352931934,0.8352,0.8411934555589473,0.8352,0.8352,0.8352,0.8358722352931934,0.8352,0.8411934555589474
130,99,0,2010.3326066821546,0.0,0.71832716,0.8397,0.8396622118046848,0.8397,0.8401350127801026,0.8396999999999999,0.8397,0.8397,0.8396622118046847,0.8397,0.8401350127801025,0.9214239,0.8449,0.8449379038912896,0.8449000000000002,0.8452655861938607,0.8449,0.8449,0.8449,0.8449379038912895,0.8449,0.8452655861938608,0.7388563,0.8332,0.8336613367906963,0.8331999999999999,0.8375402276596307,0.8332,0.8332,0.8332,0.8336613367906962,0.8332,0.8375402276596308,0.8274785,0.8348,0.8352142311788338,0.8348000000000001,0.8405580468178073,0.8348,0.8348,0.8348,0.8352142311788339,0.8348,0.8405580468178072
131,99,0,2010.3326066821512,0.0,0.735585,0.8402,0.8402824752502834,0.8402,0.8412524091584992,0.8402,0.8402,0.8402,0.8402824752502834,0.8402,0.8412524091584992,0.9195604,0.8458,0.8459118476888102,0.8458,0.8463157657896783,0.8458,0.8458,0.8458,0.8459118476888101,0.8458,0.8463157657896784,0.77456564,0.8314,0.8319192890113776,0.8313999999999998,0.8381605205443512,0.8314,0.8314,0.8314,0.8319192890113776,0.8314,0.8381605205443511,0.83668935,0.833,0.8335067519492148,0.8329999999999999,0.8397676298889722,0.833,0.833,0.833,0.8335067519492148,0.833,0.8397676298889722
132,99,0,2010.33260668215,0.0,0.733524,0.8385,0.8387316150156146,0.8385,0.8394881588798503,0.8385,0.8385,0.8385,0.8387316150156147,0.8385,0.8394881588798502,0.91656446,0.8437,0.8438129674310394,0.8436999999999999,0.8440884491456695,0.8436999999999999,0.8437,0.8437,0.8438129674310394,0.8437,0.8440884491456694,0.78889304,0.8266,0.827443669193606,0.8266,0.8348751156083954,0.8266,0.8266,0.8266,0.827443669193606,0.8266,0.8348751156083953,0.82713145,0.8348,0.8353046971171141,0.8348000000000001,0.8409273271077853,0.8348,0.8348,0.8348,0.835304697117114,0.8348,0.8409273271077853
133,99,0,2010.3326066821471,0.0,0.73153126,0.84,0.8400940975580717,0.8400000000000001,0.8408609819522223,0.8399999999999999,0.84,0.84,0.8400940975580717,0.84,0.840860981952222,0.9233611,0.844,0.844066439775753,0.844,0.844362371998297,0.844,0.844,0.844,0.8440664397757529,0.844,0.844362371998297,0.78119797,0.8279,0.8285434767219068,0.8279,0.8352966286641017,0.8279,0.8279,0.8279,0.8285434767219069,0.8279,0.8352966286641016,0.82965964,0.834,0.8344487685652904,0.834,0.8400699804350461,0.834,0.834,0.834,0.8344487685652905,0.834,0.8400699804350461
134,99,0,2010.3326066821426,0.0,0.72830766,0.8385,0.838439995819483,0.8385,0.8387290499769489,0.8385,0.8385,0.8385,0.838439995819483,0.8385,0.8387290499769486,0.90485996,0.843,0.8431540868506768,0.843,0.8435167706002721,0.843,0.843,0.843,0.8431540868506768,0.843,0.8435167706002722,0.7759591,0.8279,0.8283952729895141,0.8279,0.8343238257547221,0.8279,0.8279,0.8279,0.828395272989514,0.8279,0.8343238257547222,0.824508,0.8346,0.8352351005783986,0.8346,0.8408783395254312,0.8346,0.8346,0.8346,0.8352351005783984,0.8346,0.8408783395254311
135,99,0,2010.3326066821405,0.0,0.72803956,0.8404,0.8406110738411776,0.8404,0.8414054198663304,0.8404,0.8404,0.8404,0.8406110738411775,0.8404,0.8414054198663306,0.9196299,0.8445,0.8446909133180579,0.8445,0.8450638636662772,0.8445,0.8445,0.8445,0.8446909133180579,0.8445,0.8450638636662774,0.76306325,0.831,0.8316823198379509,0.8310000000000001,0.8369276389675839,0.831,0.831,0.831,0.831682319837951,0.831,0.8369276389675839,0.81999046,0.8344,0.8349606707160966,0.8343999999999999,0.8400596075413803,0.8344,0.8344,0.8344,0.8349606707160965,0.8344,0.8400596075413801
136,99,0,2010.3326066821382,0.0,0.7260198,0.8377,0.8378430601824094,0.8376999999999999,0.8385618880361501,0.8377,0.8377,0.8377,0.8378430601824093,0.8377,0.8385618880361498,0.9225078,0.8446,0.844650700195246,0.8446000000000001,0.8448452645862096,0.8446,0.8446,0.8446,0.8446507001952459,0.8446,0.8448452645862095,0.7887352,0.828,0.8289112808144903,0.828,0.8366814035853961,0.828,0.828,0.828,0.8289112808144904,0.828,0.8366814035853962,0.81758714,0.8333,0.834077614227834,0.8333,0.8395996067366267,0.8333,0.8333,0.8333,0.8340776142278341,0.8333,0.8395996067366268
137,99,0,2010.3326066821364,0.0,0.7234322,0.8384,0.8383466744342059,0.8384,0.8390704274016555,0.8384,0.8384,0.8384,0.8383466744342059,0.8384,0.8390704274016556,0.9171924,0.8446,0.8445133028530408,0.8446,0.8446025713148643,0.8446,0.8446,0.8446,0.8445133028530408,0.8446,0.8446025713148644,0.7697982,0.8275,0.8280602364763178,0.8275,0.833980392470423,0.8275,0.8275,0.8275,0.8280602364763179,0.8275,0.8339803924704229,0.8255749,0.8328,0.8334360470149125,0.8328,0.8397500771711732,0.8327999999999999,0.8328,0.8328,0.8334360470149126,0.8328,0.8397500771711731
138,99,0,2010.3326066821335,0.0,0.72017664,0.841,0.8406271406935522,0.841,0.8406623696598601,0.841,0.841,0.841,0.8406271406935523,0.841,0.8406623696598601,0.9059811,0.8446,0.8444898554106179,0.8446000000000001,0.844636919214208,0.8446,0.8446,0.8446,0.8444898554106179,0.8446,0.8446369192142081,0.76886535,0.8291,0.829306177711074,0.8291000000000001,0.8351134605991761,0.8291,0.8291,0.8291,0.829306177711074,0.8291,0.8351134605991761,0.82724315,0.8347,0.8353138174111925,0.8347,0.8417148547348432,0.8347,0.8347,0.8347,0.8353138174111924,0.8347,0.8417148547348433
139,99,0,2010.3326066821317,0.0,0.7173997,0.8405,0.8402898517733599,0.8405000000000001,0.8403698019155748,0.8404999999999999,0.8405,0.8405,0.8402898517733598,0.8405,0.8403698019155746,0.9105561,0.8441,0.8440010305753394,0.8440999999999999,0.8442466861972362,0.8441000000000001,0.8441,0.8441,0.844001030575339,0.8441,0.8442466861972362,0.7705297,0.8275,0.827829965593817,0.8275,0.8334520131618977,0.8275,0.8275,0.8275,0.8278299655938169,0.8275,0.8334520131618975,0.8183922,0.8341,0.8347063660120403,0.8341000000000001,0.8408466582648266,0.8341,0.8341,0.8341,0.8347063660120404,0.8341,0.8408466582648267
140,99,0,2010.3326066821282,0.0,0.71836185,0.839,0.8390580367950304,0.8390000000000001,0.8393993649564825,0.839,0.839,0.839,0.8390580367950304,0.839,0.8393993649564825,0.9224459,0.8436,0.8435354655409734,0.8436,0.8437398270142328,0.8436,0.8436,0.8436,0.8435354655409734,0.8436,0.8437398270142328,0.77797395,0.828,0.8286089301445537,0.8280000000000001,0.8350922678226886,0.828,0.828,0.828,0.8286089301445536,0.828,0.8350922678226889,0.8203229,0.8337,0.8340221544876503,0.8337,0.8400191583652583,0.8337,0.8337,0.8337,0.8340221544876502,0.8337,0.8400191583652584
141,99,0,2010.3326066821255,0.0,0.7227532,0.8403,0.8402974896187786,0.8402999999999998,0.8405996768100865,0.8403,0.8403,0.8403,0.8402974896187785,0.8403,0.8405996768100865,0.93362606,0.8443,0.8441355883356044,0.8442999999999999,0.8443323824652567,0.8443,0.8443,0.8443,0.8441355883356044,0.8443,0.8443323824652565,0.7652732,0.8324,0.8329344888690358,0.8324,0.8381845461509441,0.8324,0.8324,0.8324,0.8329344888690356,0.8324,0.838184546150944,0.84492713,0.8336,0.8338483915524361,0.8336,0.8400254962638334,0.8336,0.8336,0.8336,0.8338483915524361,0.8336,0.8400254962638335
142,99,0,2010.3326066821242,0.0,0.72910887,0.841,0.8409493691127954,0.841,0.84139641312339,0.841,0.841,0.841,0.8409493691127955,0.841,0.8413964131233901,0.9142582,0.8438,0.8436839111318696,0.8438000000000001,0.8438896350265608,0.8438,0.8438,0.8438,0.8436839111318696,0.8438,0.8438896350265608,0.76485264,0.8338,0.8343047061670724,0.8338000000000001,0.8391097237318632,0.8338,0.8338,0.8338,0.8343047061670724,0.8338,0.8391097237318632,0.84143084,0.8338,0.8341275767391695,0.8338000000000001,0.8401344021367356,0.8338,0.8338,0.8338,0.8341275767391695,0.8338,0.8401344021367356
143,99,0,2010.332606682122,0.0,0.7244656,0.8401,0.8400207556219706,0.8401,0.8403226413403333,0.8401,0.8401,0.8401,0.8400207556219708,0.8401,0.8403226413403332,0.90831727,0.8429,0.842866213591912,0.8429,0.8431243896765033,0.8429,0.8429,0.8429,0.8428662135919119,0.8429,0.843124389676503,0.77072144,0.8309,0.8311230313951186,0.8309,0.836267713777703,0.8309,0.8309,0.8309,0.8311230313951185,0.8309,0.8362677137777031,0.8466202,0.8331,0.833532020058286,0.8331000000000002,0.8400535760422377,0.8331,0.8331,0.8331,0.8335320200582861,0.8331,0.8400535760422377
144,99,0,2010.33260668212,0.0,0.74078935,0.8391,0.8393265363261216,0.8391,0.8402715282014814,0.8391,0.8391,0.8391,0.8393265363261216,0.8391,0.8402715282014814,0.92029727,0.8423,0.8422190613875099,0.8422999999999998,0.8424562123127556,0.8422999999999999,0.8423,0.8423,0.8422190613875098,0.8423,0.8424562123127556,0.80598944,0.825,0.8257023867522852,0.825,0.8336201770810818,0.825,0.825,0.825,0.8257023867522852,0.825,0.8336201770810819,0.83479327,0.8325,0.8327876846743264,0.8324999999999999,0.8391534681800425,0.8325,0.8325,0.8325,0.8327876846743262,0.8325,0.8391534681800428
145,99,0,2010.3326066821176,0.0,0.7323064,0.8399,0.8398044176930395,0.8399000000000001,0.8405251947439218,0.8399,0.8399,0.8399,0.8398044176930395,0.8399,0.840525194743922,0.93290585,0.8425,0.8423916036332054,0.8425,0.8426341616748918,0.8425,0.8425,0.8425,0.8423916036332055,0.8425,0.8426341616748918,0.78002924,0.8268,0.8272926413268118,0.8268000000000001,0.8335057818749062,0.8267999999999999,0.8268,0.8268,0.8272926413268117,0.8268,0.8335057818749061,0.83228946,0.831,0.8313010396006403,0.8310000000000001,0.8376368580616044,0.831,0.831,0.831,0.8313010396006403,0.831,0.8376368580616043
146,99,0,2010.3326066821137,0.0,0.7284321,0.8398,0.8401443973625797,0.8398,0.840943438244364,0.8398,0.8398,0.8398,0.8401443973625797,0.8398,0.840943438244364,0.9212527,0.8451,0.8450016086310969,0.8451000000000001,0.8451542080184211,0.8451,0.8451,0.8451,0.8450016086310969,0.8451,0.845154208018421,0.77202636,0.8306,0.8311673723240837,0.8306000000000001,0.8362713455385826,0.8306,0.8306,0.8306,0.8311673723240838,0.8306,0.8362713455385827,0.8194978,0.8341,0.8341971470542398,0.8341,0.8399243581819231,0.8341,0.8341,0.8341,0.8341971470542395,0.8341,0.8399243581819231
147,99,0,2010.332606682113,0.0,0.7352592,0.8416,0.8412865200660612,0.8416,0.8412397694932616,0.8416,0.8416,0.8416,0.8412865200660612,0.8416,0.8412397694932617,0.9233715,0.8454,0.8452502770136494,0.8453999999999999,0.845339733593667,0.8454,0.8454,0.8454,0.8452502770136494,0.8454,0.845339733593667,0.7827295,0.8319,0.8316943111929829,0.8319000000000001,0.8368572656242534,0.8319,0.8319,0.8319,0.8316943111929828,0.8319,0.8368572656242536,0.8360247,0.8344,0.8343225934361532,0.8344000000000001,0.8402729914127212,0.8344,0.8344,0.8344,0.8343225934361533,0.8344,0.840272991412721
148,99,0,2010.3326066821103,0.0,0.72403884,0.8396,0.8396166181204462,0.8396000000000001,0.8398415151915456,0.8396,0.8396,0.8396,0.8396166181204461,0.8396,0.8398415151915457,0.91797626,0.8437,0.8436152272265055,0.8436999999999999,0.8437245939452843,0.8436999999999999,0.8437,0.8437,0.8436152272265055,0.8437,0.8437245939452843,0.7777903,0.8293,0.8292119842803766,0.8292999999999999,0.8353080995067443,0.8293,0.8293,0.8293,0.8292119842803766,0.8293,0.8353080995067443,0.8259209,0.8339,0.8338549978150228,0.8339000000000001,0.8402980009868998,0.8339,0.8339,0.8339,0.8338549978150226,0.8339,0.8402980009868998
149,99,0,2010.332606682108,0.0,0.73236376,0.8385,0.8388770568799411,0.8385,0.8396440998441864,0.8385,0.8385,0.8385,0.8388770568799411,0.8385,0.8396440998441863,0.9179567,0.8435,0.8434067909313878,0.8434999999999999,0.843529143863315,0.8435,0.8435,0.8435,0.8434067909313877,0.8435,0.843529143863315,0.8037168,0.8242,0.8247457469815552,0.8241999999999999,0.8336224617276139,0.8242,0.8242,0.8242,0.8247457469815553,0.8242,0.8336224617276141,0.8242958,0.8331,0.8334234499084644,0.8331,0.8402370771507426,0.8331,0.8331,0.8331,0.8334234499084643,0.8331,0.8402370771507425
150,99,0,2010.3326066821062,0.0,0.7199613,0.8398,0.8394900477684569,0.8398,0.839723231874164,0.8398,0.8398,0.8398,0.8394900477684568,0.8398,0.8397232318741639,0.91431457,0.8442,0.8441036122381582,0.8442000000000001,0.8441544002051928,0.8442,0.8442,0.8442,0.8441036122381586,0.8442,0.844154400205193,0.7804143,0.8287,0.8287487703275496,0.8287000000000001,0.8361475856817833,0.8287,0.8287,0.8287,0.8287487703275496,0.8287,0.8361475856817832,0.83528244,0.8335,0.8337511738341906,0.8335000000000001,0.8406915951650836,0.8335,0.8335,0.8335,0.8337511738341907,0.8335,0.8406915951650835
151,99,0,2010.3326066821046,0.0,0.7286789,0.8403,0.8399223108198557,0.8403,0.8400215273185834,0.8403,0.8403,0.8403,0.8399223108198557,0.8403,0.8400215273185835,0.93091005,0.845,0.8447792874539746,0.8450000000000001,0.8447748935813614,0.845,0.845,0.845,0.8447792874539746,0.845,0.8447748935813614,0.783355,0.8317,0.8313091250613878,0.8317,0.8382126153616701,0.8317,0.8317,0.8317,0.8313091250613878,0.8317,0.83821261536167,0.8435084,0.8341,0.8342321892045103,0.8341,0.8416282774480951,0.8341,0.8341,0.8341,0.8342321892045104,0.8341,0.8416282774480951
152,99,0,2010.3326066821014,0.0,0.7354862,0.8416,0.8413536908144131,0.8416,0.8415806479821286,0.8416,0.8416,0.8416,0.8413536908144134,0.8416,0.8415806479821287,0.9238356,0.8454,0.8452827664801157,0.8453999999999999,0.845436147406627,0.8454,0.8454,0.8454,0.8452827664801158,0.8454,0.8454361474066269,0.7886369,0.8325,0.8322730384637529,0.8324999999999999,0.8388080477339189,0.8325,0.8325,0.8325,0.8322730384637529,0.8325,0.8388080477339188,0.8420714,0.832,0.8320306928001274,0.8320000000000001,0.8403951654448163,0.832,0.832,0.832,0.8320306928001275,0.832,0.8403951654448161
153,99,0,2010.3326066820996,0.0,0.742471,0.8413,0.8411376643926154,0.8413,0.8413671415614086,0.8413000000000002,0.8413,0.8413,0.8411376643926154,0.8413,0.8413671415614086,0.92095935,0.8437,0.8436145086896001,0.8437000000000001,0.8437547850987768,0.8436999999999999,0.8437,0.8437,0.8436145086896002,0.8437,0.8437547850987769,0.79183036,0.8322,0.8321471987048401,0.8321999999999999,0.838392777859327,0.8322,0.8322,0.8322,0.83214719870484,0.8322,0.838392777859327,0.8586478,0.8331,0.8333580900133504,0.8331,0.8410934832065324,0.8331,0.8331,0.8331,0.8333580900133504,0.8331,0.8410934832065324
154,99,0,2010.3326066820973,0.0,0.740063,0.842,0.8424181594352612,0.842,0.8431334146317347,0.842,0.842,0.842,0.8424181594352612,0.842,0.843133414631735,0.93412673,0.8453,0.8452418583849246,0.8452999999999999,0.8454787196161888,0.8453,0.8453,0.8453,0.8452418583849247,0.8453,0.8454787196161889,0.79534817,0.8318,0.8321512111758225,0.8318,0.8385678153049607,0.8318,0.8318,0.8318,0.8321512111758224,0.8318,0.8385678153049606,0.84971017,0.833,0.8331937230364664,0.833,0.8409250293890576,0.833,0.833,0.833,0.8331937230364663,0.833,0.8409250293890574
155,99,0,2010.332606682095,0.0,0.7457482,0.8404,0.840267430381369,0.8404,0.8409617996354204,0.8404,0.8404,0.8404,0.840267430381369,0.8404,0.8409617996354204,0.9288922,0.8446,0.8446758855001519,0.8446,0.8449556070553823,0.8446,0.8446,0.8446,0.844675885500152,0.8446,0.8449556070553824,0.8013661,0.828,0.8279135205458157,0.828,0.8351912354574982,0.828,0.828,0.828,0.8279135205458158,0.828,0.8351912354574983,0.85527146,0.8322,0.8324329328788341,0.8321999999999999,0.8408184962064105,0.8322,0.8322,0.8322,0.8324329328788339,0.8322,0.8408184962064105
156,99,0,2010.3326066820925,0.0,0.73680985,0.8404,0.8398942538441336,0.8404,0.8401433685451998,0.8404,0.8404,0.8404,0.8398942538441335,0.8404,0.8401433685451999,0.9259344,0.845,0.8449406450769793,0.845,0.8451387187160208,0.845,0.845,0.845,0.8449406450769793,0.845,0.8451387187160208,0.7959176,0.8309,0.8305865918062725,0.8309,0.838106159602288,0.8309,0.8309,0.8309,0.8305865918062726,0.8309,0.8381061596022878,0.85259044,0.8327,0.8330110374546456,0.8327,0.8411021167905146,0.8327000000000001,0.8327,0.8327,0.8330110374546457,0.8327,0.8411021167905146
157,99,0,2010.3326066820891,0.0,0.7427913,0.8421,0.8417130054902422,0.8421,0.8416574664343026,0.8421,0.8421,0.8421,0.8417130054902422,0.8421,0.8416574664343025,0.92257977,0.8446,0.8445264825529286,0.8446,0.844612096737146,0.8446,0.8446,0.8446,0.8445264825529286,0.8446,0.844612096737146,0.78406084,0.8334,0.8330805239349031,0.8333999999999999,0.8382825689599154,0.8334,0.8334,0.8334,0.8330805239349033,0.8334,0.8382825689599153,0.85203534,0.8333,0.8333869311005566,0.8333,0.8418156965947571,0.8333,0.8333,0.8333,0.8333869311005566,0.8333,0.8418156965947572
158,99,0,2010.3326066820885,0.0,0.7429141,0.841,0.8406712443103415,0.841,0.840638414841159,0.841,0.841,0.841,0.8406712443103416,0.841,0.8406384148411589,0.93161374,0.845,0.8449271528436999,0.845,0.8450098447940517,0.845,0.845,0.845,0.8449271528436997,0.845,0.8450098447940516,0.80009866,0.8304,0.8302702196701676,0.8304,0.8371867151230546,0.8304000000000001,0.8304,0.8304,0.8302702196701676,0.8304,0.8371867151230546,0.8518216,0.8324,0.8323616175624704,0.8324,0.8406928460850682,0.8324,0.8324,0.8324,0.8323616175624704,0.8324,0.8406928460850684
159,99,0,2010.3326066820853,0.0,0.7447219,0.8405,0.8404096951968025,0.8404999999999999,0.8404635564104186,0.8404999999999999,0.8405,0.8405,0.8404096951968025,0.8405,0.8404635564104188,0.91865605,0.843,0.8429254891106028,0.843,0.8430513076652106,0.843,0.843,0.843,0.8429254891106027,0.843,0.8430513076652107,0.7891073,0.8317,0.8318352906830476,0.8317,0.8369043086888563,0.8317,0.8317,0.8317,0.8318352906830476,0.8317,0.8369043086888561,0.84581757,0.833,0.8331134042699084,0.833,0.8402572337110893,0.833,0.833,0.833,0.8331134042699083,0.833,0.8402572337110893
160,99,0,2010.3326066820825,0.0,0.742065,0.8402,0.840002041032468,0.8402,0.8402146922449842,0.8402,0.8402,0.8402,0.840002041032468,0.8402,0.8402146922449844,0.9241084,0.8446,0.844565424443662,0.8446000000000001,0.8447622180418065,0.8446,0.8446,0.8446,0.8445654244436619,0.8446,0.8447622180418066,0.78279173,0.8321,0.8321079136792602,0.8321,0.8376350387252061,0.8321,0.8321,0.8321,0.8321079136792602,0.8321,0.837635038725206,0.8439019,0.8323,0.8324391249115063,0.8323,0.8396987450683298,0.8323,0.8323,0.8323,0.8324391249115064,0.8323,0.8396987450683296
161,99,0,2010.3326066820805,0.0,0.74310076,0.8421,0.8418475307364007,0.8421000000000001,0.8426060082448469,0.8421,0.8421,0.8421,0.8418475307364007,0.8421,0.8426060082448468,0.9251224,0.844,0.8439400394026617,0.844,0.8440341877895754,0.844,0.844,0.844,0.8439400394026616,0.844,0.8440341877895755,0.81953835,0.8271,0.8270240957076155,0.8271000000000001,0.8362385697418695,0.8271,0.8271,0.8271,0.8270240957076156,0.8271,0.8362385697418693,0.8440948,0.8317,0.8317881212647503,0.8317,0.8393036965409596,0.8317,0.8317,0.8317,0.8317881212647504,0.8317,0.8393036965409596
162,99,0,2010.3326066820784,0.0,0.73956716,0.8408,0.8408082452826788,0.8408,0.8411850314211268,0.8408,0.8408,0.8408,0.8408082452826787,0.8408,0.8411850314211268,0.926529,0.8447,0.8446660051687134,0.8447000000000001,0.84477249308664,0.8447,0.8447,0.8447,0.8446660051687135,0.8447,0.8447724930866399,0.79318476,0.83,0.8299027891704286,0.8300000000000001,0.8363020357501838,0.83,0.83,0.83,0.8299027891704287,0.83,0.8363020357501839,0.8372413,0.8307,0.8308006181085602,0.8307,0.8381851713338866,0.8307,0.8307,0.8307,0.8308006181085602,0.8307,0.8381851713338867
163,99,0,2010.3326066820755,0.0,0.7395116,0.8404,0.840578639522857,0.8404,0.8409141948988053,0.8404,0.8404,0.8404,0.8405786395228572,0.8404,0.8409141948988051,0.92940193,0.8436,0.8436159279919859,0.8436,0.8437143190289881,0.8436,0.8436,0.8436,0.843615927991986,0.8436,0.8437143190289881,0.7926322,0.8302,0.8306878985061559,0.8301999999999999,0.8367359238969868,0.8302,0.8302,0.8302,0.830687898506156,0.8302,0.8367359238969868,0.8353127,0.8309,0.8311331957409347,0.8309000000000001,0.8382472909056722,0.8309,0.8309,0.8309,0.8311331957409348,0.8309,0.8382472909056722
164,99,0,2010.3326066820741,0.0,0.7436938,0.8404,0.8408104282771426,0.8404,0.8414182513200045,0.8404,0.8404,0.8404,0.8408104282771426,0.8404,0.8414182513200045,0.9296212,0.8445,0.8445786207069943,0.8445,0.8447614467641105,0.8445,0.8445,0.8445,0.8445786207069943,0.8445,0.8447614467641104,0.8272941,0.8242,0.825242149110348,0.8241999999999999,0.8345897181620628,0.8242,0.8242,0.8242,0.825242149110348,0.8242,0.8345897181620631,0.85443884,0.8309,0.8312271247120975,0.8309000000000001,0.8387117727491396,0.8309,0.8309,0.8309,0.8312271247120976,0.8309,0.8387117727491396
165,99,0,2010.3326066820705,0.0,0.7435474,0.8401,0.8405458216341157,0.8401,0.841168513619907,0.8401,0.8401,0.8401,0.840545821634116,0.8401,0.8411685136199071,0.931304,0.8434,0.8435136762032464,0.8434000000000001,0.8437159960502404,0.8434,0.8434,0.8434,0.8435136762032464,0.8434,0.8437159960502404,0.8258349,0.8268,0.8277713395826256,0.8268000000000001,0.8365705044624244,0.8267999999999999,0.8268,0.8268,0.8277713395826255,0.8268,0.8365705044624244,0.84351104,0.8314,0.8317797424661786,0.8314,0.8393764617931593,0.8314,0.8314,0.8314,0.8317797424661785,0.8314,0.8393764617931593
166,99,0,2010.3326066820664,0.0,0.73796326,0.8409,0.841012234768473,0.8408999999999999,0.8413326064914843,0.8409,0.8409,0.8409,0.841012234768473,0.8409,0.8413326064914843,0.92271525,0.8448,0.8449204961727601,0.8448,0.845210827176388,0.8447999999999999,0.8448,0.8448,0.8449204961727599,0.8448,0.845210827176388,0.78760254,0.8316,0.8317893999178919,0.8316000000000001,0.8372746766931295,0.8316,0.8316,0.8316,0.8317893999178919,0.8316,0.8372746766931294,0.8419873,0.8323,0.8325793323328152,0.8323,0.8396653641983602,0.8323,0.8323,0.8323,0.8325793323328153,0.8323,0.8396653641983602
167,99,0,2010.3326066820641,0.0,0.7472345,0.8387,0.8389162546840263,0.8387,0.83953144875468,0.8387,0.8387,0.8387,0.8389162546840262,0.8387,0.8395314487546801,0.92921525,0.8446,0.8446830670132144,0.8446,0.8449042127432532,0.8446,0.8446,0.8446,0.8446830670132144,0.8446,0.8449042127432532,0.8173044,0.8281,0.828493375126742,0.8281000000000001,0.8362178760074274,0.8281,0.8281,0.8281,0.8284933751267419,0.8281,0.8362178760074274,0.84789294,0.8312,0.831422019941747,0.8312000000000002,0.8394306644876577,0.8312,0.8312,0.8312,0.831422019941747,0.8312,0.8394306644876578
168,99,0,2010.3326066820598,0.0,0.7487793,0.8384,0.8383592008706886,0.8384,0.838744672805211,0.8384,0.8384,0.8384,0.8383592008706886,0.8384,0.8387446728052109,0.93331134,0.8443,0.844265261072454,0.8442999999999999,0.8443882925119196,0.8443,0.8443,0.8443,0.8442652610724543,0.8443,0.8443882925119196,0.8198383,0.8253,0.8254844174458196,0.8253,0.834683740503966,0.8253,0.8253,0.8253,0.8254844174458196,0.8253,0.834683740503966,0.8714129,0.8301,0.8302984591819923,0.8301000000000001,0.839316728530299,0.8301,0.8301,0.8301,0.8302984591819924,0.8301,0.839316728530299
169,99,0,2010.3326066820584,0.0,0.740443,0.8412,0.8409976311352182,0.8412,0.8411241358404749,0.8412,0.8412,0.8412,0.8409976311352184,0.8412,0.8411241358404749,0.94188,0.845,0.8450200774871055,0.845,0.8451509072005182,0.845,0.845,0.845,0.8450200774871053,0.845,0.8451509072005181,0.7926418,0.8313,0.8313651613569106,0.8313,0.837759130455451,0.8313000000000001,0.8313,0.8313,0.8313651613569109,0.8313,0.8377591304554511,0.87271076,0.8298,0.8302198458153756,0.8297999999999999,0.8396476722427749,0.8298,0.8298,0.8298,0.8302198458153754,0.8298,0.8396476722427749
170,99,0,2010.3326066820553,0.0,0.73972976,0.8427,0.842765863179126,0.8427,0.8430093873424351,0.8427,0.8427,0.8427,0.842765863179126,0.8427,0.8430093873424351,0.9314555,0.8445,0.8445508535833228,0.8445,0.8447851677988292,0.8445,0.8445,0.8445,0.8445508535833229,0.8445,0.8447851677988292,0.8252863,0.8275,0.8277044767951072,0.8274999999999999,0.8373474425099822,0.8275,0.8275,0.8275,0.8277044767951073,0.8275,0.837347442509982,0.8810746,0.8301,0.830377655837139,0.8301000000000001,0.8396647156737794,0.8301,0.8301,0.8301,0.830377655837139,0.8301,0.8396647156737794
171,99,0,2010.332606682052,0.0,0.7406918,0.8418,0.8418153903265735,0.8418000000000001,0.8420248498253846,0.8418,0.8418,0.8418,0.8418153903265735,0.8418,0.8420248498253846,0.93650573,0.8452,0.8452164244210918,0.8452,0.8455219248608907,0.8452,0.8452,0.8452,0.8452164244210917,0.8452,0.8455219248608908,0.81394964,0.8283,0.8283218342821167,0.8283000000000001,0.8363208316881618,0.8283,0.8283,0.8283,0.8283218342821167,0.8283,0.8363208316881617,0.86483514,0.8306,0.8308120392171403,0.8306000000000001,0.8398466799192639,0.8306,0.8306,0.8306,0.8308120392171402,0.8306,0.8398466799192638
172,99,0,2010.332606682048,0.0,0.7397467,0.8402,0.8404233963319353,0.8402000000000001,0.8409316268255799,0.8402,0.8402,0.8402,0.8404233963319353,0.8402,0.8409316268255798,0.93347335,0.8441,0.8441169756197289,0.8441000000000001,0.8442819745138438,0.8441000000000001,0.8441,0.8441,0.8441169756197289,0.8441,0.8442819745138439,0.8196304,0.8249,0.8255114441738558,0.8248999999999999,0.8348345426185155,0.8248999999999999,0.8249,0.8249,0.8255114441738558,0.8249,0.8348345426185153,0.8632849,0.8299,0.8303363349346261,0.8299,0.8398457151746342,0.8298999999999999,0.8299,0.8299,0.8303363349346262,0.8299,0.8398457151746341
173,99,0,2010.3326066820443,0.0,0.7407301,0.8414,0.8415062260965256,0.8413999999999999,0.8418899726452651,0.8414,0.8414,0.8414,0.8415062260965255,0.8414,0.8418899726452651,0.9368464,0.8446,0.8445580407202019,0.8446,0.8446748224198725,0.8446,0.8446,0.8446,0.844558040720202,0.8446,0.8446748224198724,0.8269349,0.8239,0.8241043573658015,0.8238999999999999,0.8331625035942685,0.8239000000000001,0.8239,0.8239,0.8241043573658017,0.8239,0.8331625035942684,0.87855154,0.83,0.8303476528395655,0.8300000000000001,0.8399515334824834,0.83,0.83,0.83,0.8303476528395654,0.83,0.8399515334824835
174,99,0,2010.3326066820434,0.0,0.74690104,0.8416,0.8414555784064982,0.8416,0.8417244842499905,0.8416,0.8416,0.8416,0.841455578406498,0.8416,0.8417244842499904,0.93213224,0.8452,0.8452752030790334,0.8452,0.8455121346578018,0.8452,0.8452,0.8452,0.8452752030790333,0.8452,0.8455121346578018,0.81981796,0.8266,0.8265604820616842,0.8266,0.83524453055304,0.8266,0.8266,0.8266,0.8265604820616843,0.8266,0.83524453055304,0.87839544,0.829,0.8292469251977757,0.8290000000000001,0.8380968274986127,0.8289999999999998,0.829,0.829,0.8292469251977757,0.829,0.8380968274986128
175,99,0,2010.332606682041,0.0,0.7448182,0.8401,0.8400255437379256,0.8401,0.8403069460093986,0.8401,0.8401,0.8401,0.8400255437379256,0.8401,0.8403069460093986,0.9282139,0.845,0.8449113432214626,0.845,0.8449536000622697,0.845,0.845,0.845,0.8449113432214627,0.845,0.8449536000622696,0.83346677,0.8225,0.8224072151396722,0.8225000000000001,0.8327739578270832,0.8225,0.8225,0.8225,0.8224072151396722,0.8225,0.8327739578270832,0.8746668,0.8298,0.8297984545282195,0.8298,0.8385525443804802,0.8298,0.8298,0.8298,0.8297984545282195,0.8298,0.8385525443804801
176,99,0,2010.3326066820398,0.0,0.7492913,0.8406,0.8407645816589688,0.8405999999999999,0.841004354039651,0.8406,0.8406,0.8406,0.8407645816589687,0.8406,0.8410043540396509,0.94546133,0.8442,0.844131791012637,0.8442000000000001,0.8442250474680654,0.8442,0.8442,0.8442,0.844131791012637,0.8442,0.8442250474680654,0.84085244,0.8226,0.8230452351055731,0.8225999999999999,0.8331136577242914,0.8226,0.8226,0.8226,0.8230452351055731,0.8226,0.8331136577242915,0.86758107,0.8292,0.8292504801124787,0.8291999999999999,0.8377071761302559,0.8292,0.8292,0.8292,0.8292504801124787,0.8292,0.8377071761302559
177,99,0,2010.3326066820373,0.0,0.74888396,0.8418,0.8417294886575677,0.8418000000000001,0.8418018904071983,0.8418,0.8418,0.8418,0.8417294886575677,0.8418,0.8418018904071981,0.9350791,0.8448,0.8447253063488604,0.8447999999999999,0.8447931319882175,0.8447999999999999,0.8448,0.8448,0.8447253063488604,0.8448,0.8447931319882175,0.83797413,0.8223,0.8226460598093546,0.8222999999999999,0.8322201961328467,0.8223,0.8223,0.8223,0.8226460598093547,0.8223,0.8322201961328467,0.8829078,0.83,0.8301056895641841,0.8299999999999998,0.8382373401194059,0.83,0.83,0.83,0.8301056895641841,0.83,0.8382373401194058
178,99,0,2010.3326066820332,0.0,0.74410665,0.84,0.8399449896012557,0.8400000000000001,0.8400211223917999,0.8399999999999999,0.84,0.84,0.8399449896012555,0.84,0.8400211223918,0.941459,0.8438,0.8437074053523302,0.8438000000000001,0.8437387759779291,0.8438,0.8438,0.8438,0.8437074053523304,0.8438,0.8437387759779291,0.8118548,0.8268,0.8271574556828621,0.8268000000000001,0.8345573964306373,0.8267999999999999,0.8268,0.8268,0.827157455682862,0.8268,0.8345573964306372,0.85745174,0.8305,0.8307311398694498,0.8305000000000001,0.8383612724373689,0.8305,0.8305,0.8305,0.8307311398694497,0.8305,0.8383612724373688
179,99,0,2010.332606682031,0.0,0.7494184,0.8386,0.8387028123526455,0.8385999999999999,0.8389146271704317,0.8386,0.8386,0.8386,0.8387028123526455,0.8386,0.8389146271704317,0.93616945,0.8441,0.8439822273003322,0.8440999999999999,0.8440567218593353,0.8441000000000001,0.8441,0.8441,0.8439822273003323,0.8441,0.8440567218593352,0.8224542,0.8258,0.8263915978313854,0.8257999999999999,0.8334678279406031,0.8258000000000001,0.8258,0.8258,0.8263915978313853,0.8258,0.8334678279406031,0.8602697,0.8292,0.8293468964321574,0.8291999999999999,0.8366078851766308,0.8292,0.8292,0.8292,0.8293468964321575,0.8292,0.8366078851766308
180,99,0,2010.332606682028,0.0,0.74371296,0.8386,0.8382748517704961,0.8385999999999999,0.8384211464863546,0.8386,0.8386,0.8386,0.838274851770496,0.8386,0.8384211464863547,0.9320992,0.8438,0.8435843813231321,0.8438000000000001,0.8435659536839039,0.8438,0.8438,0.8438,0.8435843813231321,0.8438,0.8435659536839039,0.8148412,0.8295,0.8293832058772077,0.8295,0.8374275168164462,0.8295,0.8295,0.8295,0.8293832058772077,0.8295,0.8374275168164462,0.8562399,0.831,0.8309207388875715,0.8310000000000001,0.8385847449035191,0.831,0.831,0.831,0.8309207388875715,0.831,0.8385847449035193
181,99,0,2010.3326066820264,0.0,0.7409973,0.8408,0.8402232713370669,0.8408,0.8403432903400283,0.8408,0.8408,0.8408,0.8402232713370668,0.8408,0.8403432903400284,0.9227791,0.8455,0.8454199885281837,0.8455,0.845481989159155,0.8455,0.8455,0.8455,0.8454199885281836,0.8455,0.845481989159155,0.80100983,0.829,0.8286064166074135,0.829,0.8357402110380325,0.8289999999999998,0.829,0.829,0.8286064166074135,0.829,0.8357402110380326,0.8657387,0.8302,0.8301608957119079,0.8301999999999999,0.8386133181980048,0.8302,0.8302,0.8302,0.8301608957119079,0.8302,0.8386133181980047
182,99,0,2010.332606682023,0.0,0.7389047,0.8408,0.8404660979869073,0.8408000000000001,0.8405317907184109,0.8408,0.8408,0.8408,0.8404660979869073,0.8408,0.8405317907184111,0.93329805,0.8445,0.844373989587548,0.8445,0.8444310288481922,0.8445,0.8445,0.8445,0.8443739895875478,0.8445,0.8444310288481922,0.81890154,0.8287,0.8285739735862869,0.8287000000000001,0.8367468792322773,0.8287,0.8287,0.8287,0.8285739735862869,0.8287,0.8367468792322774,0.8483613,0.8316,0.8314388481003437,0.8316000000000001,0.8391255074914874,0.8316,0.8316,0.8316,0.8314388481003436,0.8316,0.8391255074914874
183,99,0,2010.3326066820202,0.0,0.749349,0.8409,0.8402266430826539,0.8409000000000001,0.8409974542495403,0.8409,0.8409,0.8409,0.8402266430826542,0.8409,0.8409974542495403,0.92688787,0.8447,0.8445434206972104,0.8446999999999999,0.8446504995512522,0.8447,0.8447,0.8447,0.8445434206972104,0.8447,0.8446504995512522,0.827112,0.8267,0.8262204828092443,0.8267000000000001,0.8360235762845221,0.8267,0.8267,0.8267,0.8262204828092443,0.8267,0.8360235762845221,0.84935176,0.8324,0.8325139355720943,0.8324,0.8408176613182565,0.8324,0.8324,0.8324,0.8325139355720943,0.8324,0.8408176613182566
184,99,0,2010.3326066820182,0.0,0.7456128,0.8431,0.8431035841265538,0.8431000000000001,0.8436683458822649,0.8431000000000001,0.8431,0.8431,0.8431035841265538,0.8431,0.843668345882265,0.9245543,0.8453,0.845226978933024,0.8453000000000002,0.8453671241110362,0.8453,0.8453,0.8453,0.8452269789330239,0.8453,0.8453671241110362,0.827058,0.8249,0.8253545914105407,0.8249000000000001,0.8349960939182367,0.8248999999999999,0.8249,0.8249,0.8253545914105407,0.8249,0.8349960939182369,0.86363244,0.8293,0.8296740252429883,0.8293000000000001,0.8394109670168298,0.8293,0.8293,0.8293,0.8296740252429885,0.8293,0.83941096701683
185,99,0,2010.3326066820157,0.0,0.755065,0.8392,0.8387671706833364,0.8392,0.8396501432309649,0.8392,0.8392,0.8392,0.8387671706833365,0.8392,0.8396501432309648,0.9280492,0.845,0.8449546384042819,0.8450000000000001,0.845198061696261,0.845,0.845,0.845,0.844954638404282,0.845,0.845198061696261,0.83394355,0.8244,0.8244006923868186,0.8244,0.8344236208451035,0.8244,0.8244,0.8244,0.8244006923868187,0.8244,0.8344236208451034,0.85408574,0.8291,0.8294921352801063,0.8291000000000001,0.8387069631619204,0.8291,0.8291,0.8291,0.8294921352801065,0.8291,0.8387069631619204
186,99,0,2010.3326066820118,0.0,0.74157083,0.8399,0.840060885684629,0.8398999999999999,0.8405080378521734,0.8399,0.8399,0.8399,0.8400608856846291,0.8399,0.8405080378521735,0.9380954,0.8451,0.8449901137950218,0.8451000000000001,0.8451708763814592,0.8451,0.8451,0.8451,0.8449901137950218,0.8451,0.8451708763814593,0.8393549,0.8232,0.8238204170575857,0.8232000000000002,0.8340873564832693,0.8232,0.8232,0.8232,0.8238204170575857,0.8232,0.8340873564832693,0.8697842,0.8285,0.8288256276683061,0.8285,0.8383757635382114,0.8285,0.8285,0.8285,0.8288256276683061,0.8285,0.8383757635382115
187,99,0,2010.3326066820102,0.0,0.7457207,0.8412,0.8412057277616869,0.8412000000000001,0.8419371903944773,0.8412,0.8412,0.8412,0.841205727761687,0.8412,0.8419371903944776,0.93305194,0.8443,0.8442390723837241,0.8443000000000002,0.8444935287697415,0.8443,0.8443,0.8443,0.8442390723837238,0.8443,0.8444935287697415,0.811659,0.8291,0.8294014744575653,0.8291000000000001,0.8373772659296643,0.8291,0.8291,0.8291,0.8294014744575652,0.8291,0.8373772659296644,0.85880685,0.8288,0.8292686846478908,0.8288,0.8385554642933405,0.8288,0.8288,0.8288,0.8292686846478907,0.8288,0.8385554642933403
188,99,0,2010.3326066820086,0.0,0.7515719,0.84,0.8401474930285904,0.8400000000000001,0.8407963543456866,0.8399999999999999,0.84,0.84,0.8401474930285906,0.84,0.8407963543456867,0.93092614,0.8448,0.8447686803659653,0.8448,0.8450157310468331,0.8447999999999999,0.8448,0.8448,0.8447686803659655,0.8448,0.8450157310468333,0.83348244,0.8268,0.8273305180113534,0.8268000000000001,0.8357721662538232,0.8267999999999999,0.8268,0.8268,0.8273305180113534,0.8268,0.8357721662538233,0.8694854,0.8286,0.82897527946773,0.8286000000000001,0.8379955457884499,0.8286,0.8286,0.8286,0.8289752794677299,0.8286,0.83799554578845
189,99,0,2010.3326066820052,0.0,0.7469356,0.8406,0.8402878526968646,0.8406,0.841020833579839,0.8406,0.8406,0.8406,0.8402878526968645,0.8406,0.8410208335798393,0.9342338,0.8451,0.8450430171055803,0.8450999999999999,0.8452132066939821,0.8451,0.8451,0.8451,0.8450430171055803,0.8451,0.8452132066939821,0.84624296,0.8237,0.8235458651276726,0.8237,0.8346770358287433,0.8237000000000001,0.8237,0.8237,0.8235458651276726,0.8237,0.8346770358287433,0.8645218,0.8279,0.8281794973987235,0.8279,0.8376744720841952,0.8279,0.8279,0.8279,0.8281794973987237,0.8279,0.8376744720841952
190,99,0,2010.3326066820039,0.0,0.74240667,0.84,0.8403059949401438,0.8400000000000001,0.8409933034869439,0.8399999999999999,0.84,0.84,0.8403059949401439,0.84,0.8409933034869438,0.94517756,0.8433,0.8432447837051736,0.8432999999999999,0.8433974536623472,0.8433,0.8433,0.8433,0.8432447837051738,0.8433,0.8433974536623473,0.8346946,0.8235,0.8241398252327679,0.8234999999999999,0.8338984098116548,0.8235,0.8235,0.8235,0.8241398252327679,0.8235,0.8338984098116545,0.8641313,0.8272,0.8276842908498727,0.8272,0.8374138846703468,0.8272,0.8272,0.8272,0.8276842908498727,0.8272,0.8374138846703468
191,99,0,2010.3326066819998,0.0,0.7408759,0.8421,0.8422055022970433,0.8421,0.8427373332497513,0.8421,0.8421,0.8421,0.8422055022970433,0.8421,0.8427373332497511,0.9291045,0.8451,0.8450560769521577,0.8451000000000001,0.8452356445202065,0.8451,0.8451,0.8451,0.8450560769521577,0.8451,0.8452356445202065,0.83846366,0.8236,0.8242777757952219,0.8236000000000001,0.8349914922505061,0.8236,0.8236,0.8236,0.8242777757952221,0.8236,0.8349914922505061,0.8625204,0.8288,0.8291073347764177,0.8288,0.8385338999118872,0.8288,0.8288,0.8288,0.8291073347764177,0.8288,0.8385338999118872
192,99,0,2010.3326066819977,0.0,0.7465832,0.8406,0.84017726579641,0.8405999999999999,0.840548944797977,0.8406,0.8406,0.8406,0.8401772657964102,0.8406,0.8405489447979769,0.94040954,0.8436,0.8435853440440134,0.8436,0.8438067421745549,0.8436,0.8436,0.8436,0.8435853440440134,0.8436,0.8438067421745549,0.8379275,0.8238,0.8239244509565591,0.8238,0.8340164266877055,0.8238,0.8238,0.8238,0.823924450956559,0.8238,0.8340164266877056,0.85449374,0.8292,0.8295534922969224,0.8291999999999999,0.8378877839359544,0.8292,0.8292,0.8292,0.8295534922969225,0.8292,0.8378877839359544
193,99,0,2010.3326066819948,0.0,0.75698453,0.8397,0.8401660401421941,0.8397,0.841033228145718,0.8396999999999999,0.8397,0.8397,0.8401660401421941,0.8397,0.841033228145718,0.9433071,0.8452,0.8452446918508194,0.8452,0.8454854373139344,0.8452,0.8452,0.8452,0.8452446918508194,0.8452,0.8454854373139346,0.8286153,0.8246,0.8255509685854413,0.8245999999999999,0.8338634748888856,0.8246,0.8246,0.8246,0.8255509685854413,0.8246,0.8338634748888855,0.8662432,0.8295,0.8299024179775574,0.8295,0.8386236803496809,0.8295,0.8295,0.8295,0.8299024179775571,0.8295,0.8386236803496809
194,99,0,2010.332606681992,0.0,0.7433014,0.8388,0.8386761626964606,0.8388,0.8387704542101437,0.8388,0.8388,0.8388,0.8386761626964606,0.8388,0.8387704542101437,0.9361625,0.8435,0.8434515276634216,0.8435,0.8436081758024864,0.8435,0.8435,0.8435,0.8434515276634216,0.8435,0.8436081758024864,0.8144372,0.8277,0.8281013350272742,0.8277000000000001,0.8358135696022211,0.8277,0.8277,0.8277,0.8281013350272742,0.8277,0.8358135696022211,0.8695645,0.8296,0.8298158044804964,0.8295999999999999,0.8383477607851401,0.8296,0.8296,0.8296,0.8298158044804964,0.8296,0.8383477607851398
195,99,0,2010.3326066819911,0.0,0.75182605,0.8397,0.8397380712032503,0.8397,0.8400696630697941,0.8396999999999999,0.8397,0.8397,0.8397380712032502,0.8397,0.8400696630697941,0.9386509,0.8439,0.8438630650242761,0.8439,0.8440262821554562,0.8439,0.8439,0.8439,0.843863065024276,0.8439,0.8440262821554563,0.8295172,0.8257,0.8263213899701581,0.8257,0.8348722634705709,0.8257,0.8257,0.8257,0.8263213899701582,0.8257,0.834872263470571,0.88098574,0.8293,0.8295344552019731,0.8292999999999999,0.8390877343087549,0.8293,0.8293,0.8293,0.8295344552019731,0.8293,0.8390877343087548
196,99,0,2010.3326066819877,0.0,0.755239,0.8407,0.8407191586964939,0.8407,0.8410781412980828,0.8407,0.8407,0.8407,0.840719158696494,0.8407,0.8410781412980829,0.94426936,0.8432,0.843196521491433,0.8432000000000001,0.8433320418763766,0.8432,0.8432,0.8432,0.843196521491433,0.8432,0.8433320418763766,0.83294374,0.8279,0.8282182780307957,0.8279,0.8365802898974486,0.8279,0.8279,0.8279,0.8282182780307956,0.8279,0.8365802898974485,0.86463684,0.8276,0.8277693508765356,0.8276,0.8370149803698759,0.8276,0.8276,0.8276,0.8277693508765357,0.8276,0.8370149803698758
197,99,0,2010.332606681986,0.0,0.75326866,0.8396,0.8396575872460394,0.8396000000000001,0.8398369401368926,0.8396,0.8396,0.8396,0.8396575872460394,0.8396,0.8398369401368927,0.95296115,0.8435,0.8435427484936515,0.8434999999999999,0.843719988361707,0.8435,0.8435,0.8435,0.8435427484936514,0.8435,0.8437199883617069,0.8287104,0.8269,0.8272859826166508,0.8269,0.8351389454998726,0.8269,0.8269,0.8269,0.827285982616651,0.8269,0.8351389454998727,0.88446796,0.8275,0.8277752078395915,0.8275,0.8371530129381519,0.8275,0.8275,0.8275,0.8277752078395916,0.8275,0.8371530129381517
198,99,0,2010.3326066819832,0.0,0.75465554,0.8415,0.8414710322895183,0.8414999999999999,0.8419279384987475,0.8415,0.8415,0.8415,0.8414710322895181,0.8415,0.8419279384987475,0.9520836,0.8441,0.8441150147908008,0.8441000000000001,0.844305797518693,0.8441000000000001,0.8441,0.8441,0.8441150147908008,0.8441,0.844305797518693,0.8178405,0.83,0.8302709626912629,0.8299999999999998,0.8376620817038066,0.83,0.83,0.83,0.8302709626912627,0.83,0.8376620817038067,0.8784873,0.8288,0.8292147658294897,0.8288,0.838393015927676,0.8288,0.8288,0.8288,0.8292147658294896,0.8288,0.838393015927676
199,99,0,2010.3326066819802,0.0,0.7555181,0.8416,0.8412606942500531,0.8416,0.8416541934045696,0.8416,0.8416,0.8416,0.841260694250053,0.8416,0.8416541934045697,0.93768245,0.8439,0.8438182547026527,0.8439,0.843976423467723,0.8439,0.8439,0.8439,0.8438182547026527,0.8439,0.843976423467723,0.84144074,0.8258,0.8258292063025456,0.8257999999999999,0.836139733667191,0.8258000000000001,0.8258,0.8258,0.8258292063025455,0.8258,0.8361397336671913,0.8641575,0.8291,0.8294914819748103,0.8291000000000001,0.8386215804334254,0.8291,0.8291,0.8291,0.8294914819748103,0.8291,0.8386215804334254
200,99,0,2010.332606681979,0.0,0.76259255,0.8385,0.8382452508884164,0.8385,0.8387592003573168,0.8385,0.8385,0.8385,0.8382452508884164,0.8385,0.8387592003573169,0.9348293,0.8454,0.8453372084545894,0.8454,0.8454045506897379,0.8454,0.8454,0.8454,0.8453372084545894,0.8454,0.8454045506897379,0.8154601,0.8287,0.828965109259228,0.8286999999999999,0.8356379275892131,0.8287,0.8287,0.8287,0.828965109259228,0.8287,0.8356379275892132,0.8381875,0.8309,0.8311613697952069,0.8309,0.8389924339514743,0.8309,0.8309,0.8309,0.8311613697952068,0.8309,0.8389924339514744
