round,active_ordinary_count,active_anomaly_count,avg_ordinary_tokens,avg_anomaly_tokens,test_loss_offline,test_acc_offline,test_macro_f1_offline,test_macro_recall_offline,test_macro_precision_offline,test_micro_f1_offline,test_micro_recall_offline,test_micro_precision_offline,test_weighted_f1_offline,test_weighted_recall_offline,test_weighted_precision_offline,test_loss_online,test_acc_online,test_macro_f1_online,test_macro_recall_online,test_macro_precision_online,test_micro_f1_online,test_micro_recall_online,test_micro_precision_online,test_weighted_f1_online,test_weighted_recall_online,test_weighted_precision_online,test_loss_offline_backdoor,test_acc_offline_backdoor,test_macro_f1_offline_backdoor,test_macro_recall_offline_backdoor,test_macro_precision_offline_backdoor,test_micro_f1_offline_backdoor,test_micro_recall_offline_backdoor,test_micro_precision_offline_backdoor,test_weighted_f1_offline_backdoor,test_weighted_recall_offline_backdoor,test_weighted_precision_offline_backdoor,test_loss_online_backdoor,test_acc_online_backdoor,test_macro_f1_online_backdoor,test_macro_recall_online_backdoor,test_macro_precision_online_backdoor,test_micro_f1_online_backdoor,test_micro_recall_online_backdoor,test_micro_precision_online_backdoor,test_weighted_f1_online_backdoor,test_weighted_recall_online_backdoor,test_weighted_precision_online_backdoor
0,99,1,2000.0,2000.0,2.357834,0.1314,0.09157511554687944,0.1314,0.12637806354857647,0.1314,0.1314,0.1314,0.09157511554687944,0.1314,0.12637806354857647,2.2115695,0.1952,0.16248560569737616,0.19519999999999998,0.2523590095346172,0.1952,0.1952,0.1952,0.16248560569737616,0.1952,0.25235900953461726,2.3619626,0.1216,0.08710933078770403,0.1216,0.12743428435667095,0.1216,0.1216,0.1216,0.08710933078770401,0.1216,0.12743428435667095,2.1789804,0.2333,0.2169509389382697,0.2333,0.24971340007657558,0.2333,0.2333,0.2333,0.2169509389382697,0.2333,0.24971340007657564
1,99,1,2000.0972666083796,1990.3706057702166,2.225739,0.1984,0.17894987333440357,0.1984,0.19853056930622912,0.1984,0.1984,0.1984,0.17894987333440357,0.1984,0.19853056930622914,0.9072683,0.7505,0.7529011366569897,0.7505,0.7658132554419412,0.7505,0.7505,0.7505,0.7529011366569895,0.7505,0.7658132554419411,2.236267,0.2003,0.16412842212122075,0.2003,0.2297990160787169,0.2003,0.2003,0.2003,0.1641284221212208,0.2003,0.2297990160787169,1.0665008,0.6811,0.6874027048299938,0.6811,0.7444387092374808,0.6811,0.6811,0.6811,0.687402704829994,0.6811,0.7444387092374808
2,99,1,2000.1365055702145,1986.4859485487807,0.8045361,0.7202,0.7212278552584837,0.7202,0.7266372194609548,0.7202,0.7202,0.7202,0.7212278552584835,0.7202,0.7266372194609549,0.84590095,0.7836,0.784128446463316,0.7836000000000001,0.7894343209110521,0.7836,0.7836,0.7836,0.7841284464633161,0.7836,0.7894343209110523,0.95560294,0.6522,0.6463166975334881,0.6521999999999999,0.713423101749419,0.6522,0.6522,0.6522,0.646316697533488,0.6522,0.7134231017494193,0.92290723,0.7533,0.7586242805814528,0.7533000000000001,0.7868566841267677,0.7533,0.7533,0.7533,0.7586242805814529,0.7533,0.7868566841267677
3,99,1,2000.148063779141,1985.3416858651276,0.7420142,0.7428,0.7440115535389954,0.7428,0.7474909257754725,0.7428,0.7428,0.7428,0.7440115535389954,0.7428,0.7474909257754726,0.81911767,0.7965,0.7975369769609351,0.7965,0.8020148053365261,0.7965,0.7965,0.7965,0.7975369769609352,0.7965,0.8020148053365262,0.8638844,0.6977,0.7059385767268194,0.6977,0.746830739600614,0.6977,0.6977,0.6977,0.7059385767268195,0.6977,0.746830739600614,0.933098,0.773,0.7760756241216955,0.773,0.7887321578858435,0.7729999999999999,0.773,0.773,0.7760756241216954,0.773,0.7887321578858435
4,99,1,2000.1320325278382,1986.9287797442773,0.7313971,0.7472,0.748951581282563,0.7472000000000001,0.7557680436465226,0.7472,0.7472,0.7472,0.748951581282563,0.7472,0.7557680436465225,0.81250626,0.7945,0.7955680615836949,0.7945,0.7992580612863872,0.7945,0.7945,0.7945,0.7955680615836949,0.7945,0.7992580612863872,0.89566475,0.6749,0.68784245210411,0.6748999999999999,0.7497497458425573,0.6749,0.6749,0.6749,0.6878424521041101,0.6749,0.7497497458425574,0.9176913,0.7697,0.774852531888331,0.7697,0.7891688102136548,0.7696999999999999,0.7697,0.7697,0.774852531888331,0.7697,0.7891688102136548
5,99,1,2000.170762428108,1983.0945196176222,0.72551656,0.7464,0.74683876063566,0.7464,0.7488135228607143,0.7463999999999998,0.7464,0.7464,0.7468387606356602,0.7464,0.7488135228607143,0.7919159,0.7997,0.8009258360121155,0.7997,0.8044468333081249,0.7997,0.7997,0.7997,0.8009258360121154,0.7997,0.8044468333081249,0.84681755,0.7007,0.7061112052447294,0.7007,0.74051664194954,0.7007,0.7007,0.7007,0.7061112052447294,0.7007,0.7405166419495401,0.86549807,0.7888,0.7908736838882163,0.7888,0.7992948846985799,0.7888,0.7888,0.7888,0.7908736838882162,0.7888,0.79929488469858
6,99,1,2000.2410518333684,1976.1358684969564,0.7101405,0.7478,0.7488961834701112,0.7478,0.7540225676678235,0.7478,0.7478,0.7478,0.7488961834701113,0.7478,0.7540225676678235,0.775232,0.7993,0.8003290469286849,0.7992999999999999,0.8045885512985042,0.7993,0.7993,0.7993,0.800329046928685,0.7993,0.8045885512985042,0.81423086,0.7144,0.7177690350331369,0.7143999999999999,0.7473125450834674,0.7144,0.7144,0.7144,0.7177690350331369,0.7144,0.7473125450834676,0.8901297,0.7865,0.7893539085143587,0.7865000000000001,0.8030329017958279,0.7865,0.7865,0.7865,0.7893539085143588,0.7865,0.8030329017958279
7,99,1,2000.2453137096315,1975.7139427469192,0.6959529,0.7599,0.760200026003999,0.7598999999999999,0.7615451768554705,0.7599,0.7599,0.7599,0.760200026003999,0.7599,0.7615451768554705,0.7809981,0.808,0.8089423898587347,0.808,0.8130594474790405,0.808,0.808,0.808,0.8089423898587346,0.808,0.8130594474790405,0.81538564,0.7139,0.7155382575166215,0.7139000000000001,0.7474710705718141,0.7139,0.7139,0.7139,0.7155382575166214,0.7139,0.7474710705718141,0.84936726,0.7943,0.797183530399783,0.7943,0.8083550316000094,0.7943,0.7943,0.7943,0.797183530399783,0.7943,0.8083550316000093
8,99,1,2000.2301350943908,1977.2166256558387,0.67676497,0.7658,0.7656746989468414,0.7658000000000001,0.7684563992299043,0.7658000000000001,0.7658,0.7658,0.7656746989468416,0.7658,0.7684563992299042,0.7653713,0.8051,0.8061491519081002,0.8051,0.8105115652068466,0.8051,0.8051,0.8051,0.8061491519081001,0.8051,0.8105115652068466,0.85754275,0.6881,0.6949832296357037,0.6881,0.7576830839561591,0.6881,0.6881,0.6881,0.6949832296357037,0.6881,0.7576830839561589,0.85835487,0.7906,0.7935374470766654,0.7905999999999999,0.8073092874815965,0.7906,0.7906,0.7906,0.7935374470766653,0.7906,0.8073092874815965
9,99,1,2000.2434254548202,1975.9008799734634,0.6671657,0.7659,0.7671957174326038,0.7659,0.77044511339362,0.7659,0.7659,0.7659,0.7671957174326036,0.7659,0.7704451133936199,0.75159943,0.8152,0.8159013101917443,0.8152000000000001,0.817717364924522,0.8152,0.8152,0.8152,0.8159013101917442,0.8152,0.8177173649245221,0.7454116,0.7371,0.7406556291431551,0.7371,0.7606224802984797,0.7371,0.7371,0.7371,0.7406556291431551,0.7371,0.7606224802984796,0.8961827,0.7742,0.7804070515836422,0.7742,0.8060499369163481,0.7742000000000001,0.7742,0.7742,0.7804070515836422,0.7742,0.8060499369163481
10,99,1,2000.2353858358026,1976.6968022563601,0.6838026,0.7582,0.7605508161176562,0.7582,0.7669136394760296,0.7582,0.7582,0.7582,0.7605508161176563,0.7582,0.7669136394760295,0.7494022,0.8128,0.8140542854362532,0.8128,0.8171960498845529,0.8128,0.8128,0.8128,0.8140542854362534,0.8128,0.8171960498845527,0.8100145,0.7085,0.713506387589607,0.7084999999999999,0.7453112765433235,0.7085,0.7085,0.7085,0.713506387589607,0.7085,0.7453112765433236,0.9446783,0.7796,0.7854797609070966,0.7796000000000001,0.8067891997301435,0.7796,0.7796,0.7796,0.7854797609070967,0.7796,0.8067891997301436
11,99,1,2000.2619730619022,1974.064666872564,0.6822871,0.7643,0.7661833178881612,0.7643000000000001,0.7718557599528858,0.7643,0.7643,0.7643,0.7661833178881612,0.7643,0.7718557599528857,0.7603162,0.8141,0.814943392933686,0.8141,0.8168773837603469,0.8141,0.8141,0.8141,0.814943392933686,0.8141,0.8168773837603469,0.8348852,0.7136,0.7163661753457649,0.7136000000000001,0.7466527871085873,0.7136000000000001,0.7136,0.7136,0.716366175345765,0.7136,0.7466527871085872,0.93823284,0.7756,0.7811440654361801,0.7756000000000001,0.8027746633998156,0.7756000000000001,0.7756,0.7756,0.7811440654361801,0.7756,0.8027746633998154
12,99,1,2000.3242744241581,1967.8968320094082,0.6654473,0.7707,0.7725900248887194,0.7706999999999999,0.7765603989605532,0.7706999999999999,0.7707,0.7707,0.7725900248887194,0.7707,0.7765603989605531,0.75386643,0.8153,0.8161211871613891,0.8152999999999999,0.8186622509225769,0.8153,0.8153,0.8153,0.816121187161389,0.8153,0.8186622509225768,0.8890153,0.6827,0.6804398383968416,0.6827000000000001,0.74245278167663,0.6827,0.6827,0.6827,0.6804398383968416,0.6827,0.7424527816766299,1.0132282,0.7679,0.775348934465183,0.7678999999999999,0.8088133823535258,0.7679000000000001,0.7679,0.7679,0.775348934465183,0.7679,0.8088133823535257
13,99,1,2000.324099047721,1967.9141942767903,0.6758014,0.7599,0.7623562893759329,0.7599,0.7677490429670047,0.7599,0.7599,0.7599,0.762356289375933,0.7599,0.7677490429670047,0.74176776,0.8128,0.8138014684429533,0.8128,0.8169670877991468,0.8128,0.8128,0.8128,0.8138014684429533,0.8128,0.8169670877991468,0.9954501,0.6487,0.6604683252948519,0.6487,0.7587429543014241,0.6487,0.6487,0.6487,0.6604683252948518,0.6487,0.7587429543014242,1.125238,0.7419,0.7568526158064937,0.7419,0.8091757819146537,0.7419000000000001,0.7419,0.7419,0.7568526158064937,0.7419,0.8091757819146538
14,99,1,2000.3873222750594,1961.6550947702704,0.66479236,0.7676,0.7699175381227527,0.7676000000000001,0.7747302990579329,0.7676,0.7676,0.7676,0.7699175381227527,0.7676,0.774730299057933,0.73095834,0.8124,0.8131895320342446,0.8124,0.816183739787188,0.8124,0.8124,0.8124,0.8131895320342445,0.8124,0.8161837397871881,1.0047168,0.6421,0.6589927699217402,0.6421,0.7654760028628067,0.6421,0.6421,0.6421,0.6589927699217403,0.6421,0.7654760028628067,1.0869994,0.7418,0.7520197658467238,0.7418000000000001,0.8026585845947368,0.7418,0.7418,0.7418,0.7520197658467238,0.7418,0.8026585845947368
15,99,1,2000.5815750706918,1942.4240680026962,0.6618501,0.7698,0.7709460199027619,0.7698000000000002,0.7750076344160595,0.7698,0.7698,0.7698,0.7709460199027619,0.7698,0.7750076344160595,0.74668837,0.8114,0.8123557611831158,0.8113999999999999,0.8150958303423567,0.8114,0.8114,0.8114,0.8123557611831157,0.8114,0.8150958303423567,0.92508906,0.6838,0.6849391930468858,0.6838,0.7494037005143666,0.6838,0.6838,0.6838,0.6849391930468857,0.6838,0.7494037005143664,1.0519114,0.7638,0.7725165375084014,0.7638,0.8091199515008466,0.7638,0.7638,0.7638,0.7725165375084013,0.7638,0.8091199515008465
16,99,1,2000.6196578396195,1938.6538738790148,0.68946534,0.7591,0.7621978980154123,0.7590999999999999,0.770903284381139,0.7591000000000001,0.7591,0.7591,0.7621978980154123,0.7591,0.770903284381139,0.7377258,0.815,0.8164516920806044,0.8150000000000001,0.8211694846953808,0.815,0.815,0.815,0.8164516920806043,0.815,0.8211694846953808,0.85391515,0.7004,0.7041926567371187,0.7003999999999999,0.7515509197425285,0.7004,0.7004,0.7004,0.7041926567371188,0.7004,0.7515509197425285,1.0490078,0.7504,0.7589141606322867,0.7504000000000001,0.8015004315468996,0.7504,0.7504,0.7504,0.7589141606322868,0.7504,0.8015004315468995
17,99,1,2000.6672431405166,1933.9429290902608,0.64558876,0.774,0.7754245875129937,0.7740000000000001,0.7798861282205974,0.774,0.774,0.774,0.7754245875129938,0.774,0.7798861282205974,0.7502455,0.8168,0.8180796646895319,0.8168,0.8220114976851294,0.8167999999999999,0.8168,0.8168,0.818079664689532,0.8168,0.8220114976851295,0.80325115,0.7152,0.7249653793799274,0.7152000000000001,0.7669894769832851,0.7152,0.7152,0.7152,0.7249653793799274,0.7152,0.7669894769832851,1.0252924,0.7762,0.7800607299730529,0.7762000000000001,0.8061911597856138,0.7761999999999999,0.7762,0.7762,0.7800607299730528,0.7762,0.8061911597856138
18,99,1,2000.669890912985,1933.6807996159519,0.6767612,0.7626,0.7658381123785277,0.7626,0.7745664870140613,0.7626,0.7626,0.7626,0.7658381123785277,0.7626,0.7745664870140612,0.74636877,0.8099,0.8116785330740892,0.8099000000000001,0.8168364748867404,0.8099,0.8099,0.8099,0.8116785330740892,0.8099,0.8168364748867403,0.9429043,0.6692,0.6846281052435695,0.6692,0.7624966864468025,0.6692,0.6692,0.6692,0.6846281052435694,0.6692,0.7624966864468025,1.0993224,0.7452,0.7563634376565981,0.7452000000000001,0.8048624030193124,0.7452,0.7452,0.7452,0.7563634376565981,0.7452,0.8048624030193124
19,99,1,2000.6546608090493,1935.188579905666,0.6484326,0.7735,0.7763546559743656,0.7735,0.7849736107281611,0.7735,0.7735,0.7735,0.7763546559743656,0.7735,0.7849736107281611,0.7458889,0.8166,0.8178587959320914,0.8166,0.8216742540714035,0.8166,0.8166,0.8166,0.8178587959320914,0.8166,0.8216742540714035,1.1790625,0.5896,0.604610727129696,0.5896,0.7713809982321698,0.5896,0.5896,0.5896,0.604610727129696,0.5896,0.77138099823217,1.0640316,0.7402,0.7522720792565054,0.7402,0.8097385530211655,0.7402,0.7402,0.7402,0.7522720792565054,0.7402,0.8097385530211655
20,99,1,2000.665011530713,1934.1638584611098,0.6558499,0.7752,0.7777009648355043,0.7752,0.7837296838355485,0.7752,0.7752,0.7752,0.7777009648355044,0.7752,0.7837296838355485,0.74402785,0.8176,0.818990989013702,0.8176,0.8220525337254811,0.8176,0.8176,0.8176,0.8189909890137019,0.8176,0.822052533725481,1.0354245,0.6404,0.6429909689158861,0.6403999999999999,0.7451247724692276,0.6404,0.6404,0.6404,0.642990968915886,0.6404,0.7451247724692276,1.0284647,0.7618,0.7684488611070674,0.7618,0.8018599014627436,0.7618,0.7618,0.7618,0.7684488611070673,0.7618,0.8018599014627436
21,99,1,2000.6623631406594,1934.4260490763552,0.6365041,0.7767,0.7785036043453741,0.7767,0.7824201894985526,0.7767,0.7767,0.7767,0.7785036043453742,0.7767,0.7824201894985524,0.74613035,0.8159,0.8170687063762655,0.8159000000000001,0.8203145529087615,0.8159,0.8159,0.8159,0.8170687063762654,0.8159,0.8203145529087617,1.0387036,0.6373,0.6470583557753381,0.6373,0.7547729200552276,0.6373,0.6373,0.6373,0.6470583557753381,0.6373,0.7547729200552276,1.0034289,0.7682,0.7736437497815446,0.7682,0.806421395465175,0.7681999999999999,0.7682,0.7682,0.7736437497815447,0.7682,0.806421395465175
22,99,1,2000.650482566643,1935.602225904296,0.6617195,0.7667,0.7696179511458743,0.7666999999999999,0.7761996745604693,0.7667,0.7667,0.7667,0.7696179511458743,0.7667,0.7761996745604695,0.7408868,0.8166,0.8175855476084848,0.8166,0.8201233286541104,0.8166,0.8166,0.8166,0.8175855476084848,0.8166,0.8201233286541103,1.0438166,0.6316,0.635812992533976,0.6316,0.7527554241263302,0.6316,0.6316,0.6316,0.635812992533976,0.6316,0.7527554241263302,1.0497007,0.7625,0.7702665601171265,0.7625,0.8098415825087443,0.7625,0.7625,0.7625,0.7702665601171264,0.7625,0.8098415825087443
23,99,1,2000.6348000961177,1937.154790486312,0.63516897,0.7785,0.7801961888119934,0.7785,0.7846301070949725,0.7785,0.7785,0.7785,0.7801961888119934,0.7785,0.7846301070949725,0.76283795,0.8173,0.8180675041020123,0.8173,0.8196281851733506,0.8173,0.8173,0.8173,0.8180675041020125,0.8173,0.8196281851733507,0.9412995,0.6681,0.6700218639255476,0.6680999999999999,0.7544014735044542,0.6681,0.6681,0.6681,0.6700218639255476,0.6681,0.7544014735044541,1.0374805,0.7653,0.7698701591053142,0.7653000000000001,0.8002869997233912,0.7653,0.7653,0.7653,0.7698701591053143,0.7653,0.8002869997233911
24,99,1,2000.6554524201188,1935.1102104103572,0.6590966,0.7728,0.7753125656413816,0.7728,0.7813717144183772,0.7728,0.7728,0.7728,0.7753125656413816,0.7728,0.7813717144183772,0.7470124,0.8226,0.8234878126769669,0.8225999999999999,0.825600115089529,0.8226,0.8226,0.8226,0.8234878126769669,0.8226,0.825600115089529,1.2147855,0.5937,0.5918038260587265,0.5937000000000001,0.7486154732926084,0.5937,0.5937,0.5937,0.5918038260587265,0.5937,0.7486154732926084,1.0057548,0.7762,0.7772148903604799,0.7762,0.7999021032061652,0.7761999999999999,0.7762,0.7762,0.7772148903604797,0.7762,0.7999021032061653
25,99,1,2000.6832035298587,1932.3628505461559,0.637157,0.7773,0.7798388403421402,0.7773,0.784878793142046,0.7772999999999999,0.7773,0.7773,0.7798388403421402,0.7773,0.784878793142046,0.7380208,0.8202,0.8213926606164753,0.8202,0.8239342543209578,0.8202,0.8202,0.8202,0.8213926606164752,0.8202,0.8239342543209577,0.8801311,0.6934,0.6932471882492343,0.6934000000000001,0.7575898409929936,0.6934,0.6934,0.6934,0.6932471882492343,0.6934,0.7575898409929936,0.95243067,0.7775,0.7804409298366357,0.7775000000000001,0.8044957868077114,0.7775,0.7775,0.7775,0.7804409298366357,0.7775,0.8044957868077115
26,99,1,2000.7395723104412,1926.7823412686705,0.6405806,0.777,0.7782866073232293,0.777,0.7830568580993301,0.777,0.777,0.777,0.7782866073232292,0.777,0.78305685809933,0.7325352,0.8191,0.8200917690323388,0.8191,0.8225460227616137,0.8191,0.8191,0.8191,0.8200917690323389,0.8191,0.8225460227616137,0.92868966,0.6739,0.6709461813949112,0.6738999999999999,0.7526337051731462,0.6739,0.6739,0.6739,0.6709461813949114,0.6739,0.7526337051731462,1.0201523,0.77,0.7735166153456751,0.77,0.8026080199281165,0.7699999999999999,0.77,0.77,0.7735166153456751,0.77,0.8026080199281166
27,99,1,2000.7807036058614,1922.7103430220886,0.65062946,0.7746,0.7762386279510369,0.7746,0.7801950402846616,0.7746,0.7746,0.7746,0.7762386279510368,0.7746,0.7801950402846616,0.72709566,0.8183,0.819192413897194,0.8183,0.8213403909298231,0.8183,0.8183,0.8183,0.819192413897194,0.8183,0.8213403909298231,0.910555,0.6778,0.6733437864884588,0.6778000000000001,0.7346290093746669,0.6778,0.6778,0.6778,0.6733437864884588,0.6778,0.7346290093746668,0.9725293,0.7687,0.7727971833898437,0.7687,0.8013001810672451,0.7687,0.7687,0.7687,0.7727971833898436,0.7687,0.8013001810672451
28,99,1,2000.8512609901109,1915.7251619813908,0.6226042,0.7815,0.7838763975150624,0.7815,0.7882700614896332,0.7815,0.7815,0.7815,0.7838763975150624,0.7815,0.7882700614896331,0.74933094,0.8198,0.821287688864589,0.8198000000000001,0.8252832188026007,0.8198,0.8198,0.8198,0.8212876888645889,0.8198,0.8252832188026008,0.8948795,0.6817,0.6879768644894263,0.6817,0.7626807001707581,0.6817,0.6817,0.6817,0.6879768644894264,0.6817,0.7626807001707582,0.9772177,0.7777,0.7793539827123015,0.7777000000000001,0.7954255024383046,0.7777,0.7777,0.7777,0.7793539827123016,0.7777,0.7954255024383045
29,99,1,2000.8343522029634,1917.39913190909,0.63378644,0.7805,0.7824245069723611,0.7805000000000001,0.7871231168640612,0.7805,0.7805,0.7805,0.7824245069723612,0.7805,0.7871231168640612,0.7534352,0.8193,0.8209127356844901,0.8192999999999999,0.8251977740995395,0.8193,0.8193,0.8193,0.8209127356844902,0.8193,0.8251977740995395,0.8786494,0.6976,0.6981356077522787,0.6976000000000001,0.7474149419826143,0.6976,0.6976,0.6976,0.6981356077522786,0.6976,0.747414941982614,1.037866,0.7724,0.7737670452598651,0.7724,0.7954766748911509,0.7724,0.7724,0.7724,0.7737670452598651,0.7724,0.7954766748911509
30,99,1,2000.8431522657236,1916.5279256960025,0.62859553,0.7837,0.784780978038373,0.7837,0.7874692876780747,0.7837,0.7837,0.7837,0.784780978038373,0.7837,0.7874692876780749,0.7545677,0.819,0.8199380155435139,0.819,0.8225828692874819,0.819,0.819,0.819,0.8199380155435138,0.819,0.822582869287482,0.8462001,0.7057,0.7052184273396327,0.7057,0.7554181249776578,0.7057,0.7057,0.7057,0.7052184273396328,0.7057,0.7554181249776578,1.0511748,0.7664,0.7683317750926111,0.7664,0.7958438205459801,0.7664,0.7664,0.7664,0.7683317750926111,0.7664,0.7958438205459801
31,99,1,2000.8815595084666,1912.7256086645264,0.6460472,0.7715,0.7754213647351278,0.7715,0.7832199136845406,0.7715000000000001,0.7715,0.7715,0.7754213647351278,0.7715,0.7832199136845407,0.73723555,0.8198,0.8208030156431452,0.8198000000000001,0.8236886745581022,0.8198,0.8198,0.8198,0.8208030156431452,0.8198,0.8236886745581024,0.9463625,0.6666,0.6669568663283136,0.6666000000000001,0.7395826185495259,0.6666,0.6666,0.6666,0.6669568663283135,0.6666,0.7395826185495257,0.9809333,0.7727,0.7753541990652377,0.7727,0.8007340933812943,0.7727,0.7727,0.7727,0.7753541990652376,0.7727,0.8007340933812943
32,99,1,2000.875710765981,1913.3046341706145,0.62997425,0.7791,0.7800281012807363,0.7790999999999999,0.7816648241686156,0.7791,0.7791,0.7791,0.7800281012807364,0.7791,0.7816648241686156,0.73454094,0.8225,0.8234492324633045,0.8225,0.8260775129729456,0.8225,0.8225,0.8225,0.8234492324633044,0.8225,0.8260775129729456,0.8934343,0.6858,0.68220006105287,0.6858000000000002,0.7516320990790715,0.6858,0.6858,0.6858,0.68220006105287,0.6858,0.7516320990790714,1.0157906,0.773,0.7771800579842052,0.7729999999999999,0.8062315005664482,0.7729999999999999,0.773,0.773,0.7771800579842051,0.773,0.8062315005664482
33,99,1,2000.875828757168,1913.2929530433853,0.6305576,0.7812,0.7826032949076194,0.7812,0.7860887252888975,0.7812000000000001,0.7812,0.7812,0.7826032949076194,0.7812,0.7860887252888975,0.70613784,0.8229,0.8237169654056536,0.8229,0.8258715451663841,0.8229,0.8229,0.8229,0.8237169654056535,0.8229,0.8258715451663841,1.028555,0.6612,0.6530428158403179,0.6611999999999999,0.747266378232497,0.6612,0.6612,0.6612,0.6530428158403181,0.6612,0.747266378232497,1.0163049,0.7582,0.7639334547900705,0.7581999999999999,0.8043007972664101,0.7582,0.7582,0.7582,0.7639334547900706,0.7582,0.8043007972664101
34,99,1,2000.8634689060773,1914.5165783014447,0.63267434,0.7792,0.7815063771263201,0.7792,0.7853763662921455,0.7792,0.7792,0.7792,0.7815063771263201,0.7792,0.7853763662921455,0.72929406,0.8248,0.8253941299707164,0.8248000000000001,0.8281387203848523,0.8248,0.8248,0.8248,0.8253941299707163,0.8248,0.8281387203848524,1.1140114,0.6182,0.628727906358695,0.6182000000000001,0.757764541060882,0.6182,0.6182,0.6182,0.6287279063586949,0.6182,0.7577645410608821,1.0510715,0.7646,0.7702938934534868,0.7646,0.8109034437416952,0.7646000000000001,0.7646,0.7646,0.7702938934534869,0.7646,0.8109034437416951
35,99,1,2000.8858919921815,1912.2966927771315,0.6198549,0.7882,0.78907096365628,0.7882,0.7910906437902443,0.7882,0.7882,0.7882,0.78907096365628,0.7882,0.7910906437902443,0.7343579,0.8205,0.8217738490115959,0.8204999999999998,0.8249701568089607,0.8204999999999999,0.8205,0.8205,0.8217738490115957,0.8205,0.8249701568089606,0.9708541,0.6673,0.6653842049455418,0.6673,0.7492863383426844,0.6673,0.6673,0.6673,0.665384204945542,0.6673,0.7492863383426844,1.0434439,0.7581,0.7641637795741006,0.7581,0.8027008083083386,0.7581000000000001,0.7581,0.7581,0.7641637795741005,0.7581,0.8027008083083387
36,99,1,2000.8979230009977,1911.1056229044675,0.6186709,0.7809,0.7822443006190715,0.7808999999999999,0.7858247881153992,0.7809,0.7809,0.7809,0.7822443006190714,0.7809,0.7858247881153994,0.75181085,0.82,0.8214108525585957,0.82,0.8250780079325528,0.82,0.82,0.82,0.8214108525585958,0.82,0.8250780079325526,0.9538411,0.6736,0.6728337066912847,0.6736,0.7406943180441518,0.6736,0.6736,0.6736,0.6728337066912847,0.6736,0.7406943180441516,1.1180522,0.7424,0.7488046357643092,0.7424,0.7955799630477477,0.7424,0.7424,0.7424,0.7488046357643092,0.7424,0.7955799630477478
37,99,1,2000.9206668612323,1908.8539807412417,0.6380321,0.7799,0.782944480621296,0.7798999999999999,0.789484303751243,0.7799,0.7799,0.7799,0.782944480621296,0.7799,0.7894843037512431,0.72338086,0.8248,0.8260469869947077,0.8248,0.8288970464251644,0.8248,0.8248,0.8248,0.8260469869947077,0.8248,0.8288970464251645,0.98373127,0.6631,0.6677482666308444,0.6631,0.7468881200729761,0.6631,0.6631,0.6631,0.6677482666308444,0.6631,0.7468881200729761,1.0323172,0.7692,0.7730956950156493,0.7692,0.8035957895862307,0.7692,0.7692,0.7692,0.7730956950156496,0.7692,0.8035957895862306
38,99,1,2000.9753647809173,1903.4388866926042,0.640832,0.7791,0.7826546444385517,0.7791,0.7907049608610818,0.7791,0.7791,0.7791,0.7826546444385518,0.7791,0.7907049608610817,0.7192816,0.82,0.8212873425751305,0.82,0.8243819873103921,0.82,0.82,0.82,0.8212873425751306,0.82,0.8243819873103921,0.96926075,0.6686,0.6759874067347664,0.6686,0.7553372755519556,0.6686,0.6686,0.6686,0.6759874067347665,0.6686,0.7553372755519557,1.0511227,0.7758,0.7787945078959321,0.7758,0.8035989735439827,0.7758,0.7758,0.7758,0.7787945078959321,0.7758,0.8035989735439826
39,99,1,2000.9704135538614,1903.9290581710384,0.61973464,0.7853,0.7877458149907535,0.7853,0.7933350482411536,0.7853,0.7853,0.7853,0.7877458149907535,0.7853,0.7933350482411538,0.7345734,0.8217,0.8226819595399715,0.8217000000000001,0.8250561396763627,0.8217,0.8217,0.8217,0.8226819595399715,0.8217,0.8250561396763626,0.99978065,0.6653,0.6645099393481921,0.6653,0.753211003409265,0.6653,0.6653,0.6653,0.6645099393481922,0.6653,0.753211003409265,1.0899659,0.7663,0.7682726103254705,0.7663,0.7998412564735649,0.7663,0.7663,0.7663,0.7682726103254703,0.7663,0.7998412564735649
40,99,1,2000.9658637915334,1904.3794846417081,0.62697303,0.7803,0.7825710712634374,0.7802999999999999,0.7868561469044317,0.7803,0.7803,0.7803,0.7825710712634374,0.7803,0.7868561469044317,0.73738873,0.8259,0.8268574736425116,0.8259000000000001,0.8290710799947376,0.8259,0.8259,0.8259,0.8268574736425115,0.8259,0.8290710799947375,0.9031926,0.6924,0.6900575681151184,0.6923999999999999,0.7504154227872311,0.6924,0.6924,0.6924,0.6900575681151185,0.6924,0.7504154227872311,1.1196626,0.7714,0.7755107075963473,0.7714000000000001,0.79724318782354,0.7714,0.7714,0.7714,0.7755107075963474,0.7714,0.79724318782354
41,99,1,2000.9822228543608,1902.759937421885,0.63132864,0.7798,0.7817026167226684,0.7798,0.7857829215070652,0.7798,0.7798,0.7798,0.7817026167226684,0.7798,0.7857829215070652,0.72755915,0.8235,0.8240747439648819,0.8234999999999999,0.8258373089390695,0.8235,0.8235,0.8235,0.824074743964882,0.8235,0.8258373089390694,0.96714336,0.672,0.6769539089680731,0.6719999999999999,0.7426455677719013,0.672,0.672,0.672,0.676953908968073,0.672,0.7426455677719014,1.0105633,0.783,0.7844951198459658,0.783,0.8018999965580692,0.7829999999999999,0.783,0.783,0.7844951198459658,0.783,0.8018999965580692
42,99,1,2000.974669543763,1903.5077151712078,0.62482727,0.7821,0.7831968757099439,0.7821,0.7862800822293627,0.7821,0.7821,0.7821,0.7831968757099439,0.7821,0.7862800822293627,0.7306663,0.8273,0.8283138563209835,0.8272999999999999,0.8308232011125579,0.8273,0.8273,0.8273,0.8283138563209835,0.8273,0.8308232011125579,0.9582083,0.6782,0.6829356492255874,0.6782,0.7509832078683116,0.6782,0.6782,0.6782,0.6829356492255874,0.6782,0.7509832078683116,0.9898588,0.7853,0.7863793370330228,0.7853000000000001,0.8058650775929663,0.7853,0.7853,0.7853,0.7863793370330227,0.7853,0.8058650775929664
43,99,1,2000.9732832657783,1903.6449566917997,0.64067286,0.7753,0.7778998623997191,0.7753,0.7836851412351419,0.7753,0.7753,0.7753,0.7778998623997193,0.7753,0.7836851412351421,0.72877157,0.8207,0.8217198044255358,0.8207000000000001,0.8245361382836276,0.8207,0.8207,0.8207,0.8217198044255357,0.8207,0.8245361382836276,0.9000174,0.6854,0.6878051087752338,0.6853999999999999,0.7468698095165274,0.6854,0.6854,0.6854,0.6878051087752338,0.6854,0.7468698095165274,1.0283923,0.7785,0.780923301014187,0.7785,0.8086619206614893,0.7785,0.7785,0.7785,0.780923301014187,0.7785,0.8086619206614893
44,99,1,2000.9795623999046,1903.023322413406,0.6192328,0.7828,0.7839470941329169,0.7828,0.7871128494943076,0.7828,0.7828,0.7828,0.7839470941329169,0.7828,0.7871128494943076,0.71481955,0.8242,0.8253186635256992,0.8241999999999999,0.8279873223792669,0.8242,0.8242,0.8242,0.825318663525699,0.8242,0.8279873223792666,1.041871,0.6485,0.6487760321074603,0.6485,0.7525733823699745,0.6485,0.6485,0.6485,0.6487760321074603,0.6485,0.7525733823699746,0.9802329,0.7846,0.7879492372270541,0.7846,0.8101908945259035,0.7846,0.7846,0.7846,0.7879492372270541,0.7846,0.8101908945259034
45,99,1,2001.00462320054,1900.5423031507182,0.6306892,0.7789,0.7816817150096111,0.7788999999999999,0.7901550935707087,0.7789,0.7789,0.7789,0.7816817150096111,0.7789,0.7901550935707087,0.7227466,0.8262,0.8271518178709142,0.8262,0.8298887020882969,0.8262,0.8262,0.8262,0.8271518178709142,0.8262,0.829888702088297,0.9263893,0.6812,0.6897647331021004,0.6811999999999999,0.7609957635041864,0.6812,0.6812,0.6812,0.6897647331021003,0.6812,0.7609957635041865,0.96920115,0.783,0.7868537158299078,0.783,0.8096170392005929,0.7829999999999999,0.783,0.783,0.7868537158299078,0.783,0.8096170392005928
46,99,1,2000.9957967317753,1901.4161235583872,0.6199442,0.7843,0.7863442370770122,0.7843,0.7915960464297764,0.7843,0.7843,0.7843,0.7863442370770121,0.7843,0.7915960464297763,0.7257234,0.8229,0.8239978214226026,0.8229000000000001,0.8266475588069098,0.8229,0.8229,0.8229,0.8239978214226027,0.8229,0.8266475588069099,0.8899162,0.6829,0.7005255684433995,0.6829000000000001,0.7774953584560655,0.6829,0.6829,0.6829,0.7005255684433994,0.6829,0.7774953584560655,1.0267162,0.7753,0.7785759476752511,0.7753000000000001,0.8021432698414046,0.7753,0.7753,0.7753,0.7785759476752513,0.7753,0.8021432698414044
47,99,1,2001.0213476321067,1898.8865844255836,0.6233547,0.7775,0.7796955824733457,0.7775000000000001,0.7847806633222576,0.7775,0.7775,0.7775,0.7796955824733459,0.7775,0.7847806633222577,0.73028606,0.823,0.8239655415465155,0.8230000000000001,0.8262378023930326,0.823,0.823,0.823,0.8239655415465155,0.823,0.8262378023930325,1.0526743,0.6321,0.6350478167947288,0.6321,0.7460297709411932,0.6321,0.6321,0.6321,0.6350478167947289,0.6321,0.7460297709411933,1.0858207,0.7644,0.7673867982567991,0.7644,0.8000044113059014,0.7644,0.7644,0.7644,0.7673867982567992,0.7644,0.8000044113059014
48,99,1,2001.0134575976356,1899.6676978383393,0.6171066,0.7818,0.7843959665063329,0.7817999999999998,0.7901321877674903,0.7818,0.7818,0.7818,0.784395966506333,0.7818,0.7901321877674904,0.7213583,0.8227,0.824100757638703,0.8226999999999999,0.8266992929859841,0.8227,0.8227,0.8227,0.824100757638703,0.8227,0.8266992929859842,0.8412418,0.7175,0.7203061350803182,0.7175,0.7573790480275469,0.7175,0.7175,0.7175,0.7203061350803182,0.7175,0.7573790480275467,1.0947858,0.7666,0.7688687988994273,0.7666000000000001,0.8005817267355715,0.7665999999999998,0.7666,0.7666,0.7688687988994273,0.7666,0.8005817267355714
49,99,1,2001.0091424900304,1900.094893491302,0.62247396,0.782,0.7843303284135895,0.782,0.7889864201071568,0.782,0.782,0.782,0.7843303284135895,0.782,0.7889864201071569,0.7268735,0.8229,0.8240925227634758,0.8229,0.8262765010407452,0.8229,0.8229,0.8229,0.824092522763476,0.8229,0.8262765010407452,1.0124837,0.6545,0.6591358501720213,0.6545,0.7642894594790166,0.6545,0.6545,0.6545,0.6591358501720211,0.6545,0.7642894594790167,1.1281126,0.7613,0.7623709584165691,0.7613,0.7986334751964824,0.7613,0.7613,0.7613,0.7623709584165691,0.7613,0.7986334751964825
50,99,1,2001.0317574126593,1897.8560161511393,0.63291913,0.7752,0.7775436326622583,0.7752,0.7839314292353371,0.7752,0.7752,0.7752,0.7775436326622582,0.7752,0.7839314292353371,0.73430544,0.8225,0.8235611648662656,0.8225,0.8258166180160919,0.8225,0.8225,0.8225,0.8235611648662657,0.8225,0.8258166180160917,1.1045512,0.6403,0.6252387418765224,0.6403,0.7526817422237523,0.6403,0.6403,0.6403,0.6252387418765225,0.6403,0.7526817422237523,1.1716373,0.7492,0.7531246656384148,0.7492,0.8041686539488457,0.7492000000000001,0.7492,0.7492,0.7531246656384148,0.7492,0.8041686539488458
51,99,1,2001.0261445639494,1898.4116881736213,0.61482483,0.7875,0.7895236393646144,0.7875000000000001,0.7947587004711127,0.7875,0.7875,0.7875,0.7895236393646144,0.7875,0.7947587004711127,0.72983885,0.8286,0.8298460932982463,0.8286,0.8323711093090118,0.8286,0.8286,0.8286,0.8298460932982463,0.8286,0.832371109309012,1.0415713,0.6439,0.6446878732373013,0.6439,0.7604280270284163,0.6439,0.6439,0.6439,0.6446878732373013,0.6439,0.7604280270284164,1.0967534,0.7785,0.7806997134984833,0.7785,0.8096815724538162,0.7785,0.7785,0.7785,0.7806997134984833,0.7785,0.8096815724538162
52,99,1,2001.0577038740987,1895.2873164688835,0.6153898,0.7855,0.7881933895399952,0.7855,0.7938631930944287,0.7855,0.7855,0.7855,0.7881933895399952,0.7855,0.7938631930944285,0.74513286,0.8261,0.8270541778901673,0.8261,0.8296463742708993,0.8261,0.8261,0.8261,0.8270541778901673,0.8261,0.8296463742708992,0.9141419,0.6918,0.6853224571133503,0.6918,0.7622430442037127,0.6918,0.6918,0.6918,0.6853224571133502,0.6918,0.7622430442037126,1.0182228,0.7897,0.7899966843894294,0.7897000000000001,0.809279190105473,0.7897,0.7897,0.7897,0.7899966843894295,0.7897,0.8092791901054729
53,99,1,2001.031222799245,1897.9089428795687,0.6111389,0.7899,0.791376333080872,0.7899,0.7945490034718812,0.7899,0.7899,0.7899,0.7913763330808719,0.7899,0.7945490034718812,0.7323094,0.825,0.8263921963367611,0.825,0.8305719089022119,0.825,0.825,0.825,0.8263921963367611,0.825,0.8305719089022118,0.921745,0.6867,0.6841480594600816,0.6867000000000001,0.768994308692011,0.6867,0.6867,0.6867,0.6841480594600816,0.6867,0.7689943086920109,1.0203714,0.7954,0.796062576598606,0.7954000000000001,0.811131977199621,0.7953999999999999,0.7954,0.7954,0.7960625765986061,0.7954,0.811131977199621
54,99,1,2001.0654186607533,1894.5235525902249,0.6248299,0.7802,0.7830998296505826,0.7802,0.7905164093950259,0.7802,0.7802,0.7802,0.7830998296505824,0.7802,0.7905164093950259,0.727279,0.824,0.8249477787944646,0.8240000000000001,0.8274568390342395,0.824,0.824,0.824,0.8249477787944645,0.824,0.8274568390342396,0.96342677,0.6703,0.673897850851448,0.6703,0.7622830960190512,0.6703,0.6703,0.6703,0.673897850851448,0.6703,0.7622830960190513,1.002136,0.786,0.7874264224669373,0.786,0.8102368872590942,0.786,0.786,0.786,0.7874264224669372,0.786,0.8102368872590942
55,99,1,2001.0591884238488,1895.1403460438146,0.60366815,0.7916,0.7932402044582016,0.7916000000000001,0.7975839960337896,0.7916,0.7916,0.7916,0.7932402044582016,0.7916,0.7975839960337896,0.73191977,0.8211,0.8223181161181945,0.8211,0.8259990099643888,0.8211,0.8211,0.8211,0.8223181161181943,0.8211,0.8259990099643888,0.9864673,0.6759,0.6709019012549107,0.6759,0.7566172381954885,0.6759,0.6759,0.6759,0.6709019012549107,0.6759,0.7566172381954884,1.0372598,0.7774,0.7799130872799839,0.7773999999999999,0.8064488887579504,0.7774,0.7774,0.7774,0.7799130872799838,0.7774,0.8064488887579503
56,99,1,2001.0511370403133,1895.9374330138771,0.6177581,0.7859,0.787634026806108,0.7859,0.7931781791351222,0.7859,0.7859,0.7859,0.7876340268061081,0.7859,0.7931781791351221,0.72855914,0.8239,0.8249051713848674,0.8239000000000001,0.8275018413143306,0.8239000000000001,0.8239,0.8239,0.8249051713848675,0.8239,0.8275018413143306,0.92390174,0.6931,0.6841869253256251,0.6931,0.7791910044553734,0.6931,0.6931,0.6931,0.6841869253256251,0.6931,0.7791910044553734,1.0443668,0.7803,0.7818518583468508,0.7803,0.8043865959919823,0.7803,0.7803,0.7803,0.7818518583468508,0.7803,0.8043865959919821
57,99,1,2001.0516714078828,1895.8845306246997,0.62545764,0.7787,0.7801773085127758,0.7787,0.7865793904270542,0.7787000000000001,0.7787,0.7787,0.7801773085127756,0.7787,0.7865793904270542,0.71723694,0.823,0.8244371645126147,0.8230000000000001,0.8281688043732244,0.823,0.823,0.823,0.8244371645126148,0.823,0.8281688043732244,0.8429051,0.7018,0.7025595836548577,0.7018,0.7690627721200768,0.7018,0.7018,0.7018,0.7025595836548577,0.7018,0.7690627721200767,0.96695447,0.7869,0.790875258712822,0.7869,0.811398732889337,0.7868999999999999,0.7869,0.7869,0.790875258712822,0.7869,0.8113987328893367
58,99,1,2001.0788046480618,1893.1983398471002,0.61763084,0.783,0.784583987494978,0.783,0.7886493252459064,0.7829999999999999,0.783,0.783,0.784583987494978,0.783,0.7886493252459065,0.72024584,0.8263,0.8273861404214831,0.8263000000000001,0.8296252655802349,0.8263,0.8263,0.8263,0.8273861404214831,0.8263,0.829625265580235,0.8864044,0.6996,0.6967635591944583,0.6996000000000001,0.7598592602130678,0.6996,0.6996,0.6996,0.6967635591944584,0.6996,0.7598592602130677,1.0180813,0.7901,0.792386189308694,0.7901,0.813329732312762,0.7901,0.7901,0.7901,0.7923861893086941,0.7901,0.813329732312762
59,99,1,2001.0814305492456,1892.9383756298348,0.59580195,0.7895,0.7919255724850232,0.7895,0.7964393755272661,0.7895,0.7895,0.7895,0.7919255724850229,0.7895,0.7964393755272661,0.7082115,0.8293,0.830269788613934,0.8292999999999999,0.8337782256813073,0.8293,0.8293,0.8293,0.830269788613934,0.8293,0.8337782256813074,0.83290774,0.7165,0.718730288741064,0.7165,0.7724039279606663,0.7165000000000001,0.7165,0.7165,0.7187302887410638,0.7165,0.7724039279606663,0.95770955,0.7931,0.7954580735030005,0.7930999999999999,0.8126644451699006,0.7931,0.7931,0.7931,0.7954580735030006,0.7931,0.8126644451699007
60,99,1,2001.0678938437165,1894.278509477376,0.6139803,0.7835,0.7863024589235412,0.7835,0.7928862398687033,0.7835000000000001,0.7835,0.7835,0.7863024589235412,0.7835,0.7928862398687033,0.71207356,0.8288,0.8297768558398186,0.8288,0.8329208009820699,0.8288,0.8288,0.8288,0.8297768558398185,0.8288,0.8329208009820697,0.88234705,0.6956,0.7043049333119343,0.6956000000000001,0.7693269684705409,0.6956,0.6956,0.6956,0.7043049333119343,0.6956,0.769326968470541,0.9702477,0.7907,0.7935442829741911,0.7907,0.814315761505906,0.7907,0.7907,0.7907,0.793544282974191,0.7907,0.8143157615059062
61,99,1,2001.090066448121,1892.0834216415249,0.59994364,0.7908,0.7919328616142673,0.7908000000000001,0.7947160398778671,0.7908,0.7908,0.7908,0.7919328616142675,0.7908,0.7947160398778671,0.7047746,0.8294,0.83022941236704,0.8294,0.832887440469786,0.8293999999999999,0.8294,0.8294,0.8302294123670401,0.8294,0.8328874404697859,0.96132696,0.6849,0.681322866300449,0.6849000000000001,0.7473802273094061,0.6849,0.6849,0.6849,0.681322866300449,0.6849,0.7473802273094063,0.9234148,0.8027,0.8038609262618813,0.8027000000000001,0.8148577084780374,0.8027000000000001,0.8027,0.8027,0.8038609262618813,0.8027,0.8148577084780374
62,99,1,2001.089108917176,1892.1782172051714,0.6123165,0.7845,0.7861433969625893,0.7845000000000001,0.7902414048126541,0.7844999999999999,0.7845,0.7845,0.7861433969625892,0.7845,0.7902414048126541,0.70372146,0.8292,0.8301193081435772,0.8291999999999999,0.8328864444468579,0.8292,0.8292,0.8292,0.8301193081435772,0.8292,0.8328864444468578,0.8204029,0.7232,0.7230185580543719,0.7232000000000001,0.75815602186565,0.7232,0.7232,0.7232,0.7230185580543719,0.7232,0.7581560218656501,1.0510373,0.7844,0.7867907432396807,0.7844,0.8089001735104482,0.7844,0.7844,0.7844,0.7867907432396807,0.7844,0.8089001735104483
63,99,1,2001.1639101388218,1884.7728962622468,0.6162736,0.7849,0.7885660532463697,0.7849,0.7979055084330298,0.7849000000000002,0.7849,0.7849,0.7885660532463697,0.7849,0.7979055084330298,0.7255771,0.8269,0.8277925306215739,0.8269,0.8300130570176467,0.8269,0.8269,0.8269,0.8277925306215739,0.8269,0.8300130570176467,0.9319466,0.6866,0.6871412628251947,0.6866,0.7594748821598422,0.6866,0.6866,0.6866,0.6871412628251946,0.6866,0.7594748821598423,1.0354307,0.7794,0.7817991731308988,0.7794000000000001,0.807049310457496,0.7793999999999999,0.7794,0.7794,0.7817991731308989,0.7794,0.807049310457496
64,99,1,2001.170803208934,1884.0904823212352,0.6084254,0.7891,0.7904003967588851,0.7890999999999999,0.793996815630168,0.7891,0.7891,0.7891,0.7904003967588851,0.7891,0.7939968156301679,0.7148486,0.8312,0.8324504763030861,0.8312000000000002,0.835885004059868,0.8312,0.8312,0.8312,0.832450476303086,0.8312,0.8358850040598681,0.98705703,0.6697,0.661961233298682,0.6697000000000001,0.7516787983556067,0.6697,0.6697,0.6697,0.6619612332986818,0.6697,0.7516787983556065,1.0399463,0.7802,0.7833270131708984,0.7802,0.8103526441312902,0.7802,0.7802,0.7802,0.7833270131708984,0.7802,0.81035264413129
65,99,1,2001.1969006938434,1881.5068313153652,0.6120984,0.7865,0.7888457603806247,0.7865,0.7949892499695033,0.7865,0.7865,0.7865,0.7888457603806247,0.7865,0.794989249969503,0.714657,0.8286,0.8298927883987286,0.8286,0.8333261688594404,0.8286,0.8286,0.8286,0.8298927883987284,0.8286,0.8333261688594404,0.94241077,0.6828,0.681188779991033,0.6828000000000001,0.7689156964340279,0.6828,0.6828,0.6828,0.6811887799910331,0.6828,0.768915696434028,0.99844444,0.7863,0.7874947176445674,0.7863,0.8082265754114102,0.7863,0.7863,0.7863,0.7874947176445675,0.7863,0.8082265754114102
66,99,1,2001.2122854108945,1879.983744327319,0.6166623,0.7833,0.7862090171968614,0.7833,0.7944048668157488,0.7833,0.7833,0.7833,0.7862090171968612,0.7833,0.7944048668157491,0.701638,0.8335,0.8341432555018408,0.8334999999999999,0.8362466842833868,0.8335,0.8335,0.8335,0.8341432555018408,0.8335,0.8362466842833867,0.91485137,0.6958,0.6922664425374186,0.6958,0.7603671253673357,0.6958,0.6958,0.6958,0.6922664425374186,0.6958,0.7603671253673355,0.97113633,0.8028,0.8028428053236647,0.8027999999999998,0.8135582795171444,0.8028,0.8028,0.8028,0.8028428053236647,0.8028,0.8135582795171443
67,99,1,2001.2101824517417,1880.1919372835778,0.6078166,0.7905,0.7924203933009475,0.7905,0.7957647251853931,0.7905,0.7905,0.7905,0.7924203933009475,0.7905,0.7957647251853932,0.72538006,0.827,0.8278891363935046,0.827,0.8306464543337926,0.827,0.827,0.827,0.8278891363935043,0.827,0.8306464543337927,0.7306192,0.7489,0.7510760539065474,0.7489,0.7810652153768445,0.7489,0.7489,0.7489,0.7510760539065474,0.7489,0.7810652153768444,1.0104991,0.7957,0.7950816980439144,0.7956999999999999,0.8113100616183531,0.7956999999999999,0.7957,0.7957,0.7950816980439144,0.7957,0.8113100616183532
68,99,1,2001.2474598417543,1876.501475672452,0.6244824,0.786,0.7891583406819797,0.786,0.7955596451319306,0.786,0.786,0.786,0.7891583406819797,0.786,0.7955596451319304,0.7165671,0.831,0.8321271518629685,0.8309999999999998,0.834734288904969,0.831,0.831,0.831,0.8321271518629685,0.831,0.8347342889049689,1.1364466,0.6177,0.6297006157591722,0.6177,0.7870388602332411,0.6177,0.6177,0.6177,0.6297006157591724,0.6177,0.787038860233241,0.9815914,0.7952,0.7951962885810271,0.7952000000000001,0.808290552382862,0.7952000000000001,0.7952,0.7952,0.7951962885810271,0.7952,0.808290552382862
69,99,1,2001.2439726508544,1876.8467075715002,0.63188785,0.7812,0.7840094365714738,0.7812000000000001,0.791206350768934,0.7812000000000001,0.7812,0.7812,0.7840094365714739,0.7812,0.7912063507689338,0.7148409,0.8286,0.8298685625822175,0.8286,0.8329375462426383,0.8286,0.8286,0.8286,0.8298685625822176,0.8286,0.8329375462426384,0.98664707,0.6682,0.6660510052807675,0.6682,0.7542083210193823,0.6682,0.6682,0.6682,0.6660510052807674,0.6682,0.7542083210193824,0.9678418,0.7924,0.7932469539950271,0.7924,0.809831188041818,0.7924,0.7924,0.7924,0.7932469539950272,0.7924,0.809831188041818
70,99,1,2001.2572835503684,1875.5289285197407,0.60689294,0.7892,0.7907753328717273,0.7892,0.7951491406391301,0.7892,0.7892,0.7892,0.7907753328717272,0.7892,0.7951491406391301,0.7018085,0.8275,0.8286258638801195,0.8275,0.8314789042115145,0.8275,0.8275,0.8275,0.8286258638801197,0.8275,0.8314789042115144,0.9761697,0.6644,0.6601788968028014,0.6643999999999999,0.7547836982655713,0.6644,0.6644,0.6644,0.6601788968028013,0.6644,0.7547836982655712,0.96838665,0.7884,0.7892289677690314,0.7883999999999999,0.8061383796759134,0.7884,0.7884,0.7884,0.7892289677690314,0.7884,0.8061383796759135
71,99,1,2001.28657357312,1872.629216267495,0.6160007,0.7857,0.7871881596281187,0.7857,0.7923696421433972,0.7857,0.7857,0.7857,0.7871881596281187,0.7857,0.7923696421433972,0.71852636,0.8229,0.8241344791273797,0.8229000000000001,0.827291026315413,0.8229,0.8229,0.8229,0.8241344791273796,0.8229,0.827291026315413,0.8227776,0.7199,0.7214413985732337,0.7199,0.7728605139511228,0.7199,0.7199,0.7199,0.7214413985732339,0.7199,0.7728605139511228,0.98277,0.7935,0.7941672198503682,0.7935,0.8083424411099747,0.7935,0.7935,0.7935,0.794167219850368,0.7935,0.8083424411099746
72,99,1,2001.28372536779,1872.9111885952477,0.62126046,0.7851,0.7872439785218197,0.7851000000000001,0.7914019314625621,0.7851,0.7851,0.7851,0.7872439785218198,0.7851,0.791401931462562,0.72612065,0.8219,0.8233673112470761,0.8219,0.8272654906308861,0.8219,0.8219,0.8219,0.8233673112470762,0.8219,0.8272654906308861,0.8230924,0.7236,0.7210355598066763,0.7236000000000001,0.7605613084314276,0.7236,0.7236,0.7236,0.7210355598066762,0.7236,0.7605613084314276,0.9913469,0.7948,0.7953417687676099,0.7947999999999998,0.8093964986277055,0.7948,0.7948,0.7948,0.7953417687676098,0.7948,0.8093964986277055
73,99,1,2001.2901351770645,1872.2766174771173,0.62966526,0.7805,0.783788585252958,0.7805,0.7922642282939993,0.7805,0.7805,0.7805,0.7837885852529581,0.7805,0.7922642282939995,0.7288598,0.8259,0.827037564522063,0.8259000000000001,0.8296282597611219,0.8259,0.8259,0.8259,0.8270375645220631,0.8259,0.829628259761122,0.86364377,0.7126,0.711916316741307,0.7126,0.7622599852260155,0.7126,0.7126,0.7126,0.7119163167413071,0.7126,0.7622599852260155,1.0136235,0.7866,0.7878815673946878,0.7866,0.8063253805590745,0.7866,0.7866,0.7866,0.7878815673946878,0.7866,0.8063253805590745
74,99,1,2001.2891605785387,1872.3731027313256,0.63992727,0.7764,0.7789917205259783,0.7764,0.7854274568977606,0.7764,0.7764,0.7764,0.7789917205259782,0.7764,0.7854274568977605,0.71721244,0.8308,0.8320547929313609,0.8308,0.8349176629348023,0.8308,0.8308,0.8308,0.8320547929313609,0.8308,0.8349176629348022,1.0446242,0.6662,0.6566850410450329,0.6662,0.7440712065683469,0.6662,0.6662,0.6662,0.6566850410450329,0.6662,0.7440712065683469,1.0556369,0.7713,0.7739160573091932,0.7713,0.8039179700764427,0.7713,0.7713,0.7713,0.7739160573091931,0.7713,0.8039179700764428
75,99,1,2001.273921600032,1873.881761603552,0.597391,0.7913,0.7932464489759912,0.7912999999999999,0.7975821127979008,0.7913,0.7913,0.7913,0.7932464489759913,0.7913,0.7975821127979008,0.7157285,0.8325,0.8337037226519242,0.8324999999999999,0.8368848383749862,0.8325,0.8325,0.8325,0.8337037226519242,0.8325,0.8368848383749861,0.91146415,0.6993,0.7039095547077883,0.6993,0.777490163895685,0.6993,0.6993,0.6993,0.7039095547077882,0.6993,0.7774901638956851,0.9914549,0.7724,0.7751788747541172,0.7724,0.8044866179427113,0.7724,0.7724,0.7724,0.7751788747541171,0.7724,0.8044866179427111
76,99,1,2001.270364125809,1874.2339515517217,0.6129829,0.7841,0.7860814507944315,0.7841,0.7942236697788434,0.7841,0.7841,0.7841,0.7860814507944315,0.7841,0.7942236697788433,0.72108704,0.8305,0.8312674175139237,0.8305,0.8335309291923394,0.8305,0.8305,0.8305,0.8312674175139239,0.8305,0.8335309291923395,0.7885965,0.7334,0.7296849992903242,0.7333999999999999,0.7680480775232251,0.7333999999999999,0.7334,0.7334,0.729684999290324,0.7334,0.7680480775232251,1.0292464,0.7763,0.7789311731620515,0.7763,0.8080430230453033,0.7763,0.7763,0.7763,0.7789311731620515,0.7763,0.8080430230453032
77,99,1,2001.2869150080821,1872.5954142066896,0.602732,0.7916,0.7922843111016986,0.7916000000000001,0.7941879350778052,0.7916,0.7916,0.7916,0.7922843111016986,0.7916,0.7941879350778052,0.70593584,0.8275,0.8287671493568389,0.8275,0.8319510354776686,0.8275,0.8275,0.8275,0.8287671493568388,0.8275,0.8319510354776687,0.9523256,0.697,0.6911510033246538,0.697,0.7697199994830399,0.697,0.697,0.697,0.6911510033246538,0.697,0.76971999948304,0.9775833,0.7903,0.7917405776847685,0.7903,0.8086898688348463,0.7903,0.7903,0.7903,0.7917405776847685,0.7903,0.8086898688348462
78,99,1,2001.3049328353866,1870.811649303726,0.6079114,0.7883,0.7916145703649989,0.7883,0.7986249380108045,0.7883,0.7883,0.7883,0.7916145703649988,0.7883,0.7986249380108045,0.7130193,0.8283,0.8294532365220807,0.8283000000000001,0.8320674949497471,0.8283,0.8283,0.8283,0.8294532365220806,0.8283,0.8320674949497472,0.8294699,0.7172,0.7229615611791417,0.7171999999999998,0.7796237386133211,0.7172,0.7172,0.7172,0.7229615611791417,0.7172,0.7796237386133211,0.9978377,0.784,0.7864836920714438,0.784,0.8054918071945811,0.7840000000000001,0.784,0.784,0.7864836920714438,0.784,0.8054918071945811
79,99,1,2001.348166869891,1866.5314798879413,0.6008347,0.7899,0.7910686630055956,0.7899,0.7950813301923297,0.7899,0.7899,0.7899,0.7910686630055956,0.7899,0.7950813301923296,0.703265,0.8265,0.8280683305944546,0.8265,0.8318235182486411,0.8265,0.8265,0.8265,0.8280683305944545,0.8265,0.8318235182486413,0.8938996,0.7024,0.7047911661111524,0.7024,0.762562447793609,0.7024,0.7024,0.7024,0.7047911661111526,0.7024,0.7625624477936089,0.955643,0.7806,0.7838608247245783,0.7806000000000001,0.8052762936803196,0.7806,0.7806,0.7806,0.7838608247245785,0.7806,0.8052762936803197
80,99,1,2001.352251616645,1866.1270899594379,0.6217135,0.7837,0.7873026671559267,0.7837000000000001,0.7968236901553856,0.7837,0.7837,0.7837,0.7873026671559268,0.7837,0.7968236901553856,0.7178703,0.8302,0.8314935588490909,0.8301999999999999,0.834755410065906,0.8302,0.8302,0.8302,0.8314935588490909,0.8302,0.8347554100659059,0.9301336,0.6815,0.6847195510008475,0.6815,0.7590393245866639,0.6815,0.6815,0.6815,0.6847195510008475,0.6815,0.7590393245866639,1.0631285,0.7748,0.7777122202807336,0.7747999999999999,0.8065160097067097,0.7747999999999999,0.7748,0.7748,0.7777122202807336,0.7748,0.8065160097067096
81,99,1,2001.3446367402744,1866.880962720217,0.6240452,0.7835,0.7861354012126014,0.7835000000000001,0.7925124182208172,0.7835000000000001,0.7835,0.7835,0.7861354012126013,0.7835,0.792512418220817,0.7160854,0.8282,0.8294980197091076,0.8282,0.8328875166444349,0.8282,0.8282,0.8282,0.8294980197091075,0.8282,0.8328875166444349,0.920434,0.6884,0.6946604888147089,0.6884,0.7640875032465269,0.6884,0.6884,0.6884,0.694660488814709,0.6884,0.7640875032465267,1.0377742,0.7761,0.7785957312068463,0.7761,0.80498541901759,0.7761,0.7761,0.7761,0.7785957312068462,0.7761,0.80498541901759
82,99,1,2001.3675919171314,1864.6084002114453,0.61498016,0.7864,0.7903640280510391,0.7864,0.7981726240598387,0.7864,0.7864,0.7864,0.7903640280510391,0.7864,0.7981726240598388,0.7200085,0.8253,0.8266099676469565,0.8253,0.8300638051179444,0.8253,0.8253,0.8253,0.8266099676469565,0.8253,0.8300638051179445,0.8332353,0.7196,0.7224683157098266,0.7196,0.7693525711813406,0.7195999999999999,0.7196,0.7196,0.7224683157098265,0.7196,0.7693525711813406,1.103754,0.7678,0.7717748552262582,0.7678,0.8063802398798179,0.7678,0.7678,0.7678,0.7717748552262584,0.7678,0.8063802398798178
83,99,1,2001.3691660483503,1864.4525612207067,0.62207216,0.7863,0.7887303755528647,0.7863,0.7937664027526781,0.7863,0.7863,0.7863,0.7887303755528648,0.7863,0.793766402752678,0.7244299,0.8266,0.8280591247837872,0.8266,0.8320110787786247,0.8266,0.8266,0.8266,0.8280591247837872,0.8266,0.8320110787786247,0.9308365,0.6998,0.7059927260714698,0.6998,0.7740662338489867,0.6998,0.6998,0.6998,0.7059927260714699,0.6998,0.7740662338489865,1.1445951,0.7629,0.7675531032015674,0.7629,0.8063739251469354,0.7629,0.7629,0.7629,0.7675531032015676,0.7629,0.8063739251469355
84,99,1,2001.3931207983528,1862.0810409706787,0.6166957,0.7857,0.7879546131232927,0.7857000000000001,0.7943231788113956,0.7857,0.7857,0.7857,0.7879546131232927,0.7857,0.7943231788113957,0.7173495,0.827,0.8276994400442534,0.827,0.8295453725081469,0.827,0.827,0.827,0.8276994400442534,0.827,0.8295453725081469,1.1795542,0.6229,0.6337577850583982,0.6229,0.7813349974136395,0.6229,0.6229,0.6229,0.6337577850583982,0.6229,0.7813349974136394,1.1077834,0.7651,0.7694900939931106,0.7651,0.8048559702575195,0.7651,0.7651,0.7651,0.7694900939931106,0.7651,0.8048559702575195
85,99,1,2001.4333936104103,1858.0940325770653,0.5957805,0.7961,0.7972900714201706,0.7960999999999999,0.7997351362271596,0.7961,0.7961,0.7961,0.7972900714201706,0.7961,0.7997351362271596,0.7220846,0.8267,0.8276980235494706,0.8267,0.8307944559224556,0.8267,0.8267,0.8267,0.8276980235494708,0.8267,0.8307944559224556,1.0117853,0.6752,0.6711725900513182,0.6752,0.7741893748355516,0.6752,0.6752,0.6752,0.6711725900513184,0.6752,0.7741893748355515,1.053224,0.774,0.777418271403326,0.774,0.804270798912958,0.774,0.774,0.774,0.777418271403326,0.774,0.8042707989129579
86,99,1,2001.4264107359447,1858.7853371493206,0.6005067,0.7907,0.7920376348116067,0.7907,0.7948073444870195,0.7907,0.7907,0.7907,0.7920376348116067,0.7907,0.7948073444870194,0.7114469,0.8262,0.8276574148277838,0.8262,0.8309873101752082,0.8262,0.8262,0.8262,0.827657414827784,0.8262,0.8309873101752082,0.8403255,0.7225,0.718452773589561,0.7225,0.7727314718753066,0.7225,0.7225,0.7225,0.718452773589561,0.7225,0.7727314718753066,1.0592904,0.7689,0.7732310965975067,0.7688999999999999,0.8030005349603412,0.7689000000000001,0.7689,0.7689,0.7732310965975068,0.7689,0.8030005349603412
87,99,1,2001.4539797398356,1856.0560057642185,0.64110625,0.7786,0.7816765763477387,0.7786000000000001,0.7874923161455295,0.7786,0.7786,0.7786,0.7816765763477386,0.7786,0.7874923161455294,0.71316963,0.826,0.8276123710020984,0.826,0.8315913563880629,0.826,0.826,0.826,0.8276123710020984,0.826,0.8315913563880629,0.953417,0.6762,0.6724194658463074,0.6762000000000001,0.7453504890832133,0.6762,0.6762,0.6762,0.6724194658463074,0.6762,0.7453504890832132,1.0502586,0.774,0.7770808945066285,0.774,0.8030136064468201,0.774,0.774,0.774,0.7770808945066285,0.774,0.80301360644682
88,99,1,2001.458462130502,1855.6122490882929,0.62531143,0.7803,0.78246378496045,0.7803,0.7878472073602735,0.7803,0.7803,0.7803,0.7824637849604502,0.7803,0.7878472073602735,0.73262364,0.8246,0.8259909664226284,0.8246,0.8293784361540484,0.8246,0.8246,0.8246,0.8259909664226283,0.8246,0.8293784361540484,0.7673935,0.7389,0.7429472988255231,0.7389000000000001,0.7761931958756961,0.7389,0.7389,0.7389,0.7429472988255232,0.7389,0.7761931958756961,1.0712979,0.7704,0.7743906879502671,0.7703999999999999,0.8026151526299896,0.7704,0.7704,0.7704,0.7743906879502671,0.7704,0.8026151526299897
89,99,1,2001.486979296896,1852.7890496153307,0.61149085,0.788,0.7899805881972589,0.788,0.7941253030076754,0.788,0.788,0.788,0.789980588197259,0.788,0.7941253030076753,0.71901906,0.8285,0.8298146246415129,0.8285,0.8336010675621109,0.8285,0.8285,0.8285,0.8298146246415128,0.8285,0.8336010675621109,0.7691213,0.7337,0.738611143396359,0.7337,0.7688760297189045,0.7337,0.7337,0.7337,0.7386111433963589,0.7337,0.7688760297189043,1.0655215,0.7742,0.7769809618706984,0.7742000000000001,0.8024913115292798,0.7742000000000001,0.7742,0.7742,0.7769809618706983,0.7742,0.8024913115292795
90,99,1,2001.4772007796603,1853.7571228218535,0.59469,0.7915,0.7935945438420386,0.7915,0.7978936024565046,0.7915,0.7915,0.7915,0.7935945438420386,0.7915,0.7978936024565046,0.7170333,0.8316,0.8327471521414264,0.8316000000000001,0.8357397854522709,0.8316,0.8316,0.8316,0.8327471521414265,0.8316,0.8357397854522709,0.8927371,0.6978,0.7022347065152015,0.6978,0.7666176316043921,0.6978,0.6978,0.6978,0.7022347065152015,0.6978,0.766617631604392,1.088638,0.7736,0.7759444076991695,0.7735999999999998,0.8016146798902326,0.7736,0.7736,0.7736,0.7759444076991695,0.7736,0.8016146798902326
91,99,1,2001.498237772009,1851.674460579269,0.6086708,0.7889,0.7920207552161366,0.7888999999999999,0.7987328813572071,0.7889,0.7889,0.7889,0.7920207552161367,0.7889,0.798732881357207,0.7179844,0.8289,0.8303556466994204,0.8289,0.8341728294598505,0.8289,0.8289,0.8289,0.8303556466994203,0.8289,0.8341728294598506,0.9722873,0.6785,0.6767887490204579,0.6785,0.7496154923852083,0.6785,0.6785,0.6785,0.6767887490204579,0.6785,0.7496154923852083,1.1134636,0.7651,0.7705371782911226,0.7651,0.8036011548414063,0.7651,0.7651,0.7651,0.7705371782911226,0.7651,0.8036011548414064
92,99,1,2001.4901383410142,1852.476304247884,0.5902406,0.7957,0.7969553737175791,0.7957,0.7994912244126116,0.7956999999999999,0.7957,0.7957,0.796955373717579,0.7957,0.7994912244126116,0.71275216,0.8292,0.8301388325800143,0.8291999999999999,0.8328900100179505,0.8292,0.8292,0.8292,0.8301388325800144,0.8292,0.8328900100179504,0.83732265,0.7156,0.7141602273866898,0.7156,0.7672149867273174,0.7156,0.7156,0.7156,0.7141602273866898,0.7156,0.7672149867273174,1.0816405,0.7695,0.7739365739163427,0.7695,0.8025328592735936,0.7695,0.7695,0.7695,0.7739365739163427,0.7695,0.8025328592735937
93,99,1,2001.4755164689236,1853.9238695850152,0.5918203,0.796,0.7975261504556743,0.796,0.8019070227922475,0.796,0.796,0.796,0.7975261504556743,0.796,0.8019070227922476,0.72990376,0.8269,0.8283041551003614,0.8269000000000002,0.8312955298649201,0.8269,0.8269,0.8269,0.8283041551003613,0.8269,0.8312955298649202,0.84640783,0.7165,0.7178606155721613,0.7165,0.7674811551839091,0.7165000000000001,0.7165,0.7165,0.7178606155721613,0.7165,0.7674811551839091,1.1249945,0.7645,0.7699282968922814,0.7645,0.8023640383777233,0.7645,0.7645,0.7645,0.7699282968922815,0.7645,0.8023640383777232
94,99,1,2001.4888372676705,1852.6051105090771,0.59868807,0.7947,0.7971575940179567,0.7947,0.8012483636518011,0.7946999999999999,0.7947,0.7947,0.7971575940179567,0.7947,0.8012483636518012,0.7308958,0.8244,0.826097970606064,0.8244,0.8306378547501326,0.8244,0.8244,0.8244,0.8260979706060639,0.8244,0.8306378547501326,0.83003557,0.7266,0.7243830928041599,0.7266,0.7729711417577401,0.7265999999999999,0.7266,0.7266,0.7243830928041599,0.7266,0.7729711417577401,1.1480795,0.7635,0.768248424816275,0.7635,0.8010189240420343,0.7635,0.7635,0.7635,0.768248424816275,0.7635,0.8010189240420345
95,99,1,2001.490334795044,1852.456855299202,0.6278628,0.7835,0.7871179166584292,0.7835000000000001,0.7945934416239756,0.7835000000000001,0.7835,0.7835,0.7871179166584292,0.7835,0.7945934416239756,0.7058717,0.8311,0.8321604251624416,0.8311,0.8348141626416858,0.8311,0.8311,0.8311,0.8321604251624414,0.8311,0.8348141626416858,0.8221706,0.7235,0.7299808356356614,0.7234999999999998,0.7759209296163727,0.7235,0.7235,0.7235,0.7299808356356614,0.7235,0.7759209296163726,1.0980105,0.7689,0.7732015998457669,0.7689,0.8056124693415467,0.7689000000000001,0.7689,0.7689,0.7732015998457669,0.7689,0.8056124693415467
96,99,1,2001.518018588128,1849.7161597839668,0.6059273,0.7907,0.7930846742680322,0.7907,0.7977995424574214,0.7907,0.7907,0.7907,0.7930846742680322,0.7907,0.7977995424574214,0.7089032,0.8308,0.832054547309038,0.8308,0.8348264610070283,0.8308,0.8308,0.8308,0.8320545473090382,0.8308,0.8348264610070281,0.7754723,0.7316,0.7370712626410685,0.7316,0.7758299056057609,0.7316,0.7316,0.7316,0.7370712626410686,0.7316,0.7758299056057608,1.0890777,0.7708,0.7755945468796781,0.7707999999999999,0.8083678962977568,0.7708,0.7708,0.7708,0.7755945468796781,0.7708,0.808367896297757
97,99,1,2001.547369031893,1846.8104658513303,0.6089479,0.7882,0.7895732993913233,0.7882,0.7929332062377944,0.7882,0.7882,0.7882,0.7895732993913231,0.7882,0.7929332062377945,0.7000244,0.8288,0.830121213435324,0.8288,0.8329506961471498,0.8288,0.8288,0.8288,0.8301212134353239,0.8288,0.8329506961471499,0.8211119,0.7227,0.7233710355152458,0.7226999999999999,0.7640757374830177,0.7226999999999999,0.7227,0.7227,0.723371035515246,0.7227,0.7640757374830178,1.1142235,0.7643,0.7692010272550087,0.7643,0.8047212235401604,0.7643,0.7643,0.7643,0.7692010272550086,0.7643,0.8047212235401603
98,99,1,2001.5734969421026,1844.2238027406738,0.618701,0.7834,0.7862870143062158,0.7834000000000001,0.7934550566847995,0.7834,0.7834,0.7834,0.7862870143062158,0.7834,0.7934550566847995,0.7104182,0.8247,0.8263069729150964,0.8247,0.830553288594607,0.8247,0.8247,0.8247,0.8263069729150964,0.8247,0.830553288594607,0.8632072,0.7007,0.7024850163898932,0.7007,0.7663369756543263,0.7007,0.7007,0.7007,0.7024850163898932,0.7007,0.7663369756543263,1.1426528,0.7553,0.7609700074352578,0.7553,0.8024940379857421,0.7553,0.7553,0.7553,0.7609700074352579,0.7553,0.802494037985742
99,99,1,2001.5673256905716,1844.8347566423467,0.6080922,0.7882,0.7899570561823122,0.7882,0.793495411152398,0.7882,0.7882,0.7882,0.7899570561823122,0.7882,0.7934954111523979,0.7183607,0.8198,0.8212473363013981,0.8198000000000001,0.8250288422966241,0.8198,0.8198,0.8198,0.8212473363013981,0.8198,0.825028842296624,0.8366006,0.7226,0.7289246464817448,0.7225999999999999,0.768291726264272,0.7226,0.7226,0.7226,0.7289246464817448,0.7226,0.768291726264272,1.164994,0.7515,0.7583477152181765,0.7515000000000001,0.8021617452062764,0.7515,0.7515,0.7515,0.7583477152181763,0.7515,0.8021617452062763
100,99,1,2001.5788442696794,1843.6944173107179,0.61283135,0.7855,0.786710108699991,0.7855,0.7907230750893669,0.7855,0.7855,0.7855,0.786710108699991,0.7855,0.7907230750893668,0.7367627,0.8272,0.8281624113846922,0.8272,0.831365277854287,0.8272,0.8272,0.8272,0.8281624113846923,0.8272,0.8313652778542872,0.8337445,0.7205,0.7188645352602644,0.7205,0.7621276525292946,0.7205,0.7205,0.7205,0.7188645352602645,0.7205,0.7621276525292945,1.1036826,0.7603,0.7654158180965007,0.7603,0.8045373646507871,0.7602999999999999,0.7603,0.7603,0.7654158180965007,0.7603,0.804537364650787
101,99,1,2001.563596914142,1845.2039055089572,0.61111194,0.7876,0.7898273533952089,0.7876000000000001,0.7940716365853081,0.7876,0.7876,0.7876,0.7898273533952089,0.7876,0.7940716365853081,0.70890874,0.8271,0.8280654390148332,0.8271000000000001,0.8313882580301847,0.8271,0.8271,0.8271,0.8280654390148333,0.8271,0.8313882580301847,0.92194825,0.6877,0.6998179963788427,0.6877,0.7789907366103395,0.6877,0.6877,0.6877,0.6998179963788426,0.6877,0.7789907366103394,1.0536723,0.7723,0.7760534216145342,0.7723,0.8056698374934597,0.7723,0.7723,0.7723,0.7760534216145342,0.7723,0.8056698374934597
102,99,1,2001.5558029631059,1845.9755066616235,0.6081185,0.7855,0.7880378666375751,0.7855000000000001,0.7942996303666864,0.7855,0.7855,0.7855,0.788037866637575,0.7855,0.7942996303666865,0.7111264,0.8272,0.8283495536371575,0.8272,0.8314359935926834,0.8272,0.8272,0.8272,0.8283495536371577,0.8272,0.8314359935926834,0.92985237,0.6884,0.6989289548117861,0.6883999999999999,0.7792094787266132,0.6884,0.6884,0.6884,0.6989289548117861,0.6884,0.7792094787266133,1.0745974,0.7744,0.7780430317293563,0.7743999999999999,0.8063530516432053,0.7744000000000001,0.7744,0.7744,0.7780430317293562,0.7744,0.8063530516432051
103,99,1,2001.5532930063723,1846.2239923783432,0.5865502,0.7962,0.7985771319174684,0.7962,0.8043185233438827,0.7962,0.7962,0.7962,0.7985771319174684,0.7962,0.8043185233438827,0.7302256,0.8303,0.831451973561099,0.8303,0.8344912734249977,0.8303,0.8303,0.8303,0.8314519735610989,0.8303,0.8344912734249977,0.83614534,0.7145,0.7184755694536398,0.7144999999999999,0.7773728917493319,0.7145,0.7145,0.7145,0.7184755694536399,0.7145,0.7773728917493319,1.082152,0.7758,0.7792323684265302,0.7758,0.8050915515673992,0.7758,0.7758,0.7758,0.7792323684265303,0.7758,0.8050915515673991
104,99,1,2001.5793728493518,1843.642087923475,0.61347306,0.7873,0.789961813983881,0.7873000000000001,0.7959195908817663,0.7873,0.7873,0.7873,0.7899618139838811,0.7873,0.7959195908817662,0.71591973,0.8269,0.8278187138489184,0.8269,0.8305260724515824,0.8269,0.8269,0.8269,0.8278187138489181,0.8269,0.8305260724515825,0.8733251,0.7089,0.7101350013127654,0.7089,0.7646965137182825,0.7089000000000001,0.7089,0.7089,0.7101350013127653,0.7089,0.7646965137182826,1.1777357,0.7602,0.766154392744575,0.7602,0.8018113845381271,0.7602,0.7602,0.7602,0.7661543927445749,0.7602,0.8018113845381271
105,99,1,2001.6018330428865,1841.4185287636528,0.5960886,0.7959,0.7970762643514285,0.7959,0.7992134053494391,0.7959,0.7959,0.7959,0.7970762643514284,0.7959,0.7992134053494391,0.7248954,0.827,0.828021867163533,0.827,0.8309362884420282,0.827,0.827,0.827,0.828021867163533,0.827,0.8309362884420282,0.8455939,0.7169,0.7186365766971516,0.7169,0.776692837269438,0.7169,0.7169,0.7169,0.7186365766971515,0.7169,0.7766928372694379,1.1686565,0.7535,0.7598910740834453,0.7535000000000001,0.8031490651405999,0.7535,0.7535,0.7535,0.7598910740834453,0.7535,0.8031490651406
106,99,1,2001.5953812749174,1842.0572537926716,0.6175722,0.7852,0.787893037816216,0.7852,0.7942728425546265,0.7852,0.7852,0.7852,0.7878930378162159,0.7852,0.7942728425546264,0.7034709,0.8299,0.8310168490510821,0.8299,0.8341923515042952,0.8298999999999999,0.8299,0.8299,0.831016849051082,0.8299,0.8341923515042953,0.9441198,0.6862,0.6914496492801889,0.6862,0.7602087003477992,0.6862,0.6862,0.6862,0.691449649280189,0.6862,0.7602087003477992,1.232,0.7486,0.7562994952536126,0.7485999999999999,0.8030028389887562,0.7486,0.7486,0.7486,0.7562994952536125,0.7486,0.8030028389887562
107,99,1,2001.5835175648779,1843.2317610867588,0.6099004,0.7866,0.7882804674218491,0.7866,0.7927207374598386,0.7866,0.7866,0.7866,0.7882804674218491,0.7866,0.7927207374598387,0.7047739,0.8255,0.8265450588738243,0.8254999999999999,0.8296105942038345,0.8255,0.8255,0.8255,0.8265450588738243,0.8255,0.8296105942038347,0.7999755,0.7314,0.7294850531767295,0.7313999999999999,0.7624707941170458,0.7314,0.7314,0.7314,0.7294850531767294,0.7314,0.7624707941170458,1.1946349,0.7513,0.7576579981467374,0.7513,0.803491322738509,0.7513,0.7513,0.7513,0.7576579981467374,0.7513,0.8034913227385089
108,99,1,2001.5963861707705,1841.9577691033012,0.60996604,0.785,0.7874543366549245,0.7849999999999999,0.7929269739578856,0.785,0.785,0.785,0.7874543366549245,0.785,0.7929269739578856,0.702125,0.8281,0.8295881370483145,0.8281000000000001,0.8327511710944849,0.8281,0.8281,0.8281,0.8295881370483145,0.8281,0.8327511710944849,0.8539069,0.7083,0.7076902462056637,0.7082999999999999,0.7642944975416157,0.7083,0.7083,0.7083,0.7076902462056638,0.7083,0.7642944975416157,1.1235152,0.758,0.7634063396818562,0.758,0.8030668307033494,0.7579999999999999,0.758,0.758,0.7634063396818562,0.758,0.8030668307033495
109,99,1,2001.6115020758587,1840.4612944997743,0.6059966,0.7863,0.7888852640773805,0.7863,0.79389455858182,0.7863,0.7863,0.7863,0.7888852640773804,0.7863,0.7938945585818199,0.6991811,0.8287,0.8298297379073265,0.8286999999999999,0.832727033574411,0.8287,0.8287,0.8287,0.8298297379073265,0.8287,0.8327270335744109,0.9534025,0.6844,0.6831126935620653,0.6844,0.7511865236191794,0.6844,0.6844,0.6844,0.6831126935620653,0.6844,0.7511865236191794,1.0716094,0.7712,0.7763069651605355,0.7711999999999999,0.8091517826885489,0.7712,0.7712,0.7712,0.7763069651605354,0.7712,0.8091517826885489
110,99,1,2001.6069748323941,1840.909491602761,0.600463,0.7915,0.7930250295603575,0.7915,0.7955749488870212,0.7915,0.7915,0.7915,0.7930250295603574,0.7915,0.7955749488870212,0.707823,0.827,0.8284426656358199,0.827,0.8324653551167523,0.827,0.827,0.827,0.8284426656358199,0.827,0.8324653551167522,0.8271365,0.7198,0.7240098039579909,0.7198,0.7713165591811628,0.7198,0.7198,0.7198,0.7240098039579907,0.7198,0.7713165591811628,1.1098555,0.7595,0.7648360937178073,0.7595000000000001,0.8037385701536545,0.7595,0.7595,0.7595,0.7648360937178073,0.7595,0.8037385701536545
111,99,1,2001.6437467318915,1837.2690735527278,0.6026723,0.7899,0.7923256423090359,0.7899,0.798075515325512,0.7899,0.7899,0.7899,0.792325642309036,0.7899,0.798075515325512,0.71919024,0.8252,0.8263977880122434,0.8252,0.8293933000249465,0.8252,0.8252,0.8252,0.8263977880122435,0.8252,0.8293933000249465,0.84862536,0.7116,0.7136186095898011,0.7116,0.7677283616115305,0.7116,0.7116,0.7116,0.7136186095898012,0.7116,0.7677283616115307,1.1489255,0.7579,0.7631429290353378,0.7579,0.8043584280877958,0.7578999999999999,0.7579,0.7579,0.7631429290353378,0.7579,0.8043584280877958
112,99,1,2001.668167479059,1834.851419583207,0.6042976,0.7896,0.7919756691046296,0.7896000000000001,0.7970802456132922,0.7896,0.7896,0.7896,0.7919756691046295,0.7896,0.7970802456132922,0.718331,0.826,0.8275238174856019,0.826,0.8317817528365955,0.826,0.826,0.826,0.827523817485602,0.826,0.8317817528365955,0.9409729,0.6905,0.6888044604485832,0.6905,0.7484940774512777,0.6905,0.6905,0.6905,0.6888044604485831,0.6905,0.7484940774512777,1.1862313,0.7453,0.753093562644991,0.7453,0.8046367719822788,0.7453,0.7453,0.7453,0.7530935626449912,0.7453,0.8046367719822788
113,99,1,2001.6682443722111,1834.8438071611415,0.6113999,0.7917,0.7939781069486609,0.7917,0.7991987386076216,0.7917,0.7917,0.7917,0.7939781069486609,0.7917,0.7991987386076215,0.720264,0.8287,0.8296425564156275,0.8287000000000001,0.8322218139525127,0.8287,0.8287,0.8287,0.8296425564156275,0.8287,0.8322218139525128,0.9893144,0.6775,0.6761705852550405,0.6775,0.7616509648075923,0.6775,0.6775,0.6775,0.6761705852550405,0.6775,0.7616509648075923,1.190208,0.7486,0.7540804384546325,0.7485999999999999,0.8018515476797156,0.7486,0.7486,0.7486,0.7540804384546325,0.7486,0.8018515476797156
114,99,1,2001.6612102876545,1835.540181532409,0.6129456,0.7902,0.7924417306772694,0.7902,0.7986941359828028,0.7902,0.7902,0.7902,0.7924417306772696,0.7902,0.7986941359828029,0.71873224,0.832,0.8331756803421195,0.8320000000000001,0.836093379973482,0.832,0.832,0.832,0.8331756803421196,0.832,0.836093379973482,0.8689029,0.7141,0.7212569478245145,0.7141,0.7760341955895852,0.7141,0.7141,0.7141,0.7212569478245145,0.7141,0.7760341955895851,1.2034347,0.7479,0.7528990184083892,0.7479000000000001,0.8012295524079706,0.7478999999999999,0.7479,0.7479,0.7528990184083892,0.7479,0.8012295524079708
115,99,1,2001.653362277842,1836.317134503857,0.6077126,0.792,0.7937821814137308,0.792,0.7974228256631848,0.792,0.792,0.792,0.7937821814137307,0.792,0.7974228256631848,0.7184933,0.8274,0.8285796116170202,0.8274000000000001,0.8323200721652452,0.8274,0.8274,0.8274,0.8285796116170202,0.8274,0.8323200721652451,1.1291041,0.6454,0.6386803426062109,0.6454000000000001,0.748046656341101,0.6454,0.6454,0.6454,0.6386803426062109,0.6454,0.748046656341101,1.218289,0.754,0.7588688038593678,0.754,0.8071879099584025,0.754,0.754,0.754,0.7588688038593678,0.754,0.8071879099584025
116,99,1,2001.6761127745729,1834.0648353275762,0.5883866,0.7947,0.796555881524748,0.7947,0.800676631069172,0.7946999999999999,0.7947,0.7947,0.7965558815247479,0.7947,0.800676631069172,0.7159155,0.832,0.8331685136686817,0.8320000000000001,0.8364823602571972,0.832,0.832,0.832,0.8331685136686816,0.832,0.836482360257197,0.97162795,0.6851,0.6865267702869948,0.6850999999999999,0.7697423172800149,0.6851,0.6851,0.6851,0.6865267702869949,0.6851,0.769742317280015,1.2423847,0.7476,0.7533979815480739,0.7476,0.804378282079868,0.7476,0.7476,0.7476,0.7533979815480739,0.7476,0.804378282079868
117,99,1,2001.6828065085986,1833.4021556593082,0.5993922,0.7908,0.793764798285465,0.7908,0.8022116488683727,0.7908,0.7908,0.7908,0.7937647982854651,0.7908,0.8022116488683726,0.7127997,0.8313,0.8325443811296122,0.8313,0.8363197242421366,0.8313000000000001,0.8313,0.8313,0.8325443811296122,0.8313,0.8363197242421367,0.8348242,0.7187,0.7202616123081296,0.7186999999999999,0.7704447998368219,0.7187,0.7187,0.7187,0.7202616123081294,0.7187,0.770444799836822,1.2188014,0.7493,0.754319079676901,0.7493,0.8050468262963364,0.7493,0.7493,0.7493,0.754319079676901,0.7493,0.8050468262963364
118,99,1,2001.6761520814416,1834.0609439476812,0.61142063,0.788,0.7896555829234265,0.788,0.7928913395010782,0.788,0.788,0.788,0.7896555829234266,0.788,0.7928913395010783,0.7045632,0.8314,0.8324500351905648,0.8314,0.8351709800019979,0.8314,0.8314,0.8314,0.8324500351905648,0.8314,0.8351709800019981,0.9771317,0.6796,0.6766766412781098,0.6796,0.754775494833142,0.6796,0.6796,0.6796,0.6766766412781099,0.6796,0.7547754948331419,1.1765498,0.7487,0.7541874545971063,0.7487,0.803089004159909,0.7487,0.7487,0.7487,0.7541874545971065,0.7487,0.8030890041599088
119,99,1,2001.6693293217868,1834.7363971536713,0.5821297,0.8015,0.8029225071128622,0.8014999999999999,0.8062249119904881,0.8015,0.8015,0.8015,0.802922507112862,0.8015,0.806224911990488,0.71631503,0.8313,0.8322906988146326,0.8313,0.8349714934284446,0.8313000000000001,0.8313,0.8313,0.8322906988146326,0.8313,0.8349714934284446,0.9500546,0.6806,0.6908043630154096,0.6806,0.7748240827053513,0.6806,0.6806,0.6806,0.6908043630154096,0.6806,0.7748240827053513,1.1666416,0.7569,0.761185541498997,0.7569000000000001,0.8038474098961375,0.7569,0.7569,0.7569,0.761185541498997,0.7569,0.8038474098961375
120,99,1,2001.6761477351745,1834.061374228539,0.622295,0.7845,0.7875366220644684,0.7845,0.7946504769786088,0.7844999999999999,0.7845,0.7845,0.7875366220644685,0.7845,0.7946504769786089,0.70842886,0.8304,0.8315565415014445,0.8304,0.8342912717012032,0.8304000000000001,0.8304,0.8304,0.8315565415014445,0.8304,0.8342912717012032,0.8080129,0.7272,0.7309541395313641,0.7272000000000001,0.7684961168235669,0.7272,0.7272,0.7272,0.7309541395313639,0.7272,0.7684961168235668,1.2042682,0.7532,0.7565496818828223,0.7532,0.8006936076169884,0.7532,0.7532,0.7532,0.7565496818828223,0.7532,0.8006936076169884
121,99,1,2001.6778931017368,1833.8885829388844,0.5979992,0.792,0.794309518815757,0.792,0.8012843122600091,0.792,0.792,0.792,0.794309518815757,0.792,0.8012843122600091,0.71350145,0.833,0.8338617207605707,0.833,0.8360277335106924,0.833,0.833,0.833,0.8338617207605709,0.833,0.8360277335106923,0.8771118,0.711,0.7122636107596495,0.711,0.7764703507562002,0.7110000000000001,0.711,0.711,0.7122636107596496,0.711,0.7764703507562003,1.1698444,0.7638,0.768123379279207,0.7638,0.8089713493703146,0.7638,0.7638,0.7638,0.7681233792792072,0.7638,0.8089713493703146
122,99,1,2001.6765085082502,1834.0256576941663,0.58844274,0.7964,0.7974396406193549,0.7963999999999999,0.8002428739628943,0.7964,0.7964,0.7964,0.797439640619355,0.7964,0.8002428739628945,0.7123214,0.83,0.8309011634693627,0.8300000000000001,0.8331714479903265,0.83,0.83,0.83,0.8309011634693628,0.83,0.8331714479903265,0.95353633,0.6895,0.6884964164895955,0.6895,0.7654194891558929,0.6895,0.6895,0.6895,0.6884964164895955,0.6895,0.7654194891558929,1.1039437,0.7688,0.7728122936266903,0.7687999999999999,0.8076726926552702,0.7688,0.7688,0.7688,0.7728122936266903,0.7688,0.8076726926552701
123,99,1,2001.6921936026072,1832.4728333528938,0.6120295,0.7857,0.7881608275120714,0.7857,0.7931208284169875,0.7857,0.7857,0.7857,0.7881608275120715,0.7857,0.7931208284169874,0.71295583,0.8292,0.8302046452690227,0.8291999999999999,0.8326658676258509,0.8292,0.8292,0.8292,0.8302046452690227,0.8292,0.832665867625851,0.95925605,0.6746,0.682452705170934,0.6746000000000001,0.7707981690052188,0.6746,0.6746,0.6746,0.682452705170934,0.6746,0.7707981690052187,1.1390254,0.7605,0.7656587266645877,0.7605000000000002,0.8044619721789497,0.7605,0.7605,0.7605,0.7656587266645878,0.7605,0.8044619721789497
124,99,1,2001.688796329255,1832.8091634148216,0.5910339,0.797,0.7985116646622983,0.7969999999999999,0.8018178332190298,0.797,0.797,0.797,0.7985116646622983,0.797,0.8018178332190297,0.72260076,0.8284,0.8294622174890239,0.8284,0.8318387069727239,0.8284,0.8284,0.8284,0.829462217489024,0.8284,0.8318387069727238,0.97184217,0.6767,0.6779065732960399,0.6767,0.7595978365442293,0.6767,0.6767,0.6767,0.6779065732960399,0.6767,0.7595978365442294,1.1343744,0.776,0.7778665701664613,0.776,0.8056935348854453,0.776,0.776,0.776,0.7778665701664613,0.776,0.8056935348854452
125,99,1,2001.6831031682557,1833.37278635385,0.589109,0.795,0.7968979397715892,0.7949999999999999,0.8002903839020771,0.795,0.795,0.795,0.7968979397715893,0.795,0.8002903839020772,0.7074175,0.8288,0.8297617669998681,0.8288,0.8320000119171832,0.8288,0.8288,0.8288,0.829761766999868,0.8288,0.8320000119171831,0.8310625,0.7263,0.7274289838368541,0.7263,0.767808833326517,0.7262999999999998,0.7263,0.7263,0.7274289838368542,0.7263,0.767808833326517,1.1194242,0.7728,0.775916942257784,0.7727999999999999,0.8076501089843461,0.7728,0.7728,0.7728,0.775916942257784,0.7728,0.807650108984346
126,99,1,2001.691838113595,1832.508026765336,0.6007924,0.7934,0.7960835172316683,0.7933999999999999,0.8023689534688246,0.7933999999999999,0.7934,0.7934,0.7960835172316684,0.7934,0.8023689534688246,0.71471876,0.8325,0.8333634399380024,0.8324999999999999,0.8356550576686288,0.8325,0.8325,0.8325,0.8333634399380025,0.8325,0.8356550576686288,0.88457835,0.7018,0.7070818676708897,0.7017999999999999,0.7716332172167669,0.7018,0.7018,0.7018,0.7070818676708897,0.7018,0.7716332172167668,1.0605195,0.7732,0.778438957088588,0.7731999999999999,0.8098749403887122,0.7732,0.7732,0.7732,0.778438957088588,0.7732,0.8098749403887123
127,99,1,2001.6901677298358,1832.673394757604,0.5813003,0.7965,0.7979993537122605,0.7964999999999999,0.8018013808332961,0.7965,0.7965,0.7965,0.7979993537122606,0.7965,0.8018013808332963,0.71988994,0.8281,0.8291837358068316,0.8280999999999998,0.8320961960772711,0.8281,0.8281,0.8281,0.8291837358068317,0.8281,0.8320961960772713,0.89315,0.702,0.7086060077154722,0.702,0.77462783534751,0.702,0.702,0.702,0.7086060077154721,0.702,0.77462783534751,1.118314,0.7677,0.771024438743637,0.7676999999999999,0.8039892976110539,0.7677,0.7677,0.7677,0.771024438743637,0.7677,0.8039892976110538
128,99,1,2001.6870478258552,1832.9822652517844,0.61711925,0.7889,0.7911768479883307,0.7889,0.79772855401398,0.7889,0.7889,0.7889,0.7911768479883307,0.7889,0.7977285540139798,0.7152462,0.8257,0.8270826938850979,0.8257,0.8301347768610748,0.8257,0.8257,0.8257,0.827082693885098,0.8257,0.830134776861075,0.9448103,0.6883,0.6912444949436651,0.6883000000000001,0.7721096656405936,0.6883,0.6883,0.6883,0.6912444949436651,0.6883,0.7721096656405936,1.1742253,0.7501,0.757383933428646,0.7501,0.8049769558072446,0.7501000000000001,0.7501,0.7501,0.7573839334286459,0.7501,0.8049769558072447
129,99,1,2001.7022579140796,1831.4764665176522,0.6157981,0.7837,0.7871832339507633,0.7837,0.7950679790910009,0.7837,0.7837,0.7837,0.7871832339507633,0.7837,0.795067979091001,0.722333,0.8296,0.8307932730703935,0.8295999999999999,0.8346600726321036,0.8296,0.8296,0.8296,0.8307932730703935,0.8296,0.8346600726321036,1.0388875,0.6469,0.6611710857117237,0.6468999999999999,0.7773757530164477,0.6469,0.6469,0.6469,0.6611710857117238,0.6469,0.7773757530164478,1.2100062,0.7505,0.7568757731297812,0.7505000000000001,0.801766225219902,0.7505,0.7505,0.7505,0.756875773129781,0.7505,0.801766225219902
130,99,1,2001.7017578082398,1831.525976995928,0.60689604,0.7888,0.7911734135459054,0.7888000000000001,0.7977682594045874,0.7888,0.7888,0.7888,0.7911734135459054,0.7888,0.7977682594045874,0.7261745,0.8294,0.830688064869731,0.8294,0.8340403591336709,0.8293999999999999,0.8294,0.8294,0.830688064869731,0.8294,0.834040359133671,0.89882344,0.6936,0.7012818739583105,0.6936000000000001,0.7728957391019107,0.6936,0.6936,0.6936,0.7012818739583104,0.6936,0.7728957391019106,1.1508403,0.7606,0.7654471628083541,0.7605999999999999,0.8026038196619669,0.7606,0.7606,0.7606,0.7654471628083542,0.7606,0.8026038196619668
131,99,1,2001.700260688669,1831.6741918336088,0.59983045,0.7942,0.7962567573316389,0.7941999999999999,0.8001606302956092,0.7942,0.7942,0.7942,0.796256757331639,0.7942,0.8001606302956094,0.72606385,0.8268,0.8283477228728884,0.8268000000000001,0.8325833145050783,0.8267999999999999,0.8268,0.8268,0.8283477228728884,0.8268,0.8325833145050783,0.88155156,0.7092,0.7101280467374936,0.7091999999999999,0.7735159159233922,0.7092,0.7092,0.7092,0.7101280467374936,0.7092,0.7735159159233924,1.1147834,0.757,0.7620991583386321,0.757,0.7976136395843152,0.757,0.757,0.757,0.7620991583386321,0.757,0.797613639584315
132,99,1,2001.6914939250212,1832.5421014347812,0.61169827,0.7891,0.7919971647145785,0.7891000000000001,0.7983510558730458,0.7891,0.7891,0.7891,0.7919971647145785,0.7891,0.7983510558730458,0.73915315,0.8309,0.8318334883160812,0.8309,0.834970150087778,0.8309,0.8309,0.8309,0.8318334883160813,0.8309,0.8349701500877782,0.9984678,0.6725,0.675812766270376,0.6725,0.7658810405375993,0.6725,0.6725,0.6725,0.675812766270376,0.6725,0.7658810405375994,1.0573894,0.7761,0.7788515386154059,0.7761,0.8039680583608299,0.7761,0.7761,0.7761,0.7788515386154058,0.7761,0.8039680583608297
133,99,1,2001.7041013194632,1831.2939693850171,0.6114282,0.7894,0.7908486596328648,0.7894,0.7948196150995865,0.7894,0.7894,0.7894,0.7908486596328647,0.7894,0.7948196150995864,0.71575916,0.8279,0.8292243936671151,0.8279,0.8329403091925591,0.8279,0.8279,0.8279,0.8292243936671152,0.8279,0.8329403091925592,0.9281752,0.6934,0.6892223891585629,0.6934,0.7517554561439678,0.6934,0.6934,0.6934,0.6892223891585628,0.6934,0.7517554561439679,1.0442772,0.7776,0.7808439646308577,0.7776,0.8064818532925437,0.7776,0.7776,0.7776,0.7808439646308577,0.7776,0.806481853292544
134,99,1,2001.7127486172703,1830.4378869021837,0.6185047,0.7862,0.7888521200761308,0.7862,0.7958445641011463,0.7862,0.7862,0.7862,0.7888521200761307,0.7862,0.7958445641011463,0.7368818,0.8294,0.8300814011674893,0.8293999999999999,0.8326087035679443,0.8293999999999999,0.8294,0.8294,0.8300814011674893,0.8294,0.832608703567944,0.93283474,0.6903,0.6963281463006795,0.6902999999999999,0.7577332644578673,0.6903,0.6903,0.6903,0.6963281463006796,0.6903,0.7577332644578673,0.9755209,0.7884,0.7924797345038644,0.7884,0.8129413567926003,0.7884,0.7884,0.7884,0.7924797345038643,0.7884,0.8129413567926
135,99,1,2001.7495582783013,1826.7937304601423,0.595212,0.7935,0.7952384949681097,0.7935,0.7993043154119865,0.7935,0.7935,0.7935,0.7952384949681096,0.7935,0.7993043154119864,0.7124068,0.8317,0.8325286638631073,0.8317,0.8346168663637569,0.8317,0.8317,0.8317,0.8325286638631072,0.8317,0.8346168663637569,0.7785393,0.7366,0.7414538097533763,0.7365999999999999,0.7794570067718578,0.7366,0.7366,0.7366,0.7414538097533764,0.7366,0.7794570067718579,1.0309191,0.7743,0.7810601776660603,0.7743,0.813457828597816,0.7743,0.7743,0.7743,0.7810601776660603,0.7743,0.813457828597816
136,99,1,2001.7718990039898,1824.581998617105,0.60569715,0.7886,0.7909070772799941,0.7886,0.7961497201889514,0.7886,0.7886,0.7886,0.7909070772799942,0.7886,0.7961497201889512,0.71600753,0.8314,0.832732366373415,0.8314,0.8360699318872635,0.8314,0.8314,0.8314,0.8327323663734149,0.8314,0.8360699318872635,0.9537012,0.6906,0.6926697757130927,0.6906000000000001,0.7602929590299171,0.6906,0.6906,0.6906,0.6926697757130929,0.6906,0.7602929590299171,1.0641699,0.7683,0.7759845654758566,0.7683,0.813039257312316,0.7683,0.7683,0.7683,0.7759845654758565,0.7683,0.8130392573123162
137,99,1,2001.806888538101,1821.1180347402249,0.6105171,0.7856,0.7882672880913948,0.7856,0.7941028680257151,0.7856,0.7856,0.7856,0.7882672880913947,0.7856,0.794102868025715,0.7151277,0.8285,0.8301093615303449,0.8284999999999998,0.8338489520935365,0.8285,0.8285,0.8285,0.8301093615303449,0.8285,0.8338489520935365,0.8827801,0.7035,0.7119751985218471,0.7035,0.7771413884635102,0.7035,0.7035,0.7035,0.7119751985218471,0.7035,0.7771413884635101,1.0575207,0.7761,0.7807957887568172,0.7761,0.8094499473421388,0.7761,0.7761,0.7761,0.7807957887568173,0.7761,0.8094499473421388
138,99,1,2001.8233249688128,1819.490828099882,0.61647224,0.7888,0.7921121320994844,0.7888,0.800790041423566,0.7888,0.7888,0.7888,0.7921121320994844,0.7888,0.800790041423566,0.71907747,0.8317,0.8330750908294601,0.8317,0.8360491393335788,0.8317,0.8317,0.8317,0.8330750908294602,0.8317,0.8360491393335787,1.2039183,0.619,0.6478934883290848,0.619,0.792822023419638,0.619,0.619,0.619,0.6478934883290849,0.619,0.792822023419638,1.0323293,0.7843,0.7880442631431862,0.7842999999999999,0.8107237264320094,0.7843,0.7843,0.7843,0.7880442631431862,0.7843,0.8107237264320094
139,99,1,2001.8337178026902,1818.4619375460743,0.5894993,0.7956,0.797962039227257,0.7956000000000001,0.8026936927686691,0.7956,0.7956,0.7956,0.7979620392272571,0.7956,0.802693692768669,0.71856457,0.8272,0.8286448725106583,0.8272,0.8317158379187184,0.8272,0.8272,0.8272,0.8286448725106584,0.8272,0.8317158379187185,0.92432773,0.692,0.6974420786024518,0.692,0.7737127413686321,0.692,0.692,0.692,0.6974420786024517,0.692,0.773712741368632,1.0195428,0.7864,0.7897888512300397,0.7863999999999999,0.8106141342193434,0.7864,0.7864,0.7864,0.7897888512300397,0.7864,0.8106141342193433
140,99,1,2001.840143416709,1817.8258017583353,0.6029366,0.7918,0.7947436496839804,0.7918000000000001,0.8006600840636293,0.7918,0.7918,0.7918,0.7947436496839805,0.7918,0.8006600840636293,0.7180371,0.8291,0.8304473938181077,0.8291000000000001,0.8336491235885433,0.8291,0.8291,0.8291,0.8304473938181077,0.8291,0.833649123588543,1.0194623,0.6692,0.6734394964154096,0.6692,0.7684379776320314,0.6692,0.6692,0.6692,0.6734394964154098,0.6692,0.7684379776320314,1.0082662,0.7868,0.7895766848763774,0.7867999999999999,0.8074701057539893,0.7868,0.7868,0.7868,0.7895766848763774,0.7868,0.8074701057539893
141,99,1,2001.8635792437992,1815.5056548764824,0.59214234,0.7984,0.8003223413249152,0.7983999999999999,0.8039089163384313,0.7984,0.7984,0.7984,0.8003223413249151,0.7984,0.8039089163384312,0.7148558,0.8275,0.8286966399743004,0.8274999999999999,0.831332156845801,0.8275,0.8275,0.8275,0.8286966399743005,0.8275,0.831332156845801,0.96328807,0.6816,0.6921274739112002,0.6815999999999999,0.7790553667593316,0.6816,0.6816,0.6816,0.6921274739112002,0.6816,0.7790553667593315,1.006669,0.7835,0.7878289700435697,0.7835000000000001,0.8098472303068623,0.7835000000000001,0.7835,0.7835,0.7878289700435697,0.7835,0.8098472303068623
142,99,1,2001.87286034755,1814.5868256051397,0.59889376,0.7958,0.7978768609358261,0.7958,0.8014697331140145,0.7958,0.7958,0.7958,0.7978768609358261,0.7958,0.8014697331140145,0.7011013,0.8319,0.8330106163510868,0.8319000000000001,0.8356851807796731,0.8319,0.8319,0.8319,0.8330106163510869,0.8319,0.8356851807796732,0.86941,0.7113,0.7106044760456787,0.7112999999999999,0.7616463699392909,0.7113,0.7113,0.7113,0.7106044760456787,0.7113,0.761646369939291,0.9898596,0.7918,0.7950507303375312,0.7918000000000001,0.8113202411519866,0.7918,0.7918,0.7918,0.7950507303375312,0.7918,0.8113202411519868
143,99,1,2001.8951040279503,1812.384701245705,0.6124811,0.7854,0.7886980176856232,0.7854000000000001,0.7962926320258411,0.7854,0.7854,0.7854,0.7886980176856233,0.7854,0.7962926320258411,0.7113152,0.8313,0.8324082374742179,0.8313,0.8352714793990634,0.8313000000000001,0.8313,0.8313,0.832408237474218,0.8313,0.8352714793990635,0.95571524,0.6808,0.687922120553125,0.6808000000000001,0.7664812565034262,0.6808,0.6808,0.6808,0.6879221205531251,0.6808,0.7664812565034264,1.0473881,0.7836,0.7875219950427261,0.7836,0.8097665665983091,0.7836,0.7836,0.7836,0.7875219950427262,0.7836,0.8097665665983093
144,99,1,2001.9136804743455,1810.545633052638,0.59867096,0.7933,0.7951734322699027,0.7933,0.7987645472837174,0.7933,0.7933,0.7933,0.7951734322699027,0.7933,0.7987645472837175,0.71664625,0.8299,0.8312311907666464,0.8299,0.8349598835462066,0.8298999999999999,0.8299,0.8299,0.8312311907666464,0.8299,0.8349598835462065,0.8990832,0.7,0.7069496925973338,0.7000000000000001,0.7692759809425962,0.7,0.7,0.7,0.7069496925973338,0.7,0.7692759809425961,1.0269928,0.7857,0.7893544039740126,0.7857000000000001,0.8097926865920367,0.7857,0.7857,0.7857,0.7893544039740126,0.7857,0.8097926865920367
145,99,1,2001.9384096644146,1808.0974432358987,0.6027401,0.7908,0.7913422592387065,0.7908,0.7931723545543663,0.7908,0.7908,0.7908,0.7913422592387065,0.7908,0.7931723545543664,0.7261607,0.832,0.8327587422287983,0.8320000000000001,0.8346686347209037,0.832,0.832,0.832,0.8327587422287983,0.832,0.8346686347209039,0.9948279,0.6726,0.6755535744680027,0.6726,0.7616522162419417,0.6726,0.6726,0.6726,0.6755535744680026,0.6726,0.7616522162419417,1.04625,0.78,0.7839006931960649,0.78,0.8086370362703276,0.78,0.78,0.78,0.783900693196065,0.78,0.8086370362703275
146,99,1,2001.926550885074,1809.271462390847,0.60422957,0.7928,0.79573841752839,0.7928,0.8017827373207819,0.7928,0.7928,0.7928,0.79573841752839,0.7928,0.8017827373207818,0.72380686,0.8288,0.8299828933164177,0.8288,0.8332168585390148,0.8288,0.8288,0.8288,0.8299828933164177,0.8288,0.833216858539015,0.88093203,0.7097,0.7104130226159066,0.7097,0.7653255393890817,0.7097,0.7097,0.7097,0.7104130226159066,0.7097,0.7653255393890817,1.0470427,0.7781,0.781455515238439,0.7781,0.8063439267428377,0.7781,0.7781,0.7781,0.7814555152384391,0.7781,0.8063439267428377
147,99,1,2001.9446494903455,1807.4797004689476,0.60931355,0.7868,0.7886166930251213,0.7867999999999999,0.7932157910913471,0.7868,0.7868,0.7868,0.7886166930251213,0.7868,0.7932157910913471,0.7347975,0.8277,0.8290357590927713,0.8276999999999999,0.8324341760465626,0.8277,0.8277,0.8277,0.8290357590927712,0.8277,0.8324341760465624,0.96474904,0.6752,0.6842580587710565,0.6751999999999999,0.7761228094283152,0.6752,0.6752,0.6752,0.6842580587710565,0.6752,0.7761228094283154,1.0900937,0.774,0.7767913449370025,0.774,0.8031041567823397,0.774,0.774,0.774,0.7767913449370025,0.774,0.8031041567823397
148,99,1,2001.9752618177426,1804.4490800567448,0.58495134,0.7961,0.7982574652816468,0.7960999999999999,0.8026169131294955,0.7961,0.7961,0.7961,0.7982574652816469,0.7961,0.8026169131294955,0.7076746,0.8324,0.8335088735539996,0.8324,0.8359951276041917,0.8324,0.8324,0.8324,0.8335088735539997,0.8324,0.8359951276041918,0.90327626,0.7004,0.7048577123608285,0.7003999999999999,0.7684103054138979,0.7004,0.7004,0.7004,0.7048577123608285,0.7004,0.7684103054138979,1.066875,0.7762,0.7794540651654296,0.7761999999999999,0.80525312143384,0.7761999999999999,0.7762,0.7762,0.7794540651654296,0.7762,0.8052531214338398
149,99,1,2001.9859757161566,1803.3884041138826,0.58764803,0.7981,0.8002479870573307,0.7981,0.8037251101597229,0.7981,0.7981,0.7981,0.8002479870573308,0.7981,0.8037251101597229,0.7188618,0.8283,0.8293897925662856,0.8283000000000001,0.8321874531146731,0.8283,0.8283,0.8283,0.8293897925662853,0.8283,0.8321874531146732,0.8602781,0.7123,0.7162668238831933,0.7123,0.7644408313047613,0.7123,0.7123,0.7123,0.7162668238831933,0.7123,0.7644408313047611,1.0530306,0.7805,0.7832161811615865,0.7804999999999999,0.80488859406146,0.7805,0.7805,0.7805,0.7832161811615866,0.7805,0.8048885940614601
150,99,1,2002.0052871550024,1801.4765716683094,0.5990655,0.7938,0.7950408409119329,0.7938,0.7981080343045223,0.7938,0.7938,0.7938,0.7950408409119329,0.7938,0.7981080343045224,0.71351784,0.8335,0.8346900411440348,0.8335000000000001,0.837883720812797,0.8335,0.8335,0.8335,0.8346900411440347,0.8335,0.837883720812797,0.90358555,0.6947,0.6961668589670091,0.6947000000000001,0.7548043406265064,0.6947,0.6947,0.6947,0.6961668589670091,0.6947,0.7548043406265064,1.0640838,0.7777,0.7811518490560275,0.7777,0.8052789577063197,0.7777,0.7777,0.7777,0.7811518490560274,0.7777,0.8052789577063199
151,99,1,2002.0021077876534,1801.791329035911,0.59995383,0.7954,0.7984129511720353,0.7954,0.8039686885576044,0.7953999999999999,0.7954,0.7954,0.7984129511720351,0.7954,0.8039686885576045,0.71017766,0.8252,0.8267067744561208,0.8252,0.8308920585123358,0.8252,0.8252,0.8252,0.8267067744561207,0.8252,0.8308920585123358,0.84418523,0.7167,0.71797039521309,0.7167,0.7655125156710932,0.7167,0.7167,0.7167,0.71797039521309,0.7167,0.7655125156710932,1.0927813,0.7715,0.776716426504399,0.7715,0.8058738382908311,0.7715000000000001,0.7715,0.7715,0.776716426504399,0.7715,0.8058738382908311
152,99,1,2002.0020971097242,1801.792386150936,0.60678005,0.7917,0.7942641428688347,0.7917,0.7993227538051312,0.7917,0.7917,0.7917,0.7942641428688348,0.7917,0.7993227538051312,0.7334013,0.8306,0.8316889279915026,0.8305999999999999,0.8347171134750072,0.8306,0.8306,0.8306,0.8316889279915027,0.8306,0.8347171134750073,1.0090437,0.6635,0.6690733135269651,0.6635000000000001,0.7611574702520953,0.6635,0.6635,0.6635,0.669073313526965,0.6635,0.7611574702520953,1.1403347,0.7727,0.7772888778466726,0.7727,0.8068880105504765,0.7727,0.7727,0.7727,0.7772888778466727,0.7727,0.8068880105504765
153,99,1,2002.0301355377774,1799.0165817737275,0.6208423,0.7895,0.7922831265795275,0.7895000000000001,0.7979745135030061,0.7895,0.7895,0.7895,0.7922831265795275,0.7895,0.797974513503006,0.71688366,0.8288,0.830159200004003,0.8288,0.833503258491531,0.8288,0.8288,0.8288,0.8301592000040031,0.8288,0.8335032584915311,1.0685492,0.6564,0.6634335236131128,0.6564,0.7652512199669079,0.6564,0.6564,0.6564,0.6634335236131128,0.6564,0.7652512199669078,1.0872824,0.7669,0.7709628508117319,0.7668999999999999,0.8030933239846435,0.7669,0.7669,0.7669,0.7709628508117318,0.7669,0.8030933239846436
154,99,1,2002.0241445454205,1799.6096900172208,0.6120261,0.7874,0.7909795645370162,0.7874,0.7992522277213391,0.7874,0.7874,0.7874,0.7909795645370162,0.7874,0.7992522277213391,0.7014845,0.8302,0.8316724807613258,0.8302000000000002,0.8354113294773328,0.8302,0.8302,0.8302,0.8316724807613258,0.8302,0.835411329477333,0.8395676,0.7072,0.7160682512970797,0.7072,0.7795196618155573,0.7072,0.7072,0.7072,0.7160682512970797,0.7072,0.7795196618155574,1.1404767,0.7618,0.7668260443400564,0.7618,0.8026498340614581,0.7618,0.7618,0.7618,0.7668260443400566,0.7618,0.8026498340614581
155,99,1,2002.0191211228703,1800.1070088497747,0.5952603,0.7887,0.7912554382747489,0.7887000000000001,0.7966212294228483,0.7887,0.7887,0.7887,0.7912554382747489,0.7887,0.7966212294228482,0.70930684,0.8278,0.8294333443544211,0.8278000000000001,0.833459878649726,0.8278,0.8278,0.8278,0.8294333443544211,0.8278,0.8334598786497259,1.0022526,0.6648,0.6664277549371391,0.6648,0.7713460833798883,0.6648,0.6648,0.6648,0.6664277549371391,0.6648,0.7713460833798883,1.1094494,0.7605,0.7653378149901036,0.7605000000000001,0.801087338818833,0.7605,0.7605,0.7605,0.7653378149901036,0.7605,0.8010873388188329
156,99,1,2002.0597242962024,1796.0872946899642,0.61826134,0.7885,0.7910788136072112,0.7885,0.7964218109142068,0.7885,0.7885,0.7885,0.7910788136072112,0.7885,0.7964218109142069,0.7212507,0.8291,0.830301992792341,0.8290999999999998,0.8329994671749745,0.8291,0.8291,0.8291,0.830301992792341,0.8291,0.8329994671749744,0.9343701,0.6962,0.701457088424578,0.6961999999999999,0.7633802887835359,0.6962,0.6962,0.6962,0.7014570884245781,0.6962,0.763380288783536,1.1238877,0.7576,0.7625558653652649,0.7575999999999999,0.8000286517080546,0.7576,0.7576,0.7576,0.762555865365265,0.7576,0.8000286517080546
157,99,1,2002.0831245043591,1793.7706740825572,0.6113836,0.787,0.7896309152844976,0.787,0.7951408780241861,0.787,0.787,0.787,0.7896309152844974,0.787,0.7951408780241862,0.7060329,0.8299,0.8310406460395413,0.8299,0.8333940489681012,0.8298999999999999,0.8299,0.8299,0.8310406460395412,0.8299,0.8333940489681014,0.8841764,0.709,0.7127079662575108,0.709,0.7649943526354355,0.709,0.709,0.709,0.7127079662575107,0.709,0.7649943526354356,1.0967436,0.7659,0.7699434078880054,0.7658999999999999,0.8043316205380426,0.7659,0.7659,0.7659,0.7699434078880054,0.7659,0.8043316205380429
158,99,1,2002.091616871858,1792.9299297002603,0.6151542,0.7868,0.7885631459580691,0.7868,0.7917619087367953,0.7868,0.7868,0.7868,0.788563145958069,0.7868,0.7917619087367952,0.71542037,0.8291,0.8303793637928779,0.8291000000000001,0.8334538473967499,0.8291,0.8291,0.8291,0.8303793637928778,0.8291,0.8334538473967498,1.0052562,0.6683,0.6773905746122173,0.6683000000000001,0.7689738064613276,0.6683,0.6683,0.6683,0.6773905746122172,0.6683,0.7689738064613276,1.0508076,0.7579,0.7627495004626679,0.7579,0.8013930924228923,0.7578999999999999,0.7579,0.7579,0.7627495004626679,0.7579,0.8013930924228924
159,99,1,2002.086935076528,1793.3934274379358,0.61178964,0.7894,0.7908532509104258,0.7894,0.7984230121268556,0.7894,0.7894,0.7894,0.7908532509104259,0.7894,0.7984230121268555,0.70186466,0.8327,0.834107837769938,0.8327,0.8373152185135849,0.8327000000000001,0.8327,0.8327,0.8341078377699381,0.8327,0.837315218513585,0.91465193,0.6923,0.6923903390002267,0.6923,0.7570600828863825,0.6923,0.6923,0.6923,0.6923903390002267,0.6923,0.7570600828863825,1.0393821,0.7713,0.7760708391346725,0.7713000000000001,0.8067627278212633,0.7713,0.7713,0.7713,0.7760708391346723,0.7713,0.8067627278212633
160,99,1,2002.095814335476,1792.5143808021824,0.5851962,0.7976,0.7994643659722872,0.7975999999999999,0.8035373406643764,0.7975999999999999,0.7976,0.7976,0.7994643659722872,0.7976,0.8035373406643763,0.6842946,0.8338,0.8345556838712753,0.8337999999999999,0.836663192170807,0.8338,0.8338,0.8338,0.8345556838712753,0.8338,0.8366631921708069,0.81800616,0.7222,0.7288434565211543,0.7222000000000001,0.778670020549454,0.7222,0.7222,0.7222,0.7288434565211543,0.7222,0.7786700205494541,1.0558507,0.7652,0.7709132140680343,0.7652,0.8074052369380166,0.7652,0.7652,0.7652,0.7709132140680343,0.7652,0.8074052369380165
161,99,1,2002.1435546926525,1787.7880854417742,0.57338643,0.8045,0.8054443706347248,0.8045,0.8076662835808707,0.8044999999999999,0.8045,0.8045,0.8054443706347248,0.8045,0.8076662835808707,0.69869304,0.832,0.8327268169666677,0.8320000000000001,0.8347599775631156,0.832,0.832,0.832,0.8327268169666677,0.832,0.8347599775631155,0.9624346,0.676,0.6844417601708233,0.6759999999999999,0.7776718054506423,0.676,0.676,0.676,0.6844417601708233,0.676,0.7776718054506423,1.0748035,0.7698,0.773647315610166,0.7697999999999999,0.8063873524073093,0.7698,0.7698,0.7698,0.773647315610166,0.7698,0.8063873524073093
162,99,1,2002.1556931026237,1786.5863828546464,0.592291,0.8003,0.8017509961222011,0.8003,0.8064749632775738,0.8003,0.8003,0.8003,0.8017509961222011,0.8003,0.806474963277574,0.69759333,0.8323,0.8331805855908743,0.8322999999999998,0.8356802517748381,0.8323,0.8323,0.8323,0.8331805855908743,0.8323,0.8356802517748382,1.013285,0.6571,0.669319437637,0.6571,0.7710159139904933,0.6571,0.6571,0.6571,0.6693194376369999,0.6571,0.7710159139904933,1.0784676,0.7743,0.7784078532234308,0.7743,0.8087041704789943,0.7743,0.7743,0.7743,0.7784078532234309,0.7743,0.8087041704789942
163,99,1,2002.1640595666036,1785.7581029208,0.5945953,0.796,0.7981991466276983,0.796,0.8026528474052658,0.796,0.796,0.796,0.7981991466276983,0.796,0.8026528474052658,0.71191424,0.8294,0.8307687153150496,0.8294,0.8338659272311231,0.8293999999999999,0.8294,0.8294,0.8307687153150498,0.8294,0.833865927231123,0.9830904,0.6785,0.6803413514232437,0.6785,0.7572787534753554,0.6785,0.6785,0.6785,0.6803413514232438,0.6785,0.7572787534753553,1.0849551,0.7641,0.7702368601635814,0.7641,0.8080839389443971,0.7641,0.7641,0.7641,0.7702368601635813,0.7641,0.8080839389443971
164,99,1,2002.1692904722577,1785.2402432610752,0.5984625,0.796,0.7990328128346074,0.796,0.8051754876283953,0.796,0.796,0.796,0.7990328128346073,0.796,0.8051754876283953,0.71485037,0.8295,0.8307166145873367,0.8295,0.8334627512041027,0.8295,0.8295,0.8295,0.8307166145873365,0.8295,0.8334627512041026,0.9698086,0.6858,0.69050982931447,0.6858000000000001,0.7645502868421624,0.6858,0.6858,0.6858,0.69050982931447,0.6858,0.7645502868421623,1.031637,0.7787,0.7818966118353511,0.7787,0.8060569976669962,0.7787000000000001,0.7787,0.7787,0.7818966118353511,0.7787,0.8060569976669962
165,99,1,2002.171066843566,1785.0643825017146,0.6165406,0.7872,0.789749994564611,0.7872,0.797314937597273,0.7872,0.7872,0.7872,0.7897499945646111,0.7872,0.7973149375972729,0.7318872,0.8287,0.830031353249514,0.8287000000000001,0.8328071087666569,0.8287,0.8287,0.8287,0.830031353249514,0.8287,0.8328071087666569,0.93805647,0.6959,0.6987052095026903,0.6959,0.750251501843351,0.6959,0.6959,0.6959,0.6987052095026903,0.6959,0.750251501843351,1.0883044,0.7677,0.7710985231074917,0.7676999999999999,0.8007155074899315,0.7677,0.7677,0.7677,0.7710985231074918,0.7677,0.8007155074899315
166,99,1,2002.1749785196125,1784.677126573206,0.6153211,0.7887,0.7908154077333662,0.7887,0.7950075710466445,0.7887,0.7887,0.7887,0.7908154077333662,0.7887,0.7950075710466447,0.70630515,0.8308,0.8320566095766765,0.8308,0.8352402964186799,0.8308,0.8308,0.8308,0.8320566095766766,0.8308,0.83524029641868,1.007178,0.6713,0.6795623670469423,0.6713,0.7646219301241056,0.6713,0.6713,0.6713,0.6795623670469423,0.6713,0.7646219301241057,1.0771153,0.766,0.7694345419181821,0.766,0.8006611323610049,0.766,0.766,0.766,0.7694345419181821,0.766,0.8006611323610049
167,99,1,2002.2241283159588,1779.8112967349184,0.593264,0.7963,0.7986810180714777,0.7963,0.803833770133477,0.7963,0.7963,0.7963,0.7986810180714777,0.7963,0.8038337701334771,0.70768404,0.8356,0.8365610459101248,0.8356,0.8385157695027026,0.8355999999999999,0.8356,0.8356,0.8365610459101248,0.8356,0.8385157695027025,1.0191871,0.6676,0.6754968214144864,0.6676,0.7645530216344845,0.6676,0.6676,0.6676,0.6754968214144864,0.6676,0.7645530216344845,1.1033896,0.7709,0.7729624396772967,0.7708999999999999,0.7999951084624828,0.7709,0.7709,0.7709,0.7729624396772967,0.7709,0.7999951084624828
168,99,1,2002.224745883275,1779.7501575706544,0.59366816,0.794,0.7956304045275411,0.794,0.7997046926159588,0.7940000000000002,0.794,0.794,0.795630404527541,0.794,0.7997046926159587,0.72085905,0.8353,0.8363326363751202,0.8352999999999999,0.8385187095354176,0.8353,0.8353,0.8353,0.8363326363751201,0.8353,0.8385187095354175,0.997621,0.6721,0.6770781314799929,0.6721,0.7474184700609705,0.6721,0.6721,0.6721,0.6770781314799927,0.6721,0.7474184700609705,1.1190562,0.7733,0.7757704078983635,0.7733,0.8030247217755928,0.7733,0.7733,0.7733,0.7757704078983636,0.7733,0.8030247217755927
169,99,1,2002.23706241283,1778.530821144954,0.60895413,0.7895,0.7922584489767743,0.7895000000000001,0.7978657529873865,0.7895,0.7895,0.7895,0.7922584489767742,0.7895,0.7978657529873865,0.71415496,0.8326,0.8337456357054928,0.8325999999999999,0.8365955813376468,0.8326,0.8326,0.8326,0.8337456357054928,0.8326,0.836595581337647,0.9046998,0.6984,0.7036352184446676,0.6984000000000001,0.7522951831469238,0.6984,0.6984,0.6984,0.7036352184446676,0.6984,0.7522951831469239,1.1643788,0.7573,0.76197247666575,0.7573000000000001,0.8000947420235727,0.7573,0.7573,0.7573,0.7619724766657501,0.7573,0.8000947420235727
170,99,1,2002.2613254092078,1776.1287845035913,0.5857953,0.7987,0.8010315658441657,0.7987,0.8058184530890697,0.7987,0.7987,0.7987,0.8010315658441657,0.7987,0.8058184530890699,0.7074597,0.8317,0.832877520841379,0.8316999999999999,0.8357986210330999,0.8317,0.8317,0.8317,0.8328775208413788,0.8317,0.8357986210330999,0.88504726,0.7108,0.7109689948301774,0.7108000000000001,0.7628573926161333,0.7108,0.7108,0.7108,0.7109689948301773,0.7108,0.7628573926161334,1.1127218,0.766,0.7706686229928457,0.766,0.805523566794465,0.766,0.766,0.766,0.7706686229928457,0.766,0.8055235667944651
171,99,1,2002.263619671737,1775.9016525132909,0.5964779,0.7948,0.7955472862528389,0.7948000000000001,0.7997634339501151,0.7948,0.7948,0.7948,0.7955472862528389,0.7948,0.799763433950115,0.72243303,0.8327,0.8339297373017273,0.8327000000000002,0.8368014736802692,0.8327000000000001,0.8327,0.8327,0.833929737301727,0.8327,0.8368014736802694,0.89233106,0.7114,0.7083216110892288,0.7114,0.7709583524601848,0.7114,0.7114,0.7114,0.7083216110892289,0.7114,0.7709583524601847,1.160777,0.7499,0.7571357646566241,0.7499,0.8035417078482613,0.7499000000000001,0.7499,0.7499,0.7571357646566241,0.7499,0.8035417078482612
172,99,1,2002.2730513949455,1774.967911915818,0.5875542,0.7964,0.7987985182855352,0.7964,0.8034363892180687,0.7964,0.7964,0.7964,0.7987985182855352,0.7964,0.8034363892180687,0.706278,0.8342,0.8353208653805486,0.8342,0.8386564334525554,0.8342,0.8342,0.8342,0.8353208653805486,0.8342,0.8386564334525554,1.0096127,0.6709,0.6717121793044494,0.6709,0.7577116760806576,0.6709,0.6709,0.6709,0.6717121793044494,0.6709,0.7577116760806578,1.1173323,0.7657,0.7699662695300237,0.7657,0.8056100977604116,0.7657,0.7657,0.7657,0.7699662695300237,0.7657,0.8056100977604116
173,99,1,2002.273326783757,1774.9406484235687,0.6123826,0.7878,0.7902445581114088,0.7878000000000001,0.7974891751997111,0.7878000000000001,0.7878,0.7878,0.7902445581114089,0.7878,0.7974891751997111,0.7159082,0.8328,0.8337532546690458,0.8328,0.8357317999762962,0.8327999999999999,0.8328,0.8328,0.8337532546690456,0.8328,0.8357317999762961,1.01589,0.6598,0.6627285508700912,0.6597999999999999,0.7596808791760711,0.6598,0.6598,0.6598,0.6627285508700912,0.6598,0.759680879176071,1.0981534,0.7692,0.7731860383151733,0.7692,0.8039851789344743,0.7692,0.7692,0.7692,0.7731860383151733,0.7692,0.8039851789344743
174,99,1,2002.2977991849787,1772.5178807026814,0.6003691,0.7915,0.7932994543984007,0.7915,0.7973875314164138,0.7915,0.7915,0.7915,0.7932994543984008,0.7915,0.7973875314164139,0.70327216,0.8313,0.8323875043613989,0.8313,0.83465048340879,0.8313000000000001,0.8313,0.8313,0.8323875043613987,0.8313,0.83465048340879,0.9418401,0.6887,0.6935289690433847,0.6887000000000001,0.7721165726856869,0.6887,0.6887,0.6887,0.6935289690433847,0.6887,0.7721165726856868,1.0898743,0.7701,0.7726854159371859,0.7701,0.8028931462662129,0.7701,0.7701,0.7701,0.7726854159371859,0.7701,0.8028931462662129
175,99,1,2002.2855061433825,1773.7348918207008,0.5983047,0.7951,0.797543892303108,0.7950999999999999,0.8032585789677729,0.7951,0.7951,0.7951,0.7975438923031078,0.7951,0.8032585789677729,0.71332604,0.8309,0.8320220425511774,0.8309,0.8343301531723089,0.8309,0.8309,0.8309,0.8320220425511776,0.8309,0.834330153172309,1.1106606,0.6395,0.6462688683690863,0.6395000000000001,0.7727775886991791,0.6395,0.6395,0.6395,0.6462688683690863,0.6395,0.7727775886991792,1.0878828,0.7698,0.7730644461685763,0.7698,0.8014888692500058,0.7698,0.7698,0.7698,0.7730644461685763,0.7698,0.801488869250006
176,99,1,2002.2847374306475,1773.8109943815764,0.6005016,0.7953,0.798266201819638,0.7953,0.8057621911216838,0.7953,0.7953,0.7953,0.798266201819638,0.7953,0.8057621911216838,0.7044505,0.836,0.8368938350280161,0.836,0.839337818369892,0.836,0.836,0.836,0.8368938350280161,0.836,0.839337818369892,0.8517025,0.717,0.719693328053722,0.717,0.7652788602280151,0.7169999999999999,0.717,0.717,0.719693328053722,0.717,0.7652788602280152,1.0512174,0.7721,0.7756711533681363,0.7721,0.8055879767966327,0.7721,0.7721,0.7721,0.7756711533681362,0.7721,0.8055879767966327
177,99,1,2002.291741994884,1773.1175425222284,0.5996554,0.7922,0.793537237118682,0.7922,0.7970905850428432,0.7922,0.7922,0.7922,0.793537237118682,0.7922,0.7970905850428432,0.7024872,0.8354,0.8365711188960449,0.8353999999999999,0.8393042322236445,0.8354,0.8354,0.8354,0.8365711188960445,0.8354,0.8393042322236445,0.90605545,0.7035,0.7015911857642081,0.7035,0.7618496287620183,0.7035,0.7035,0.7035,0.7015911857642082,0.7035,0.7618496287620182,1.1236262,0.7668,0.7701881344108981,0.7668,0.8020280389132066,0.7668000000000001,0.7668,0.7668,0.7701881344108981,0.7668,0.802028038913207
178,99,1,2002.291059552507,1773.1851043176996,0.6094672,0.7927,0.7952556111164675,0.7927000000000001,0.8021555889451774,0.7927,0.7927,0.7927,0.7952556111164675,0.7927,0.8021555889451776,0.72282577,0.8317,0.8325674200143791,0.8316999999999999,0.8352415628276638,0.8317,0.8317,0.8317,0.8325674200143791,0.8317,0.8352415628276638,0.93401504,0.7027,0.7043461456207447,0.7027000000000001,0.7648052589823353,0.7027,0.7027,0.7027,0.7043461456207447,0.7027,0.7648052589823353,1.1114688,0.7673,0.770445197143508,0.7672999999999999,0.8016824199121206,0.7673,0.7673,0.7673,0.770445197143508,0.7673,0.8016824199121206
179,99,1,2002.2975301976487,1772.5445104487753,0.5926699,0.7966,0.7989286240117552,0.7966000000000001,0.8044575296800163,0.7966,0.7966,0.7966,0.7989286240117551,0.7966,0.8044575296800164,0.7293398,0.8298,0.8311603632405384,0.8298,0.8345642563776497,0.8298,0.8298,0.8298,0.8311603632405384,0.8298,0.8345642563776495,1.0326642,0.6721,0.6739449486791945,0.6721,0.7697801970691311,0.6721,0.6721,0.6721,0.6739449486791945,0.6721,0.7697801970691311,1.1414609,0.769,0.7717502773116969,0.769,0.8040444795691959,0.769,0.769,0.769,0.7717502773116969,0.769,0.8040444795691959
180,99,1,2002.2928685124696,1773.0060172816202,0.61905783,0.7844,0.787249495853237,0.7844000000000001,0.7933377905837826,0.7844,0.7844,0.7844,0.7872494958532369,0.7844,0.7933377905837826,0.7233223,0.8332,0.8343928338493866,0.8332,0.8371464117766593,0.8332,0.8332,0.8332,0.8343928338493865,0.8332,0.8371464117766593,1.0884283,0.6481,0.6614486528131744,0.6481000000000001,0.7639564153290472,0.6481,0.6481,0.6481,0.6614486528131746,0.6481,0.7639564153290473,1.10532,0.7695,0.7713212915217135,0.7695,0.8008886699535142,0.7695,0.7695,0.7695,0.7713212915217135,0.7695,0.800888669953514
181,99,1,2002.3120669340647,1771.10537354361,0.63864833,0.7794,0.78287971215883,0.7794000000000001,0.7912420852467095,0.7793999999999999,0.7794,0.7794,0.78287971215883,0.7794,0.7912420852467094,0.70879984,0.833,0.8343427715977565,0.833,0.8374485147148283,0.833,0.833,0.833,0.8343427715977565,0.833,0.8374485147148282,0.8520078,0.7102,0.7148044667810648,0.7102,0.7592248242939587,0.7101999999999999,0.7102,0.7102,0.7148044667810648,0.7102,0.7592248242939585,1.1378802,0.7635,0.7667338112400885,0.7635,0.8005298057391981,0.7635,0.7635,0.7635,0.7667338112400885,0.7635,0.8005298057391982
182,99,1,2002.2979354170782,1772.5043937254547,0.59999347,0.7948,0.7968994475924136,0.7948000000000001,0.8011495916597514,0.7948,0.7948,0.7948,0.7968994475924136,0.7948,0.8011495916597514,0.7020478,0.8324,0.8337220401252738,0.8324,0.8364899405048931,0.8324,0.8324,0.8324,0.8337220401252738,0.8324,0.8364899405048931,0.80316097,0.7284,0.7332127347071328,0.7283999999999999,0.7780143119470672,0.7283999999999999,0.7284,0.7284,0.7332127347071329,0.7284,0.7780143119470672,1.1379741,0.7739,0.7764828547933791,0.7739,0.8032863162065903,0.7739,0.7739,0.7739,0.776482854793379,0.7739,0.8032863162065903
183,99,1,2002.291363335559,1773.1550297958333,0.60266453,0.7904,0.7940974615506375,0.7904000000000001,0.8023367536615,0.7904,0.7904,0.7904,0.7940974615506377,0.7904,0.8023367536614999,0.71299237,0.8342,0.8354928050306153,0.8342,0.8385673992114284,0.8342,0.8342,0.8342,0.8354928050306154,0.8342,0.8385673992114285,0.82699627,0.7268,0.7286155023867147,0.7268,0.7743134492867323,0.7268,0.7268,0.7268,0.7286155023867146,0.7268,0.7743134492867323,1.1247146,0.7835,0.7849066786390414,0.7835,0.804742853084033,0.7835000000000001,0.7835,0.7835,0.7849066786390414,0.7835,0.804742853084033
184,99,1,2002.3246997211302,1769.8547276243528,0.5908998,0.7963,0.7984883120878785,0.7963,0.8025863517497642,0.7963,0.7963,0.7963,0.7984883120878786,0.7963,0.8025863517497641,0.7132055,0.8304,0.831707966005153,0.8304,0.834616765166279,0.8304000000000001,0.8304,0.8304,0.831707966005153,0.8304,0.834616765166279,0.9224529,0.6957,0.6962545737690099,0.6957,0.769740710911736,0.6957,0.6957,0.6957,0.6962545737690099,0.6957,0.7697407109117362,1.159134,0.7776,0.7775460637456808,0.7776000000000001,0.8019391964175349,0.7776,0.7776,0.7776,0.7775460637456809,0.7776,0.8019391964175347
185,99,1,2002.3212492358282,1770.1963256693373,0.5898521,0.7978,0.8002303274439206,0.7978,0.805114044307885,0.7978,0.7978,0.7978,0.8002303274439206,0.7978,0.805114044307885,0.6948085,0.8335,0.8350522101974516,0.8335000000000001,0.8390841738106947,0.8335,0.8335,0.8335,0.8350522101974515,0.8335,0.8390841738106944,1.0110276,0.6691,0.6686525575935831,0.6690999999999999,0.7556616794459423,0.6691,0.6691,0.6691,0.6686525575935831,0.6691,0.7556616794459423,1.1304216,0.7703,0.7727559411935754,0.7703,0.8014326791382469,0.7703,0.7703,0.7703,0.7727559411935753,0.7703,0.8014326791382469
186,99,1,2002.3402019636728,1768.3200056129563,0.60090286,0.7925,0.7948607737335796,0.7925000000000001,0.8016529919556291,0.7925,0.7925,0.7925,0.7948607737335797,0.7925,0.801652991955629,0.69010323,0.8335,0.8346819348159105,0.8334999999999999,0.8374137144267362,0.8335,0.8335,0.8335,0.8346819348159105,0.8335,0.8374137144267363,0.8852213,0.7033,0.7107043311754822,0.7032999999999999,0.7803214208261088,0.7033,0.7033,0.7033,0.7107043311754823,0.7033,0.7803214208261087,1.0958747,0.7773,0.7799493026329577,0.7772999999999999,0.8041259291163145,0.7772999999999999,0.7773,0.7773,0.7799493026329577,0.7773,0.8041259291163144
187,99,1,2002.345645824358,1767.7810634050395,0.59451336,0.7969,0.799392148544298,0.7969,0.8046901077601699,0.7969,0.7969,0.7969,0.799392148544298,0.7969,0.8046901077601699,0.71127313,0.8363,0.8373678040816154,0.8362999999999999,0.8399196749599369,0.8363,0.8363,0.8363,0.8373678040816154,0.8363,0.839919674959937,0.81700253,0.7264,0.7296831688650978,0.7263999999999999,0.7702694809014763,0.7264,0.7264,0.7264,0.7296831688650978,0.7264,0.7702694809014764,1.1117551,0.7782,0.7803086383971963,0.7781999999999999,0.8040917522152398,0.7782,0.7782,0.7782,0.7803086383971963,0.7782,0.8040917522152399
188,99,1,2002.3623662602172,1766.1257402551819,0.5918503,0.7977,0.7997490080589313,0.7977,0.8037208985043144,0.7977,0.7977,0.7977,0.7997490080589313,0.7977,0.8037208985043144,0.69460535,0.8332,0.8343183569244846,0.8332,0.8374624059045155,0.8332,0.8332,0.8332,0.8343183569244845,0.8332,0.8374624059045155,0.9868746,0.682,0.6822255253362068,0.6819999999999999,0.7670189044726721,0.682,0.682,0.682,0.6822255253362068,0.682,0.7670189044726722,1.0983884,0.7785,0.7819154500925045,0.7785,0.8091244210109684,0.7785,0.7785,0.7785,0.7819154500925044,0.7785,0.8091244210109684
189,99,1,2002.3515806475743,1767.1935159069214,0.5951715,0.7928,0.7951523541584621,0.7928,0.8006897321752552,0.7928,0.7928,0.7928,0.7951523541584622,0.7928,0.8006897321752551,0.70428485,0.8307,0.8319562585580883,0.8307,0.8362599059489695,0.8307,0.8307,0.8307,0.8319562585580881,0.8307,0.8362599059489694,0.8528179,0.7091,0.7142340945341932,0.7091000000000001,0.7680928458477176,0.7091,0.7091,0.7091,0.7142340945341933,0.7091,0.7680928458477176,1.2058281,0.7624,0.7657126073837843,0.7624000000000001,0.8010994488364094,0.7624,0.7624,0.7624,0.7657126073837842,0.7624,0.8010994488364096
190,99,1,2002.3804392186564,1764.336517369757,0.5833771,0.7978,0.7995653468765183,0.7978,0.80314404707349,0.7978,0.7978,0.7978,0.7995653468765181,0.7978,0.8031440470734899,0.712637,0.8329,0.834215512574621,0.8329000000000001,0.8379285333984621,0.8329000000000001,0.8329,0.8329,0.8342155125746209,0.8329,0.8379285333984621,0.9216338,0.6882,0.692932370302176,0.6881999999999999,0.7664031768580726,0.6882,0.6882,0.6882,0.6929323703021761,0.6882,0.7664031768580725,1.1742265,0.7574,0.7624270694046194,0.7574000000000001,0.8037827063696164,0.7574,0.7574,0.7574,0.7624270694046192,0.7574,0.8037827063696161
191,99,1,2002.3628914359902,1766.0737478538717,0.5880898,0.7986,0.8007911251777701,0.7986000000000001,0.805638094571606,0.7986,0.7986,0.7986,0.8007911251777702,0.7986,0.8056380945716057,0.70836085,0.8321,0.8330763693760886,0.8321,0.8361916397122264,0.8321,0.8321,0.8321,0.8330763693760885,0.8321,0.8361916397122267,0.86490715,0.7131,0.7157527735835763,0.7131,0.7663089819149403,0.7130999999999998,0.7131,0.7131,0.7157527735835763,0.7131,0.7663089819149402,1.172066,0.7691,0.7713216508595506,0.7691,0.802475034623423,0.7691000000000001,0.7691,0.7691,0.7713216508595506,0.7691,0.8024750346234231
192,99,1,2002.3782464836368,1764.5535981369346,0.5856084,0.7982,0.800780249182967,0.7982,0.8065051030812675,0.7981999999999999,0.7982,0.7982,0.800780249182967,0.7982,0.8065051030812675,0.7156918,0.832,0.8329808194534511,0.8320000000000001,0.8362205136956236,0.832,0.832,0.832,0.8329808194534509,0.832,0.8362205136956236,0.8399253,0.7191,0.7195880584200655,0.7191,0.7635180565609148,0.7191,0.7191,0.7191,0.7195880584200655,0.7191,0.7635180565609148,1.1397463,0.7663,0.7689595638423594,0.7663000000000001,0.8012659439805772,0.7663,0.7663,0.7663,0.7689595638423593,0.7663,0.8012659439805772
193,99,1,2002.392955765397,1763.097379242889,0.58907974,0.7979,0.7997954500932872,0.7979,0.8050932034575571,0.7979,0.7979,0.7979,0.7997954500932873,0.7979,0.805093203457557,0.7240949,0.832,0.8331986652769838,0.8320000000000001,0.835995451683455,0.832,0.832,0.832,0.8331986652769838,0.832,0.8359954516834552,0.8103793,0.7277,0.7318795974064921,0.7277,0.775598828207873,0.7277,0.7277,0.7277,0.7318795974064921,0.7277,0.775598828207873,1.1385674,0.7693,0.7718812586489097,0.7693000000000001,0.8003661370735268,0.7693,0.7693,0.7693,0.7718812586489097,0.7693,0.8003661370735267
194,99,1,2002.403285140311,1762.0747711265037,0.5997873,0.7925,0.7949967798158095,0.7925,0.800263180783042,0.7925,0.7925,0.7925,0.7949967798158096,0.7925,0.8002631807830421,0.7185894,0.8356,0.83661816766373,0.8356,0.8394609242657666,0.8355999999999999,0.8356,0.8356,0.83661816766373,0.8356,0.8394609242657665,0.9943522,0.6678,0.666207107860959,0.6678000000000001,0.758114004918595,0.6678,0.6678,0.6678,0.6662071078609592,0.6678,0.7581140049185948,1.1577208,0.7633,0.767011932199176,0.7633,0.8002099307675428,0.7633,0.7633,0.7633,0.767011932199176,0.7633,0.8002099307675427
195,99,1,2002.3994669534472,1762.4527716260309,0.60364,0.7949,0.7972078587856504,0.7948999999999999,0.8022834288377384,0.7949,0.7949,0.7949,0.7972078587856503,0.7949,0.8022834288377383,0.70865196,0.8289,0.8303945757827629,0.8289,0.8341790777871493,0.8289,0.8289,0.8289,0.8303945757827631,0.8289,0.8341790777871491,1.1862099,0.6165,0.6335718695855597,0.6165,0.7773742067266395,0.6165,0.6165,0.6165,0.6335718695855599,0.6165,0.7773742067266396,1.1169647,0.7636,0.7683575511129218,0.7636000000000001,0.8019540069206812,0.7636,0.7636,0.7636,0.7683575511129219,0.7636,0.8019540069206813
196,99,1,2002.403460154871,1762.0574446852177,0.60562044,0.7901,0.7929555827985489,0.7901,0.8005543360023328,0.7901,0.7901,0.7901,0.792955582798549,0.7901,0.8005543360023328,0.7016723,0.8314,0.8330885413710387,0.8314,0.8370301462619697,0.8314,0.8314,0.8314,0.8330885413710388,0.8314,0.8370301462619696,1.0451537,0.654,0.6648358876359055,0.6539999999999999,0.769417193574264,0.654,0.654,0.654,0.6648358876359056,0.654,0.769417193574264,1.0722944,0.7732,0.7778687040168114,0.7732,0.8091693116299374,0.7732,0.7732,0.7732,0.7778687040168115,0.7732,0.8091693116299375
197,99,1,2002.4448902657732,1757.9558637059542,0.6008766,0.7928,0.794779861485001,0.7928,0.7996852542715789,0.7928,0.7928,0.7928,0.7947798614850011,0.7928,0.7996852542715789,0.7008217,0.8344,0.8356829335063127,0.8343999999999999,0.8391252685914538,0.8344,0.8344,0.8344,0.8356829335063126,0.8344,0.8391252685914539,0.92077947,0.696,0.6986609452379469,0.6960000000000001,0.7671153265573508,0.696,0.696,0.696,0.6986609452379469,0.696,0.7671153265573508,1.1138555,0.7635,0.7706875323268451,0.7635,0.809579807278519,0.7635,0.7635,0.7635,0.7706875323268451,0.7635,0.8095798072785189
198,99,1,2002.4356755119086,1758.8681243385554,0.5983241,0.7959,0.7990640421793104,0.7958999999999999,0.8077825977727372,0.7959,0.7959,0.7959,0.7990640421793104,0.7959,0.8077825977727371,0.70250535,0.8293,0.8310244848938483,0.8292999999999999,0.8356874844753415,0.8293,0.8293,0.8293,0.8310244848938483,0.8293,0.8356874844753415,0.97224385,0.6768,0.6915021271258295,0.6768000000000001,0.7797458751331323,0.6768,0.6768,0.6768,0.6915021271258295,0.6768,0.7797458751331323,1.0699264,0.7738,0.7797505245700259,0.7737999999999999,0.8122303697183207,0.7738000000000002,0.7738,0.7738,0.7797505245700259,0.7738,0.8122303697183207
199,99,1,2002.4352227972427,1758.91294309066,0.5942623,0.7931,0.7959215883132357,0.7931,0.8018813062199579,0.7931,0.7931,0.7931,0.7959215883132357,0.7931,0.8018813062199577,0.71223754,0.8314,0.8326163774953947,0.8314,0.8362699745096226,0.8314,0.8314,0.8314,0.8326163774953947,0.8314,0.8362699745096226,0.97348887,0.6713,0.6850659545412725,0.6712999999999999,0.7757586617099237,0.6713,0.6713,0.6713,0.6850659545412725,0.6713,0.7757586617099235,1.0944895,0.7732,0.7777129508216645,0.7732,0.8076370642558632,0.7732,0.7732,0.7732,0.7777129508216645,0.7732,0.8076370642558633
200,99,1,2002.4577220515007,1756.6855169190596,0.5898812,0.7978,0.7997732161813869,0.7978,0.8055019530371833,0.7978,0.7978,0.7978,0.799773216181387,0.7978,0.8055019530371834,0.68804103,0.8351,0.8362188241658265,0.8351,0.8388421878491854,0.8351,0.8351,0.8351,0.8362188241658267,0.8351,0.8388421878491854,1.1384037,0.6198,0.6484492232088989,0.6197999999999999,0.7875827560216607,0.6198,0.6198,0.6198,0.6484492232088988,0.6198,0.7875827560216607,1.06367,0.7866,0.7889610676794093,0.7866,0.8104509087520526,0.7866,0.7866,0.7866,0.7889610676794092,0.7866,0.8104509087520525
